;  LST file generated by mikroListExporter - v.2.0 
; Date/Time: 24/03/2026 10:37:21 PM
;----------------------------------------------

;Address Opcode 	ASM
0x0000	0xF00BEF3B  	GOTO        5750
_interrupt:
;MyProject.c,21 :: 		void interrupt()
0x0008	0xF01EC000  	MOVFF       R0, 30
0x000C	0xF01DC001  	MOVFF       R1, 29
0x0010	0xF01CC002  	MOVFF       R2, 28
0x0014	0xF01BC003  	MOVFF       R3, 27
0x0018	0xF01AC004  	MOVFF       R4, 26
0x001C	0xF019C005  	MOVFF       R5, 25
0x0020	0xF018C008  	MOVFF       R8, 24
0x0024	0xF017C009  	MOVFF       R9, 23
0x0028	0xF016C00A  	MOVFF       R10, 22
0x002C	0xF015C00B  	MOVFF       R11, 21
;MyProject.c,23 :: 		if (PIR2.USBIF == 1){
0x0030	0xF027CFE1  	MOVFF       FSR1L, 39
0x0034	0xF028CFE2  	MOVFF       FSR1H, 40
0x0038	0xF025CFE9  	MOVFF       FSR0L, 37
0x003C	0xF026CFEA  	MOVFF       FSR0H, 38
0x0040	0xF023CFF3  	MOVFF       PROD, 35
0x0044	0xF024CFF4  	MOVFF       PRODH, 36
0x0048	0xF022CFF5  	MOVFF       TABLAT, 34
0x004C	0xF01FCFF8  	MOVFF       TBLPTRU, 31
0x0050	0xF020CFF7  	MOVFF       TBLPTRH, 32
0x0054	0xF021CFF6  	MOVFF       TBLPTR, 33
0x0058	0xAAA1      	BTFSS       PIR2, 5 
0x005A	0xD003      	BRA         L_interrupt0
;MyProject.c,24 :: 		PIR2.USBIF = 0;
0x005C	0x9AA1      	BCF         PIR2, 5 
;MyProject.c,25 :: 		USB_Interrupt_Proc();
0x005E	0xF00AEC1A  	CALL        _USB_Interrupt_Proc, 0
;MyProject.c,26 :: 		}
L_interrupt0:
;MyProject.c,28 :: 		if (INTCON.INT0IF == 1)
0x0062	0xA2F2      	BTFSS       INTCON, 1 
0x0064	0xD005      	BRA         L_interrupt1
;MyProject.c,30 :: 		INTCON.INT0IF = 0;
0x0066	0x92F2      	BCF         INTCON, 1 
;MyProject.c,31 :: 		count_1++;
0x0068	0x2A2A      	INCF        _count_1, 1 
;MyProject.c,32 :: 		writebuff[0] = count_1;
0x006A	0xF540C02A  	MOVFF       _count_1, _writebuff
;MyProject.c,33 :: 		SW_trigger = SW1;
0x006E	0x6A29      	CLRF        _SW_trigger 
;MyProject.c,34 :: 		}
L_interrupt1:
;MyProject.c,36 :: 		if (INTCON3.INT1IF == 1){
0x0070	0xA0F0      	BTFSS       INTCON3, 0 
0x0072	0xD008      	BRA         L_interrupt2
;MyProject.c,37 :: 		INTCON3.INT1IF = 0;
0x0074	0x90F0      	BCF         INTCON3, 0 
;MyProject.c,38 :: 		LATE.LATE0 = ~PORTE.RE0;
0x0076	0xB084      	BTFSC       PORTE, 0 
0x0078	0xD002      	BRA         L__interrupt24
0x007A	0x808D      	BSF         LATE, 0 
0x007C	0xD001      	BRA         L__interrupt25
L__interrupt24:
0x007E	0x908D      	BCF         LATE, 0 
L__interrupt25:
;MyProject.c,39 :: 		SW_trigger = SW2;
0x0080	0x0E01      	MOVLW       1
0x0082	0x6E29      	MOVWF       _SW_trigger 
;MyProject.c,40 :: 		}
L_interrupt2:
;MyProject.c,42 :: 		}
L_end_interrupt:
L__interrupt23:
0x0084	0xFFF5C022  	MOVFF       34, TABLAT
0x0088	0xFFF8C01F  	MOVFF       31, TBLPTRU
0x008C	0xFFF7C020  	MOVFF       32, TBLPTRH
0x0090	0xFFF6C021  	MOVFF       33, TBLPTR
0x0094	0xFFF3C023  	MOVFF       35, PROD
0x0098	0xFFF4C024  	MOVFF       36, PRODH
0x009C	0xF000C01E  	MOVFF       30, R0
0x00A0	0xF001C01D  	MOVFF       29, R1
0x00A4	0xF002C01C  	MOVFF       28, R2
0x00A8	0xF003C01B  	MOVFF       27, R3
0x00AC	0xF004C01A  	MOVFF       26, R4
0x00B0	0xF005C019  	MOVFF       25, R5
0x00B4	0xF008C018  	MOVFF       24, R8
0x00B8	0xF009C017  	MOVFF       23, R9
0x00BC	0xF00AC016  	MOVFF       22, R10
0x00C0	0xF00BC015  	MOVFF       21, R11
0x00C4	0xFFE9C025  	MOVFF       37, FSR0L
0x00C8	0xFFEAC026  	MOVFF       38, FSR0H
0x00CC	0xFFE1C027  	MOVFF       39, FSR1L
0x00D0	0xFFE2C028  	MOVFF       40, FSR1H
0x00D4	0x0011      	RETFIE      1
; end of _interrupt
__Lib_USB_genHID_USB_CB_Init_EP:
;__Lib_USB_genHID.c,4490 :: 		
;__Lib_USB_genHID.c,4491 :: 		
0x00D6	0x0E1E      	MOVLW       30
0x00D8	0x6E71      	MOVWF       UEP1 
;__Lib_USB_genHID.c,4493 :: 		
0x00DA	0x0E10      	MOVLW       __Lib_USB_genHID_BDT+16
0x00DC	0x6E31      	MOVWF       __Lib_USB_genHID_BDTEntry_OutPtr+2 
0x00DE	0x0E04      	MOVLW       hi_addr(__Lib_USB_genHID_BDT+16)
0x00E0	0x6E32      	MOVWF       __Lib_USB_genHID_BDTEntry_OutPtr+3 
;__Lib_USB_genHID.c,4494 :: 		
0x00E2	0xFFE1C031  	MOVFF       __Lib_USB_genHID_BDTEntry_OutPtr+2, FSR1L
0x00E6	0xFFE2C032  	MOVFF       __Lib_USB_genHID_BDTEntry_OutPtr+3, FSR1H
0x00EA	0x9EE6      	BCF         POSTINC1, 7 
;__Lib_USB_genHID.c,4495 :: 		
0x00EC	0xFFE1C031  	MOVFF       __Lib_USB_genHID_BDTEntry_OutPtr+2, FSR1L
0x00F0	0xFFE2C032  	MOVFF       __Lib_USB_genHID_BDTEntry_OutPtr+3, FSR1H
0x00F4	0x9CE6      	BCF         POSTINC1, 6 
;__Lib_USB_genHID.c,4496 :: 		
0x00F6	0x0E04      	MOVLW       4
0x00F8	0x2431      	ADDWF       __Lib_USB_genHID_BDTEntry_OutPtr+2, 0 
0x00FA	0x6EE1      	MOVWF       FSR1L 
0x00FC	0x0E00      	MOVLW       0
0x00FE	0x2032      	ADDWFC      __Lib_USB_genHID_BDTEntry_OutPtr+3, 0 
0x0100	0x6EE2      	MOVWF       FSR1L+1 
0x0102	0x8CE6      	BSF         POSTINC1, 6 
;__Lib_USB_genHID.c,4498 :: 		
0x0104	0x0E18      	MOVLW       __Lib_USB_genHID_BDT+24
0x0106	0x6E2D      	MOVWF       __Lib_USB_genHID_BDTEntry_InPtr+2 
0x0108	0x0E04      	MOVLW       hi_addr(__Lib_USB_genHID_BDT+24)
0x010A	0x6E2E      	MOVWF       __Lib_USB_genHID_BDTEntry_InPtr+3 
;__Lib_USB_genHID.c,4499 :: 		
0x010C	0xFFE1C02D  	MOVFF       __Lib_USB_genHID_BDTEntry_InPtr+2, FSR1L
0x0110	0xFFE2C02E  	MOVFF       __Lib_USB_genHID_BDTEntry_InPtr+3, FSR1H
0x0114	0x9EE6      	BCF         POSTINC1, 7 
;__Lib_USB_genHID.c,4500 :: 		
0x0116	0xFFE1C02D  	MOVFF       __Lib_USB_genHID_BDTEntry_InPtr+2, FSR1L
0x011A	0xFFE2C02E  	MOVFF       __Lib_USB_genHID_BDTEntry_InPtr+3, FSR1H
0x011E	0x9CE6      	BCF         POSTINC1, 6 
;__Lib_USB_genHID.c,4501 :: 		
0x0120	0x0E04      	MOVLW       4
0x0122	0x242D      	ADDWF       __Lib_USB_genHID_BDTEntry_InPtr+2, 0 
0x0124	0x6EE1      	MOVWF       FSR1L 
0x0126	0x0E00      	MOVLW       0
0x0128	0x202E      	ADDWFC      __Lib_USB_genHID_BDTEntry_InPtr+3, 0 
0x012A	0x6EE2      	MOVWF       FSR1L+1 
0x012C	0x8CE6      	BSF         POSTINC1, 6 
;__Lib_USB_genHID.c,4503 :: 		
0x012E	0x0E02      	MOVLW       2
0x0130	0x2431      	ADDWF       __Lib_USB_genHID_BDTEntry_OutPtr+2, 0 
0x0132	0x6EE1      	MOVWF       FSR1L 
0x0134	0x0E00      	MOVLW       0
0x0136	0x2032      	ADDWFC      __Lib_USB_genHID_BDTEntry_OutPtr+3, 0 
0x0138	0x6EE2      	MOVWF       FSR1L+1 
0x013A	0xFFE6C034  	MOVFF       __Lib_USB_genHID_USB_Read_Buffer, POSTINC1
0x013E	0xFFE6C035  	MOVFF       __Lib_USB_genHID_USB_Read_Buffer+1, POSTINC1
;__Lib_USB_genHID.c,4504 :: 		
0x0142	0x0E01      	MOVLW       1
0x0144	0x2431      	ADDWF       __Lib_USB_genHID_BDTEntry_OutPtr+2, 0 
0x0146	0x6EE1      	MOVWF       FSR1L 
0x0148	0x0E00      	MOVLW       0
0x014A	0x2032      	ADDWFC      __Lib_USB_genHID_BDTEntry_OutPtr+3, 0 
0x014C	0x6EE2      	MOVWF       FSR1L+1 
0x014E	0x0E40      	MOVLW       64
0x0150	0x6EE6      	MOVWF       POSTINC1 
;__Lib_USB_genHID.c,4505 :: 		
0x0152	0xFFE9C031  	MOVFF       __Lib_USB_genHID_BDTEntry_OutPtr+2, FSR0L
0x0156	0xFFEAC032  	MOVFF       __Lib_USB_genHID_BDTEntry_OutPtr+3, FSR0H
0x015A	0xF000CFEE  	MOVFF       POSTINC0, R0
0x015E	0xFFE1C031  	MOVFF       __Lib_USB_genHID_BDTEntry_OutPtr+2, FSR1L
0x0162	0xFFE2C032  	MOVFF       __Lib_USB_genHID_BDTEntry_OutPtr+3, FSR1H
0x0166	0x0E40      	MOVLW       64
0x0168	0x1400      	ANDWF       R0, 0 
0x016A	0x6EE6      	MOVWF       POSTINC1 
;__Lib_USB_genHID.c,4506 :: 		
0x016C	0xFFE9C031  	MOVFF       __Lib_USB_genHID_BDTEntry_OutPtr+2, FSR0L
0x0170	0xFFEAC032  	MOVFF       __Lib_USB_genHID_BDTEntry_OutPtr+3, FSR0H
0x0174	0xF000CFEE  	MOVFF       POSTINC0, R0
0x0178	0x0E88      	MOVLW       136
0x017A	0x1200      	IORWF       R0, 1 
0x017C	0xFFE1C031  	MOVFF       __Lib_USB_genHID_BDTEntry_OutPtr+2, FSR1L
0x0180	0xFFE2C032  	MOVFF       __Lib_USB_genHID_BDTEntry_OutPtr+3, FSR1H
0x0184	0xFFE6C000  	MOVFF       R0, POSTINC1
;__Lib_USB_genHID.c,4507 :: 		
0x0188	0xF038C031  	MOVFF       __Lib_USB_genHID_BDTEntry_OutPtr+2, __Lib_USB_genHID_USB_Out_Handle
0x018C	0xF039C032  	MOVFF       __Lib_USB_genHID_BDTEntry_OutPtr+3, __Lib_USB_genHID_USB_Out_Handle+1
;__Lib_USB_genHID.c,4509 :: 		
0x0190	0x0E04      	MOVLW       4
0x0192	0x1831      	XORWF       __Lib_USB_genHID_BDTEntry_OutPtr+2, 0 
0x0194	0x6E00      	MOVWF       R0 
0x0196	0xF031C000  	MOVFF       R0, __Lib_USB_genHID_BDTEntry_OutPtr+2
;__Lib_USB_genHID.c,4524 :: 		
L_end_USB_CB_Init_EP:
0x019A	0x0012      	RETURN      0
; end of __Lib_USB_genHID_USB_CB_Init_EP
_Mul_16X16_U:
;__Lib_Math.c,440 :: 		
;__Lib_Math.c,447 :: 		
0x019C	0x6A0B      	CLRF        R11, 0
;__Lib_Math.c,448 :: 		
0x019E	0x6A0A      	CLRF        R10, 0
;__Lib_Math.c,449 :: 		
0x01A0	0x6A09      	CLRF        R9, 0
;__Lib_Math.c,450 :: 		
0x01A2	0x5000      	MOVF        R0, 0, 0
;__Lib_Math.c,451 :: 		
0x01A4	0x0204      	MULWF       R4, 0
;__Lib_Math.c,453 :: 		
0x01A6	0xF009CFF4  	MOVFF       PRODH, R9
;__Lib_Math.c,454 :: 		
0x01AA	0xF008CFF3  	MOVFF       PRODL, R8
;__Lib_Math.c,455 :: 		
0x01AE	0x5001      	MOVF        R1, 0, 0
;__Lib_Math.c,456 :: 		
0x01B0	0x0205      	MULWF       R5, 0
;__Lib_Math.c,458 :: 		
0x01B2	0xF00BCFF4  	MOVFF       PRODH, R11
;__Lib_Math.c,459 :: 		
0x01B6	0xF00ACFF3  	MOVFF       PRODL, R10
;__Lib_Math.c,460 :: 		
0x01BA	0x5000      	MOVF        R0, 0, 0
;__Lib_Math.c,461 :: 		
0x01BC	0x0205      	MULWF       R5, 0
;__Lib_Math.c,463 :: 		
0x01BE	0x50F3      	MOVF        PRODL, 0, 0
;__Lib_Math.c,464 :: 		
0x01C0	0x2609      	ADDWF       R9, 1, 0
;__Lib_Math.c,465 :: 		
0x01C2	0x50F4      	MOVF        PRODH, 0, 0
;__Lib_Math.c,466 :: 		
0x01C4	0x220A      	ADDWFC      R10, 1, 0
;__Lib_Math.c,467 :: 		
0x01C6	0x6AE8      	CLRF        WREG, 0
;__Lib_Math.c,468 :: 		
0x01C8	0x220B      	ADDWFC      R11, 1, 0
;__Lib_Math.c,469 :: 		
0x01CA	0x5001      	MOVF        R1, 0, 0
;__Lib_Math.c,470 :: 		
0x01CC	0x0204      	MULWF       R4, 0
;__Lib_Math.c,472 :: 		
0x01CE	0x50F3      	MOVF        PRODL, 0, 0
;__Lib_Math.c,473 :: 		
0x01D0	0x2609      	ADDWF       R9, 1, 0
;__Lib_Math.c,474 :: 		
0x01D2	0x50F4      	MOVF        PRODH, 0, 0
;__Lib_Math.c,475 :: 		
0x01D4	0x220A      	ADDWFC      R10, 1, 0
;__Lib_Math.c,476 :: 		
0x01D6	0x6AE8      	CLRF        WREG, 0
;__Lib_Math.c,477 :: 		
0x01D8	0x220B      	ADDWFC      R11, 1, 0
;__Lib_Math.c,479 :: 		
0x01DA	0xF000C008  	MOVFF       R8, R0
;__Lib_Math.c,480 :: 		
0x01DE	0xF001C009  	MOVFF       R9, R1
;__Lib_Math.c,481 :: 		
0x01E2	0xF002C00A  	MOVFF       R10, R2
;__Lib_Math.c,482 :: 		
0x01E6	0xF003C00B  	MOVFF       R11, R3
;__Lib_Math.c,485 :: 		
L_end_Mul_16X16_U:
0x01EA	0x0012      	RETURN      0
; end of _Mul_16X16_U
__Lib_USB_genHID_USB_Get_Status_Handler:
;__Lib_USB_genHID.c,3623 :: 		
;__Lib_USB_genHID.c,3625 :: 		
0x01EC	0x0104      	MOVLB       4
0x01EE	0x6B28      	CLRF        __Lib_USB_genHID_CtrlTrfData, 1
;__Lib_USB_genHID.c,3626 :: 		
0x01F0	0x6B29      	CLRF        1065, 1
;__Lib_USB_genHID.c,3628 :: 		
0x01F2	0xD042      	BRA         L___Lib_USB_genHID_USB_Get_Status_Handler157
;__Lib_USB_genHID.c,3629 :: 		
L___Lib_USB_genHID_USB_Get_Status_Handler159:
;__Lib_USB_genHID.c,3630 :: 		
0x01F4	0x8E49      	BSF         __Lib_USB_genHID_inPipes+3, 7 
;__Lib_USB_genHID.c,3637 :: 		
0x01F6	0x8128      	BSF         __Lib_USB_genHID_CtrlTrfData, 0, 1
;__Lib_USB_genHID.c,3640 :: 		
0x01F8	0x5033      	MOVF        __Lib_USB_genHID_RemoteWakeup, 0 
0x01FA	0x0A01      	XORLW       1
0x01FC	0xB4D8      	BTFSC       STATUS, 2 
;__Lib_USB_genHID.c,3641 :: 		
0x01FE	0x8328      	BSF         __Lib_USB_genHID_CtrlTrfData, 1, 1
;__Lib_USB_genHID.c,3642 :: 		
L___Lib_USB_genHID_USB_Get_Status_Handler161:
;__Lib_USB_genHID.c,3643 :: 		
0x0200	0xD050      	BRA         L___Lib_USB_genHID_USB_Get_Status_Handler158
;__Lib_USB_genHID.c,3644 :: 		
L___Lib_USB_genHID_USB_Get_Status_Handler162:
;__Lib_USB_genHID.c,3645 :: 		
0x0202	0x8E49      	BSF         __Lib_USB_genHID_inPipes+3, 7 
;__Lib_USB_genHID.c,3646 :: 		
0x0204	0xD04E      	BRA         L___Lib_USB_genHID_USB_Get_Status_Handler158
;__Lib_USB_genHID.c,3647 :: 		
L___Lib_USB_genHID_USB_Get_Status_Handler163:
;__Lib_USB_genHID.c,3648 :: 		
0x0206	0x8E49      	BSF         __Lib_USB_genHID_inPipes+3, 7 
;__Lib_USB_genHID.c,3655 :: 		
0x0208	0xBF24      	BTFSC       1060, 7, 1
0x020A	0xD016      	BRA         L___Lib_USB_genHID_USB_Get_Status_Handler164
;__Lib_USB_genHID.c,3656 :: 		
0x020C	0xF003C424  	MOVFF       1060, R3
0x0210	0x0E0F      	MOVLW       15
0x0212	0x1603      	ANDWF       R3, 1 
0x0214	0xF000C003  	MOVFF       R3, R0
0x0218	0x0E00      	MOVLW       0
0x021A	0x6E01      	MOVWF       R1 
0x021C	0x3600      	RLCF        R0, 1 
0x021E	0x9000      	BCF         R0, 0 
0x0220	0x3601      	RLCF        R1, 1 
0x0222	0x0E2F      	MOVLW       __Lib_USB_genHID_BDTEntry_OutPtr
0x0224	0x2400      	ADDWF       R0, 0 
0x0226	0x6EE9      	MOVWF       FSR0L 
0x0228	0x0E00      	MOVLW       hi_addr(__Lib_USB_genHID_BDTEntry_OutPtr)
0x022A	0x2001      	ADDWFC      R1, 0 
0x022C	0x6EEA      	MOVWF       FSR0L+1 
0x022E	0xF004CFEE  	MOVFF       POSTINC0, R4
0x0232	0xF005CFEE  	MOVFF       POSTINC0, R5
;__Lib_USB_genHID.c,3657 :: 		
0x0236	0xD015      	BRA         L___Lib_USB_genHID_USB_Get_Status_Handler165
L___Lib_USB_genHID_USB_Get_Status_Handler164:
;__Lib_USB_genHID.c,3658 :: 		
0x0238	0xF003C424  	MOVFF       1060, R3
0x023C	0x0E0F      	MOVLW       15
0x023E	0x1603      	ANDWF       R3, 1 
0x0240	0xF000C003  	MOVFF       R3, R0
0x0244	0x0E00      	MOVLW       0
0x0246	0x6E01      	MOVWF       R1 
0x0248	0x3600      	RLCF        R0, 1 
0x024A	0x9000      	BCF         R0, 0 
0x024C	0x3601      	RLCF        R1, 1 
0x024E	0x0E2B      	MOVLW       __Lib_USB_genHID_BDTEntry_InPtr
0x0250	0x2400      	ADDWF       R0, 0 
0x0252	0x6EE9      	MOVWF       FSR0L 
0x0254	0x0E00      	MOVLW       hi_addr(__Lib_USB_genHID_BDTEntry_InPtr)
0x0256	0x2001      	ADDWFC      R1, 0 
0x0258	0x6EEA      	MOVWF       FSR0L+1 
0x025A	0xF004CFEE  	MOVFF       POSTINC0, R4
0x025E	0xF005CFEE  	MOVFF       POSTINC0, R5
;__Lib_USB_genHID.c,3659 :: 		
L___Lib_USB_genHID_USB_Get_Status_Handler165:
;__Lib_USB_genHID.c,3661 :: 		
0x0262	0xFFE9C004  	MOVFF       R4, FSR0L
0x0266	0xFFEAC005  	MOVFF       R5, FSR0H
0x026A	0xF001CFEE  	MOVFF       POSTINC0, R1
0x026E	0xA401      	BTFSS       R1, 2 
0x0270	0xD002      	BRA         L___Lib_USB_genHID_USB_Get_Status_Handler166
;__Lib_USB_genHID.c,3662 :: 		
0x0272	0x0E01      	MOVLW       1
0x0274	0x6F28      	MOVWF       __Lib_USB_genHID_CtrlTrfData, 1
L___Lib_USB_genHID_USB_Get_Status_Handler166:
;__Lib_USB_genHID.c,3663 :: 		
0x0276	0xD015      	BRA         L___Lib_USB_genHID_USB_Get_Status_Handler158
;__Lib_USB_genHID.c,3665 :: 		
L___Lib_USB_genHID_USB_Get_Status_Handler157:
0x0278	0xF001C420  	MOVFF       __Lib_USB_genHID_SetupPkt, R1
0x027C	0x0E1F      	MOVLW       31
0x027E	0x1601      	ANDWF       R1, 1 
0x0280	0x5001      	MOVF        R1, 0 
0x0282	0x0A00      	XORLW       0
0x0284	0xE0B7      	BZ          L___Lib_USB_genHID_USB_Get_Status_Handler159
0x0286	0xF001C420  	MOVFF       __Lib_USB_genHID_SetupPkt, R1
0x028A	0x0E1F      	MOVLW       31
0x028C	0x1601      	ANDWF       R1, 1 
0x028E	0x5001      	MOVF        R1, 0 
0x0290	0x0A01      	XORLW       1
0x0292	0xE0B7      	BZ          L___Lib_USB_genHID_USB_Get_Status_Handler162
0x0294	0xF001C420  	MOVFF       __Lib_USB_genHID_SetupPkt, R1
0x0298	0x0E1F      	MOVLW       31
0x029A	0x1601      	ANDWF       R1, 1 
0x029C	0x5001      	MOVF        R1, 0 
0x029E	0x0A02      	XORLW       2
0x02A0	0xE0B2      	BZ          L___Lib_USB_genHID_USB_Get_Status_Handler163
L___Lib_USB_genHID_USB_Get_Status_Handler158:
;__Lib_USB_genHID.c,3667 :: 		
0x02A2	0xAE49      	BTFSS       __Lib_USB_genHID_inPipes+3, 7 
0x02A4	0xD007      	BRA         L___Lib_USB_genHID_USB_Get_Status_Handler167
;__Lib_USB_genHID.c,3668 :: 		
0x02A6	0x0E28      	MOVLW       __Lib_USB_genHID_CtrlTrfData
0x02A8	0x6E46      	MOVWF       __Lib_USB_genHID_inPipes 
0x02AA	0x0E04      	MOVLW       hi_addr(__Lib_USB_genHID_CtrlTrfData)
0x02AC	0x6E47      	MOVWF       __Lib_USB_genHID_inPipes+1 
;__Lib_USB_genHID.c,3669 :: 		
0x02AE	0x8049      	BSF         __Lib_USB_genHID_inPipes+3, 0 
;__Lib_USB_genHID.c,3670 :: 		
0x02B0	0x0E02      	MOVLW       2
0x02B2	0x6E4A      	MOVWF       __Lib_USB_genHID_inPipes+4 
;__Lib_USB_genHID.c,3671 :: 		
L___Lib_USB_genHID_USB_Get_Status_Handler167:
;__Lib_USB_genHID.c,3672 :: 		
L_end_USB_Get_Status_Handler:
0x02B4	0x0012      	RETURN      0
; end of __Lib_USB_genHID_USB_Get_Status_Handler
__Lib_USB_genHID_USB_Std_Feature_Req_Handler:
;__Lib_USB_genHID.c,3481 :: 		
;__Lib_USB_genHID.c,3487 :: 		
0x02B6	0x0104      	MOVLB       4
0x02B8	0x5122      	MOVF        1058, 0, 1
0x02BA	0x0A01      	XORLW       1
0x02BC	0xE10F      	BNZ         L___Lib_USB_genHID_USB_Std_Feature_Req_Handler136
0x02BE	0xF001C420  	MOVFF       __Lib_USB_genHID_SetupPkt, R1
0x02C2	0x0E1F      	MOVLW       31
0x02C4	0x1601      	ANDWF       R1, 1 
0x02C6	0x5001      	MOVF        R1, 0 
0x02C8	0x0A00      	XORLW       0
0x02CA	0xE108      	BNZ         L___Lib_USB_genHID_USB_Std_Feature_Req_Handler136
L___Lib_USB_genHID_USB_Std_Feature_Req_Handler277:
;__Lib_USB_genHID.c,3488 :: 		
0x02CC	0x8E49      	BSF         __Lib_USB_genHID_inPipes+3, 7 
;__Lib_USB_genHID.c,3489 :: 		
0x02CE	0x5121      	MOVF        1057, 0, 1
0x02D0	0x0A03      	XORLW       3
0x02D2	0xE103      	BNZ         L___Lib_USB_genHID_USB_Std_Feature_Req_Handler137
;__Lib_USB_genHID.c,3490 :: 		
0x02D4	0x0E01      	MOVLW       1
0x02D6	0x6E33      	MOVWF       __Lib_USB_genHID_RemoteWakeup 
0x02D8	0xD001      	BRA         L___Lib_USB_genHID_USB_Std_Feature_Req_Handler138
L___Lib_USB_genHID_USB_Std_Feature_Req_Handler137:
;__Lib_USB_genHID.c,3492 :: 		
0x02DA	0x6A33      	CLRF        __Lib_USB_genHID_RemoteWakeup 
L___Lib_USB_genHID_USB_Std_Feature_Req_Handler138:
;__Lib_USB_genHID.c,3493 :: 		
L___Lib_USB_genHID_USB_Std_Feature_Req_Handler136:
;__Lib_USB_genHID.c,3496 :: 		
0x02DC	0x5122      	MOVF        1058, 0, 1
0x02DE	0x0A00      	XORLW       0
0x02E0	0xA4D8      	BTFSS       STATUS, 2 
0x02E2	0xD08B      	BRA         L___Lib_USB_genHID_USB_Std_Feature_Req_Handler141
0x02E4	0xF001C420  	MOVFF       __Lib_USB_genHID_SetupPkt, R1
0x02E8	0x0E1F      	MOVLW       31
0x02EA	0x1601      	ANDWF       R1, 1 
0x02EC	0x5001      	MOVF        R1, 0 
0x02EE	0x0A02      	XORLW       2
0x02F0	0xA4D8      	BTFSS       STATUS, 2 
0x02F2	0xD083      	BRA         L___Lib_USB_genHID_USB_Std_Feature_Req_Handler141
;__Lib_USB_genHID.c,3497 :: 		
0x02F4	0xF001C424  	MOVFF       1060, R1
0x02F8	0x0E0F      	MOVLW       15
0x02FA	0x1601      	ANDWF       R1, 1 
0x02FC	0x5001      	MOVF        R1, 0 
0x02FE	0x0A00      	XORLW       0
0x0300	0xB4D8      	BTFSC       STATUS, 2 
0x0302	0xD07B      	BRA         L___Lib_USB_genHID_USB_Std_Feature_Req_Handler141
L___Lib_USB_genHID_USB_Std_Feature_Req_Handler276:
;__Lib_USB_genHID.c,3498 :: 		
0x0304	0x8E49      	BSF         __Lib_USB_genHID_inPipes+3, 7 
;__Lib_USB_genHID.c,3501 :: 		
0x0306	0xBF24      	BTFSC       1060, 7, 1
0x0308	0xD016      	BRA         L___Lib_USB_genHID_USB_Std_Feature_Req_Handler142
;__Lib_USB_genHID.c,3502 :: 		
0x030A	0xF003C424  	MOVFF       1060, R3
0x030E	0x0E0F      	MOVLW       15
0x0310	0x1603      	ANDWF       R3, 1 
0x0312	0xF000C003  	MOVFF       R3, R0
0x0316	0x0E00      	MOVLW       0
0x0318	0x6E01      	MOVWF       R1 
0x031A	0x3600      	RLCF        R0, 1 
0x031C	0x9000      	BCF         R0, 0 
0x031E	0x3601      	RLCF        R1, 1 
0x0320	0x0E2F      	MOVLW       __Lib_USB_genHID_BDTEntry_OutPtr
0x0322	0x2400      	ADDWF       R0, 0 
0x0324	0x6EE9      	MOVWF       FSR0L 
0x0326	0x0E00      	MOVLW       hi_addr(__Lib_USB_genHID_BDTEntry_OutPtr)
0x0328	0x2001      	ADDWFC      R1, 0 
0x032A	0x6EEA      	MOVWF       FSR0L+1 
0x032C	0xF004CFEE  	MOVFF       POSTINC0, R4
0x0330	0xF005CFEE  	MOVFF       POSTINC0, R5
;__Lib_USB_genHID.c,3503 :: 		
0x0334	0xD015      	BRA         L___Lib_USB_genHID_USB_Std_Feature_Req_Handler143
L___Lib_USB_genHID_USB_Std_Feature_Req_Handler142:
;__Lib_USB_genHID.c,3504 :: 		
0x0336	0xF003C424  	MOVFF       1060, R3
0x033A	0x0E0F      	MOVLW       15
0x033C	0x1603      	ANDWF       R3, 1 
0x033E	0xF000C003  	MOVFF       R3, R0
0x0342	0x0E00      	MOVLW       0
0x0344	0x6E01      	MOVWF       R1 
0x0346	0x3600      	RLCF        R0, 1 
0x0348	0x9000      	BCF         R0, 0 
0x034A	0x3601      	RLCF        R1, 1 
0x034C	0x0E2B      	MOVLW       __Lib_USB_genHID_BDTEntry_InPtr
0x034E	0x2400      	ADDWF       R0, 0 
0x0350	0x6EE9      	MOVWF       FSR0L 
0x0352	0x0E00      	MOVLW       hi_addr(__Lib_USB_genHID_BDTEntry_InPtr)
0x0354	0x2001      	ADDWFC      R1, 0 
0x0356	0x6EEA      	MOVWF       FSR0L+1 
0x0358	0xF004CFEE  	MOVFF       POSTINC0, R4
0x035C	0xF005CFEE  	MOVFF       POSTINC0, R5
;__Lib_USB_genHID.c,3505 :: 		
L___Lib_USB_genHID_USB_Std_Feature_Req_Handler143:
;__Lib_USB_genHID.c,3508 :: 		
0x0360	0x5121      	MOVF        1057, 0, 1
0x0362	0x0A03      	XORLW       3
0x0364	0xE107      	BNZ         L___Lib_USB_genHID_USB_Std_Feature_Req_Handler144
;__Lib_USB_genHID.c,3510 :: 		
0x0366	0xFFE1C004  	MOVFF       R4, FSR1L
0x036A	0xFFE2C005  	MOVFF       R5, FSR1H
0x036E	0x0E84      	MOVLW       132
0x0370	0x6EE6      	MOVWF       POSTINC1 
;__Lib_USB_genHID.c,3511 :: 		
0x0372	0xD043      	BRA         L___Lib_USB_genHID_USB_Std_Feature_Req_Handler145
L___Lib_USB_genHID_USB_Std_Feature_Req_Handler144:
;__Lib_USB_genHID.c,3516 :: 		
0x0374	0xF000C424  	MOVFF       1060, R0
0x0378	0x0E0F      	MOVLW       15
0x037A	0x1600      	ANDWF       R0, 1 
0x037C	0x0E70      	MOVLW       UEP0
0x037E	0x6E02      	MOVWF       R2 
0x0380	0x0E0F      	MOVLW       hi_addr(UEP0)
0x0382	0x6E03      	MOVWF       R3 
0x0384	0x5000      	MOVF        R0, 0 
0x0386	0x2602      	ADDWF       R2, 1 
0x0388	0xB0D8      	BTFSC       STATUS, 0 
0x038A	0x2A03      	INCF        R3, 1 
;__Lib_USB_genHID.c,3520 :: 		
0x038C	0xFFE9C002  	MOVFF       R2, FSR0L
0x0390	0xFFEAC003  	MOVFF       R3, FSR0H
0x0394	0x0EFE      	MOVLW       254
0x0396	0x14EE      	ANDWF       POSTINC0, 0 
0x0398	0x6E00      	MOVWF       R0 
0x039A	0xF001CFEE  	MOVFF       POSTINC0, R1
0x039E	0x0EFF      	MOVLW       255
0x03A0	0x1601      	ANDWF       R1, 1 
0x03A2	0xFFE1C002  	MOVFF       R2, FSR1L
0x03A6	0xFFE2C003  	MOVFF       R3, FSR1H
0x03AA	0xFFE6C000  	MOVFF       R0, POSTINC1
0x03AE	0xFFE6C001  	MOVFF       R1, POSTINC1
;__Lib_USB_genHID.c,3522 :: 		
0x03B2	0xAF24      	BTFSS       1060, 7, 1
0x03B4	0xD011      	BRA         L___Lib_USB_genHID_USB_Std_Feature_Req_Handler146
;__Lib_USB_genHID.c,3528 :: 		
0x03B6	0xFFE1C004  	MOVFF       R4, FSR1L
0x03BA	0xFFE2C005  	MOVFF       R5, FSR1H
0x03BE	0x6AE6      	CLRF        POSTINC1 
;__Lib_USB_genHID.c,3530 :: 		
0x03C0	0x0E04      	MOVLW       4
0x03C2	0x1804      	XORWF       R4, 0 
0x03C4	0x6E00      	MOVWF       R0 
0x03C6	0xF004C000  	MOVFF       R0, R4
;__Lib_USB_genHID.c,3531 :: 		
0x03CA	0xFFE1C004  	MOVFF       R4, FSR1L
0x03CE	0xFFE2C005  	MOVFF       R5, FSR1H
0x03D2	0x0E40      	MOVLW       64
0x03D4	0x6EE6      	MOVWF       POSTINC1 
;__Lib_USB_genHID.c,3535 :: 		
0x03D6	0xD011      	BRA         L___Lib_USB_genHID_USB_Std_Feature_Req_Handler147
L___Lib_USB_genHID_USB_Std_Feature_Req_Handler146:
;__Lib_USB_genHID.c,3543 :: 		
0x03D8	0xFFE1C004  	MOVFF       R4, FSR1L
0x03DC	0xFFE2C005  	MOVFF       R5, FSR1H
0x03E0	0x0E88      	MOVLW       136
0x03E2	0x6EE6      	MOVWF       POSTINC1 
;__Lib_USB_genHID.c,3545 :: 		
0x03E4	0x0E04      	MOVLW       4
0x03E6	0x1804      	XORWF       R4, 0 
0x03E8	0x6E00      	MOVWF       R0 
0x03EA	0xF004C000  	MOVFF       R0, R4
;__Lib_USB_genHID.c,3546 :: 		
0x03EE	0xFFE1C004  	MOVFF       R4, FSR1L
0x03F2	0xFFE2C005  	MOVFF       R5, FSR1H
0x03F6	0x0EC8      	MOVLW       200
0x03F8	0x6EE6      	MOVWF       POSTINC1 
;__Lib_USB_genHID.c,3551 :: 		
L___Lib_USB_genHID_USB_Std_Feature_Req_Handler147:
;__Lib_USB_genHID.c,3552 :: 		
L___Lib_USB_genHID_USB_Std_Feature_Req_Handler145:
;__Lib_USB_genHID.c,3554 :: 		
L___Lib_USB_genHID_USB_Std_Feature_Req_Handler141:
;__Lib_USB_genHID.c,3555 :: 		
L_end_USB_Std_Feature_Req_Handler:
0x03FA	0x0012      	RETURN      0
; end of __Lib_USB_genHID_USB_Std_Feature_Req_Handler
__Lib_USB_genHID_USB_Set_Cfg_Handler:
;__Lib_USB_genHID.c,3986 :: 		
;__Lib_USB_genHID.c,3990 :: 		
0x03FC	0x8E49      	BSF         __Lib_USB_genHID_inPipes+3, 7 
;__Lib_USB_genHID.c,3994 :: 		
0x03FE	0x6A71      	CLRF        UEP1 
;__Lib_USB_genHID.c,3998 :: 		
0x0400	0x6A4E      	CLRF        __Lib_USB_genHID_USBAlternateInterface 
;__Lib_USB_genHID.c,4001 :: 		
0x0402	0xF04DC422  	MOVFF       1058, __Lib_USB_genHID_USBActiveConfiguration
;__Lib_USB_genHID.c,4004 :: 		
0x0406	0x504D      	MOVF        __Lib_USB_genHID_USBActiveConfiguration, 0 
0x0408	0x0A00      	XORLW       0
0x040A	0xE103      	BNZ         L___Lib_USB_genHID_USB_Set_Cfg_Handler196
;__Lib_USB_genHID.c,4006 :: 		
0x040C	0x0E10      	MOVLW       16
0x040E	0x6E4C      	MOVWF       __Lib_USB_genHID_USBDeviceState 
;__Lib_USB_genHID.c,4007 :: 		
0x0410	0xD003      	BRA         L___Lib_USB_genHID_USB_Set_Cfg_Handler197
L___Lib_USB_genHID_USB_Set_Cfg_Handler196:
;__Lib_USB_genHID.c,4009 :: 		
0x0412	0x0E20      	MOVLW       32
0x0414	0x6E4C      	MOVWF       __Lib_USB_genHID_USBDeviceState 
;__Lib_USB_genHID.c,4012 :: 		
0x0416	0xDE5F      	RCALL       __Lib_USB_genHID_USB_CB_Init_EP
;__Lib_USB_genHID.c,4014 :: 		
L___Lib_USB_genHID_USB_Set_Cfg_Handler197:
;__Lib_USB_genHID.c,4015 :: 		
L_end_USB_Set_Cfg_Handler:
0x0418	0x0012      	RETURN      0
; end of __Lib_USB_genHID_USB_Set_Cfg_Handler
__Lib_USB_genHID_USB_Get_Dsc_Handler:
;__Lib_USB_genHID.c,3573 :: 		
;__Lib_USB_genHID.c,3575 :: 		
0x041A	0x0104      	MOVLB       4
0x041C	0x5120      	MOVF        __Lib_USB_genHID_SetupPkt, 0, 1
0x041E	0x0A80      	XORLW       128
0x0420	0xA4D8      	BTFSS       STATUS, 2 
0x0422	0xD073      	BRA         L___Lib_USB_genHID_USB_Get_Dsc_Handler148
;__Lib_USB_genHID.c,3576 :: 		
0x0424	0x0EC0      	MOVLW       192
0x0426	0x6E49      	MOVWF       __Lib_USB_genHID_inPipes+3 
;__Lib_USB_genHID.c,3578 :: 		
0x0428	0xD065      	BRA         L___Lib_USB_genHID_USB_Get_Dsc_Handler149
;__Lib_USB_genHID.c,3579 :: 		
L___Lib_USB_genHID_USB_Get_Dsc_Handler151:
;__Lib_USB_genHID.c,3580 :: 		
0x042A	0x0EE2      	MOVLW       _device_dsc
0x042C	0x6E00      	MOVWF       R0 
0x042E	0x0E17      	MOVLW       hi_addr(_device_dsc)
0x0430	0x6E01      	MOVWF       R1 
0x0432	0x0E00      	MOVLW       higher_addr(_device_dsc)
0x0434	0x6E02      	MOVWF       R2 
0x0436	0xF046C000  	MOVFF       R0, __Lib_USB_genHID_inPipes
0x043A	0xF047C001  	MOVFF       R1, __Lib_USB_genHID_inPipes+1
0x043E	0xF048C002  	MOVFF       R2, __Lib_USB_genHID_inPipes+2
;__Lib_USB_genHID.c,3581 :: 		
0x0442	0x0E12      	MOVLW       18
0x0444	0x6E4A      	MOVWF       __Lib_USB_genHID_inPipes+4 
0x0446	0x0E00      	MOVLW       0
0x0448	0x6E4B      	MOVWF       __Lib_USB_genHID_inPipes+5 
;__Lib_USB_genHID.c,3582 :: 		
0x044A	0xD05F      	BRA         L___Lib_USB_genHID_USB_Get_Dsc_Handler150
;__Lib_USB_genHID.c,3583 :: 		
L___Lib_USB_genHID_USB_Get_Dsc_Handler152:
;__Lib_USB_genHID.c,3585 :: 		
0x044C	0x0E03      	MOVLW       3
0x044E	0x6E00      	MOVWF       R0 
0x0450	0x0E00      	MOVLW       0
0x0452	0x6E01      	MOVWF       R1 
0x0454	0xF004C422  	MOVFF       1058, R4
0x0458	0x0E00      	MOVLW       0
0x045A	0x6E05      	MOVWF       R5 
0x045C	0xDE9F      	RCALL       _Mul_16X16_U
0x045E	0x0E43      	MOVLW       _USB_config_dsc_ptr
0x0460	0x2400      	ADDWF       R0, 0 
0x0462	0x6EE9      	MOVWF       FSR0L 
0x0464	0x0E00      	MOVLW       hi_addr(_USB_config_dsc_ptr)
0x0466	0x2001      	ADDWFC      R1, 0 
0x0468	0x6EEA      	MOVWF       FSR0L+1 
0x046A	0xF046CFEE  	MOVFF       POSTINC0, __Lib_USB_genHID_inPipes
0x046E	0xF047CFEE  	MOVFF       POSTINC0, __Lib_USB_genHID_inPipes+1
0x0472	0xF048CFEE  	MOVFF       POSTINC0, __Lib_USB_genHID_inPipes+2
;__Lib_USB_genHID.c,3586 :: 		
0x0476	0x0E02      	MOVLW       2
0x0478	0x2446      	ADDWF       __Lib_USB_genHID_inPipes, 0 
0x047A	0x6EF6      	MOVWF       TBLPTR 
0x047C	0x0E00      	MOVLW       0
0x047E	0x2047      	ADDWFC      __Lib_USB_genHID_inPipes+1, 0 
0x0480	0x6EF7      	MOVWF       TBLPTR+1 
0x0482	0x0E00      	MOVLW       0
0x0484	0x2048      	ADDWFC      __Lib_USB_genHID_inPipes+2, 0 
0x0486	0x6EF8      	MOVWF       TBLPTR+2 
0x0488	0x0009      	TBLRD*+
0x048A	0xF000CFF5  	MOVFF       TABLAT, R0
0x048E	0x0009      	TBLRD*+
0x0490	0xF001CFF5  	MOVFF       TABLAT, R1
0x0494	0xF04AC000  	MOVFF       R0, __Lib_USB_genHID_inPipes+4
0x0498	0xF04BC001  	MOVFF       R1, __Lib_USB_genHID_inPipes+5
;__Lib_USB_genHID.c,3587 :: 		
0x049C	0xD036      	BRA         L___Lib_USB_genHID_USB_Get_Dsc_Handler150
;__Lib_USB_genHID.c,3588 :: 		
L___Lib_USB_genHID_USB_Get_Dsc_Handler153:
;__Lib_USB_genHID.c,3592 :: 		
0x049E	0x5122      	MOVF        1058, 0, 1
0x04A0	0x0100      	MOVLB       0
0x04A2	0x5D68      	SUBWF       __Lib_USB_genHID_maxDescriptorIndex, 0, 1
0x04A4	0xE323      	BNC         L___Lib_USB_genHID_USB_Get_Dsc_Handler154
;__Lib_USB_genHID.c,3594 :: 		
0x04A6	0x0E03      	MOVLW       3
0x04A8	0x6E00      	MOVWF       R0 
0x04AA	0x0E00      	MOVLW       0
0x04AC	0x6E01      	MOVWF       R1 
0x04AE	0xF004C422  	MOVFF       1058, R4
0x04B2	0x0E00      	MOVLW       0
0x04B4	0x6E05      	MOVWF       R5 
0x04B6	0xDE72      	RCALL       _Mul_16X16_U
0x04B8	0x0E3A      	MOVLW       _USB_string_dsc_ptr
0x04BA	0x2400      	ADDWF       R0, 0 
0x04BC	0x6EE9      	MOVWF       FSR0L 
0x04BE	0x0E00      	MOVLW       hi_addr(_USB_string_dsc_ptr)
0x04C0	0x2001      	ADDWFC      R1, 0 
0x04C2	0x6EEA      	MOVWF       FSR0L+1 
0x04C4	0xF046CFEE  	MOVFF       POSTINC0, __Lib_USB_genHID_inPipes
0x04C8	0xF047CFEE  	MOVFF       POSTINC0, __Lib_USB_genHID_inPipes+1
0x04CC	0xF048CFEE  	MOVFF       POSTINC0, __Lib_USB_genHID_inPipes+2
;__Lib_USB_genHID.c,3596 :: 		
0x04D0	0xFFF6C046  	MOVFF       __Lib_USB_genHID_inPipes, TBLPTRL
0x04D4	0xFFF7C047  	MOVFF       __Lib_USB_genHID_inPipes+1, TBLPTRH
0x04D8	0xFFF8C048  	MOVFF       __Lib_USB_genHID_inPipes+2, TBLPTRU
0x04DC	0x0009      	TBLRD*+
0x04DE	0xF000CFF5  	MOVFF       TABLAT, R0
0x04E2	0xF04AC000  	MOVFF       R0, __Lib_USB_genHID_inPipes+4
0x04E6	0x0E00      	MOVLW       0
0x04E8	0x6E4B      	MOVWF       __Lib_USB_genHID_inPipes+5 
;__Lib_USB_genHID.c,3597 :: 		
0x04EA	0xD001      	BRA         L___Lib_USB_genHID_USB_Get_Dsc_Handler155
L___Lib_USB_genHID_USB_Get_Dsc_Handler154:
;__Lib_USB_genHID.c,3598 :: 		
0x04EC	0x6A49      	CLRF        __Lib_USB_genHID_inPipes+3 
;__Lib_USB_genHID.c,3599 :: 		
L___Lib_USB_genHID_USB_Get_Dsc_Handler155:
;__Lib_USB_genHID.c,3600 :: 		
0x04EE	0xD00D      	BRA         L___Lib_USB_genHID_USB_Get_Dsc_Handler150
;__Lib_USB_genHID.c,3601 :: 		
L___Lib_USB_genHID_USB_Get_Dsc_Handler156:
;__Lib_USB_genHID.c,3602 :: 		
0x04F0	0x6A49      	CLRF        __Lib_USB_genHID_inPipes+3 
;__Lib_USB_genHID.c,3603 :: 		
0x04F2	0xD00B      	BRA         L___Lib_USB_genHID_USB_Get_Dsc_Handler150
;__Lib_USB_genHID.c,3604 :: 		
L___Lib_USB_genHID_USB_Get_Dsc_Handler149:
0x04F4	0x0104      	MOVLB       4
0x04F6	0x5123      	MOVF        1059, 0, 1
0x04F8	0x0A01      	XORLW       1
0x04FA	0xE097      	BZ          L___Lib_USB_genHID_USB_Get_Dsc_Handler151
0x04FC	0x5123      	MOVF        1059, 0, 1
0x04FE	0x0A02      	XORLW       2
0x0500	0xE0A5      	BZ          L___Lib_USB_genHID_USB_Get_Dsc_Handler152
0x0502	0x5123      	MOVF        1059, 0, 1
0x0504	0x0A03      	XORLW       3
0x0506	0xE0CB      	BZ          L___Lib_USB_genHID_USB_Get_Dsc_Handler153
0x0508	0xD7F3      	BRA         L___Lib_USB_genHID_USB_Get_Dsc_Handler156
L___Lib_USB_genHID_USB_Get_Dsc_Handler150:
;__Lib_USB_genHID.c,3605 :: 		
L___Lib_USB_genHID_USB_Get_Dsc_Handler148:
;__Lib_USB_genHID.c,3606 :: 		
L_end_USB_Get_Dsc_Handler:
0x050A	0x0012      	RETURN      0
; end of __Lib_USB_genHID_USB_Get_Dsc_Handler
__Lib_USB_genHID_USB_Check_HID_Request:
;__Lib_USB_genHID.c,4362 :: 		
;__Lib_USB_genHID.c,4363 :: 		
0x050C	0xF001C420  	MOVFF       __Lib_USB_genHID_SetupPkt, R1
0x0510	0x0E1F      	MOVLW       31
0x0512	0x1601      	ANDWF       R1, 1 
0x0514	0x5001      	MOVF        R1, 0 
0x0516	0x0A01      	XORLW       1
0x0518	0xE001      	BZ          L___Lib_USB_genHID_USB_Check_HID_Request210
0x051A	0xD08D      	BRA         L_end_USB_Check_HID_Request
L___Lib_USB_genHID_USB_Check_HID_Request210:
;__Lib_USB_genHID.c,4364 :: 		
0x051C	0x0104      	MOVLB       4
0x051E	0x5124      	MOVF        1060, 0, 1
0x0520	0x0A00      	XORLW       0
0x0522	0xE001      	BZ          L___Lib_USB_genHID_USB_Check_HID_Request211
0x0524	0xD088      	BRA         L_end_USB_Check_HID_Request
L___Lib_USB_genHID_USB_Check_HID_Request211:
;__Lib_USB_genHID.c,4371 :: 		
0x0526	0x5121      	MOVF        1057, 0, 1
0x0528	0x0A06      	XORLW       6
0x052A	0xE13F      	BNZ         L___Lib_USB_genHID_USB_Check_HID_Request212
;__Lib_USB_genHID.c,4372 :: 		
0x052C	0xD034      	BRA         L___Lib_USB_genHID_USB_Check_HID_Request213
;__Lib_USB_genHID.c,4373 :: 		
L___Lib_USB_genHID_USB_Check_HID_Request215:
;__Lib_USB_genHID.c,4374 :: 		
0x052E	0x504D      	MOVF        __Lib_USB_genHID_USBActiveConfiguration, 0 
0x0530	0x0A01      	XORLW       1
0x0532	0xE117      	BNZ         L___Lib_USB_genHID_USB_Check_HID_Request216
;__Lib_USB_genHID.c,4375 :: 		
0x0534	0x0E98      	MOVLW       _configDescriptor1
0x0536	0x6E00      	MOVWF       R0 
0x0538	0x0E17      	MOVLW       hi_addr(_configDescriptor1)
0x053A	0x6E01      	MOVWF       R1 
0x053C	0x0E00      	MOVLW       higher_addr(_configDescriptor1)
0x053E	0x6E02      	MOVWF       R2 
0x0540	0x0E12      	MOVLW       18
0x0542	0x2600      	ADDWF       R0, 1 
0x0544	0x0E00      	MOVLW       0
0x0546	0x2201      	ADDWFC      R1, 1 
0x0548	0x2202      	ADDWFC      R2, 1 
0x054A	0xF046C000  	MOVFF       R0, __Lib_USB_genHID_inPipes
0x054E	0xF047C001  	MOVFF       R1, __Lib_USB_genHID_inPipes+1
0x0552	0xF048C002  	MOVFF       R2, __Lib_USB_genHID_inPipes+2
0x0556	0x0E09      	MOVLW       9
0x0558	0x6E4A      	MOVWF       __Lib_USB_genHID_inPipes+4 
0x055A	0x0E00      	MOVLW       0
0x055C	0x6E4B      	MOVWF       __Lib_USB_genHID_inPipes+5 
0x055E	0x0EC0      	MOVLW       192
0x0560	0x6E49      	MOVWF       __Lib_USB_genHID_inPipes+3 
;__Lib_USB_genHID.c,4380 :: 		
L___Lib_USB_genHID_USB_Check_HID_Request216:
;__Lib_USB_genHID.c,4381 :: 		
0x0562	0xD023      	BRA         L___Lib_USB_genHID_USB_Check_HID_Request214
;__Lib_USB_genHID.c,4382 :: 		
L___Lib_USB_genHID_USB_Check_HID_Request217:
;__Lib_USB_genHID.c,4383 :: 		
0x0564	0x504D      	MOVF        __Lib_USB_genHID_USBActiveConfiguration, 0 
0x0566	0x0A01      	XORLW       1
0x0568	0xE112      	BNZ         L___Lib_USB_genHID_USB_Check_HID_Request218
;__Lib_USB_genHID.c,4384 :: 		
0x056A	0x0EC1      	MOVLW       _hid_rpt_desc
0x056C	0x6E00      	MOVWF       R0 
0x056E	0x0E17      	MOVLW       hi_addr(_hid_rpt_desc)
0x0570	0x6E01      	MOVWF       R1 
0x0572	0x0E00      	MOVLW       higher_addr(_hid_rpt_desc)
0x0574	0x6E02      	MOVWF       R2 
0x0576	0xF046C000  	MOVFF       R0, __Lib_USB_genHID_inPipes
0x057A	0xF047C001  	MOVFF       R1, __Lib_USB_genHID_inPipes+1
0x057E	0xF048C002  	MOVFF       R2, __Lib_USB_genHID_inPipes+2
0x0582	0x0E21      	MOVLW       33
0x0584	0x6E4A      	MOVWF       __Lib_USB_genHID_inPipes+4 
0x0586	0x0E00      	MOVLW       0
0x0588	0x6E4B      	MOVWF       __Lib_USB_genHID_inPipes+5 
0x058A	0x0EC0      	MOVLW       192
0x058C	0x6E49      	MOVWF       __Lib_USB_genHID_inPipes+3 
;__Lib_USB_genHID.c,4389 :: 		
L___Lib_USB_genHID_USB_Check_HID_Request218:
;__Lib_USB_genHID.c,4390 :: 		
0x058E	0xD00D      	BRA         L___Lib_USB_genHID_USB_Check_HID_Request214
;__Lib_USB_genHID.c,4391 :: 		
L___Lib_USB_genHID_USB_Check_HID_Request219:
;__Lib_USB_genHID.c,4392 :: 		
0x0590	0x0E80      	MOVLW       128
0x0592	0x6E49      	MOVWF       __Lib_USB_genHID_inPipes+3 
;__Lib_USB_genHID.c,4393 :: 		
0x0594	0xD00A      	BRA         L___Lib_USB_genHID_USB_Check_HID_Request214
;__Lib_USB_genHID.c,4394 :: 		
L___Lib_USB_genHID_USB_Check_HID_Request213:
0x0596	0x0104      	MOVLB       4
0x0598	0x5123      	MOVF        1059, 0, 1
0x059A	0x0A21      	XORLW       33
0x059C	0xE0C8      	BZ          L___Lib_USB_genHID_USB_Check_HID_Request215
0x059E	0x5123      	MOVF        1059, 0, 1
0x05A0	0x0A22      	XORLW       34
0x05A2	0xE0E0      	BZ          L___Lib_USB_genHID_USB_Check_HID_Request217
0x05A4	0x5123      	MOVF        1059, 0, 1
0x05A6	0x0A23      	XORLW       35
0x05A8	0xE0F3      	BZ          L___Lib_USB_genHID_USB_Check_HID_Request219
L___Lib_USB_genHID_USB_Check_HID_Request214:
;__Lib_USB_genHID.c,4395 :: 		
L___Lib_USB_genHID_USB_Check_HID_Request212:
;__Lib_USB_genHID.c,4397 :: 		
0x05AA	0xF001C420  	MOVFF       __Lib_USB_genHID_SetupPkt, R1
0x05AE	0x0E60      	MOVLW       96
0x05B0	0x1601      	ANDWF       R1, 1 
0x05B2	0x0E05      	MOVLW       5
0x05B4	0x6E00      	MOVWF       R0 
0x05B6	0x5000      	MOVF        R0, 0 
L___Lib_USB_genHID_USB_Check_HID_Request330:
0x05B8	0xE004      	BZ          L___Lib_USB_genHID_USB_Check_HID_Request331
0x05BA	0x3201      	RRCF        R1, 1 
0x05BC	0x9E01      	BCF         R1, 7 
0x05BE	0x0FFF      	ADDLW       255
0x05C0	0xD7FB      	BRA         L___Lib_USB_genHID_USB_Check_HID_Request330
L___Lib_USB_genHID_USB_Check_HID_Request331:
0x05C2	0x5001      	MOVF        R1, 0 
0x05C4	0x0A01      	XORLW       1
0x05C6	0xE001      	BZ          L___Lib_USB_genHID_USB_Check_HID_Request220
;__Lib_USB_genHID.c,4398 :: 		
0x05C8	0xD036      	BRA         L_end_USB_Check_HID_Request
;__Lib_USB_genHID.c,4399 :: 		
L___Lib_USB_genHID_USB_Check_HID_Request220:
;__Lib_USB_genHID.c,4401 :: 		
0x05CA	0xD022      	BRA         L___Lib_USB_genHID_USB_Check_HID_Request221
;__Lib_USB_genHID.c,4402 :: 		
L___Lib_USB_genHID_USB_Check_HID_Request223:
;__Lib_USB_genHID.c,4406 :: 		
0x05CC	0xD034      	BRA         L___Lib_USB_genHID_USB_Check_HID_Request222
;__Lib_USB_genHID.c,4407 :: 		
L___Lib_USB_genHID_USB_Check_HID_Request224:
;__Lib_USB_genHID.c,4411 :: 		
0x05CE	0xD033      	BRA         L___Lib_USB_genHID_USB_Check_HID_Request222
;__Lib_USB_genHID.c,4412 :: 		
L___Lib_USB_genHID_USB_Check_HID_Request225:
;__Lib_USB_genHID.c,4413 :: 		
0x05D0	0x0E6A      	MOVLW       __Lib_USB_genHID_idle_rate
0x05D2	0x6E46      	MOVWF       __Lib_USB_genHID_inPipes 
0x05D4	0x0E00      	MOVLW       hi_addr(__Lib_USB_genHID_idle_rate)
0x05D6	0x6E47      	MOVWF       __Lib_USB_genHID_inPipes+1 
0x05D8	0x0E01      	MOVLW       1
0x05DA	0x6E4A      	MOVWF       __Lib_USB_genHID_inPipes+4 
0x05DC	0x0E00      	MOVLW       0
0x05DE	0x6E4B      	MOVWF       __Lib_USB_genHID_inPipes+5 
0x05E0	0x0EC1      	MOVLW       193
0x05E2	0x6E49      	MOVWF       __Lib_USB_genHID_inPipes+3 
;__Lib_USB_genHID.c,4417 :: 		
0x05E4	0xD028      	BRA         L___Lib_USB_genHID_USB_Check_HID_Request222
;__Lib_USB_genHID.c,4418 :: 		
L___Lib_USB_genHID_USB_Check_HID_Request226:
;__Lib_USB_genHID.c,4419 :: 		
0x05E6	0x0E80      	MOVLW       128
0x05E8	0x6E49      	MOVWF       __Lib_USB_genHID_inPipes+3 
;__Lib_USB_genHID.c,4420 :: 		
0x05EA	0xF06AC423  	MOVFF       1059, __Lib_USB_genHID_idle_rate
;__Lib_USB_genHID.c,4421 :: 		
0x05EE	0xD023      	BRA         L___Lib_USB_genHID_USB_Check_HID_Request222
;__Lib_USB_genHID.c,4422 :: 		
L___Lib_USB_genHID_USB_Check_HID_Request227:
;__Lib_USB_genHID.c,4423 :: 		
0x05F0	0x0E55      	MOVLW       __Lib_USB_genHID_active_protocol
0x05F2	0x6E46      	MOVWF       __Lib_USB_genHID_inPipes 
0x05F4	0x0E00      	MOVLW       hi_addr(__Lib_USB_genHID_active_protocol)
0x05F6	0x6E47      	MOVWF       __Lib_USB_genHID_inPipes+1 
0x05F8	0x0E01      	MOVLW       1
0x05FA	0x6E4A      	MOVWF       __Lib_USB_genHID_inPipes+4 
0x05FC	0x0E00      	MOVLW       0
0x05FE	0x6E4B      	MOVWF       __Lib_USB_genHID_inPipes+5 
0x0600	0x0E81      	MOVLW       129
0x0602	0x6E49      	MOVWF       __Lib_USB_genHID_inPipes+3 
;__Lib_USB_genHID.c,4427 :: 		
0x0604	0xD018      	BRA         L___Lib_USB_genHID_USB_Check_HID_Request222
;__Lib_USB_genHID.c,4428 :: 		
L___Lib_USB_genHID_USB_Check_HID_Request228:
;__Lib_USB_genHID.c,4429 :: 		
0x0606	0x0E80      	MOVLW       128
0x0608	0x6E49      	MOVWF       __Lib_USB_genHID_inPipes+3 
;__Lib_USB_genHID.c,4430 :: 		
0x060A	0xF055C422  	MOVFF       1058, __Lib_USB_genHID_active_protocol
;__Lib_USB_genHID.c,4431 :: 		
0x060E	0xD013      	BRA         L___Lib_USB_genHID_USB_Check_HID_Request222
;__Lib_USB_genHID.c,4432 :: 		
L___Lib_USB_genHID_USB_Check_HID_Request221:
0x0610	0x0104      	MOVLB       4
0x0612	0x5121      	MOVF        1057, 0, 1
0x0614	0x0A01      	XORLW       1
0x0616	0xE0DA      	BZ          L___Lib_USB_genHID_USB_Check_HID_Request223
0x0618	0x5121      	MOVF        1057, 0, 1
0x061A	0x0A09      	XORLW       9
0x061C	0xE0D8      	BZ          L___Lib_USB_genHID_USB_Check_HID_Request224
0x061E	0x5121      	MOVF        1057, 0, 1
0x0620	0x0A02      	XORLW       2
0x0622	0xE0D6      	BZ          L___Lib_USB_genHID_USB_Check_HID_Request225
0x0624	0x5121      	MOVF        1057, 0, 1
0x0626	0x0A0A      	XORLW       10
0x0628	0xE0DE      	BZ          L___Lib_USB_genHID_USB_Check_HID_Request226
0x062A	0x5121      	MOVF        1057, 0, 1
0x062C	0x0A03      	XORLW       3
0x062E	0xE0E0      	BZ          L___Lib_USB_genHID_USB_Check_HID_Request227
0x0630	0x5121      	MOVF        1057, 0, 1
0x0632	0x0A0B      	XORLW       11
0x0634	0xE0E8      	BZ          L___Lib_USB_genHID_USB_Check_HID_Request228
L___Lib_USB_genHID_USB_Check_HID_Request222:
;__Lib_USB_genHID.c,4434 :: 		
L_end_USB_Check_HID_Request:
0x0636	0x0012      	RETURN      0
; end of __Lib_USB_genHID_USB_Check_HID_Request
__Lib_USB_genHID_USB_CtrlTrf_Tx_Service:
;__Lib_USB_genHID.c,3843 :: 		
;__Lib_USB_genHID.c,3850 :: 		
0x0638	0x0E00      	MOVLW       0
0x063A	0x5C4B      	SUBWF       __Lib_USB_genHID_inPipes+5, 0 
0x063C	0xE102      	BNZ         L___Lib_USB_genHID_USB_CtrlTrf_Tx_Service319
0x063E	0x0E08      	MOVLW       8
0x0640	0x5C4A      	SUBWF       __Lib_USB_genHID_inPipes+4, 0 
L___Lib_USB_genHID_USB_CtrlTrf_Tx_Service319:
0x0642	0xE210      	BC          L___Lib_USB_genHID_USB_CtrlTrf_Tx_Service176
;__Lib_USB_genHID.c,3851 :: 		
0x0644	0xF003C04A  	MOVFF       __Lib_USB_genHID_inPipes+4, R3
0x0648	0xF004C04B  	MOVFF       __Lib_USB_genHID_inPipes+5, R4
;__Lib_USB_genHID.c,3853 :: 		
0x064C	0x5037      	MOVF        __Lib_USB_genHID_shortPacketStatus, 0 
0x064E	0x0A00      	XORLW       0
0x0650	0xE103      	BNZ         L___Lib_USB_genHID_USB_CtrlTrf_Tx_Service177
;__Lib_USB_genHID.c,3854 :: 		
0x0652	0x0E01      	MOVLW       1
0x0654	0x6E37      	MOVWF       __Lib_USB_genHID_shortPacketStatus 
;__Lib_USB_genHID.c,3855 :: 		
0x0656	0xD005      	BRA         L___Lib_USB_genHID_USB_CtrlTrf_Tx_Service178
L___Lib_USB_genHID_USB_CtrlTrf_Tx_Service177:
0x0658	0x5037      	MOVF        __Lib_USB_genHID_shortPacketStatus, 0 
0x065A	0x0A01      	XORLW       1
0x065C	0xE102      	BNZ         L___Lib_USB_genHID_USB_CtrlTrf_Tx_Service179
;__Lib_USB_genHID.c,3856 :: 		
0x065E	0x0E02      	MOVLW       2
0x0660	0x6E37      	MOVWF       __Lib_USB_genHID_shortPacketStatus 
;__Lib_USB_genHID.c,3857 :: 		
L___Lib_USB_genHID_USB_CtrlTrf_Tx_Service179:
L___Lib_USB_genHID_USB_CtrlTrf_Tx_Service178:
;__Lib_USB_genHID.c,3858 :: 		
0x0662	0xD004      	BRA         L___Lib_USB_genHID_USB_CtrlTrf_Tx_Service180
L___Lib_USB_genHID_USB_CtrlTrf_Tx_Service176:
;__Lib_USB_genHID.c,3859 :: 		
0x0664	0x0E08      	MOVLW       8
0x0666	0x6E03      	MOVWF       R3 
0x0668	0x0E00      	MOVLW       0
0x066A	0x6E04      	MOVWF       R4 
;__Lib_USB_genHID.c,3860 :: 		
L___Lib_USB_genHID_USB_CtrlTrf_Tx_Service180:
;__Lib_USB_genHID.c,3866 :: 		
0x066C	0xFFE1C02B  	MOVFF       __Lib_USB_genHID_BDTEntry_InPtr, FSR1L
0x0670	0xFFE2C02C  	MOVFF       __Lib_USB_genHID_BDTEntry_InPtr+1, FSR1H
0x0674	0x92E6      	BCF         POSTINC1, 1 
;__Lib_USB_genHID.c,3867 :: 		
0x0676	0xFFE1C02B  	MOVFF       __Lib_USB_genHID_BDTEntry_InPtr, FSR1L
0x067A	0xFFE2C02C  	MOVFF       __Lib_USB_genHID_BDTEntry_InPtr+1, FSR1H
0x067E	0x90E6      	BCF         POSTINC1, 0 
;__Lib_USB_genHID.c,3869 :: 		
0x0680	0xFFE9C02B  	MOVFF       __Lib_USB_genHID_BDTEntry_InPtr, FSR0L
0x0684	0xFFEAC02C  	MOVFF       __Lib_USB_genHID_BDTEntry_InPtr+1, FSR0H
0x0688	0xF000CFEE  	MOVFF       POSTINC0, R0
0x068C	0xFFE1C02B  	MOVFF       __Lib_USB_genHID_BDTEntry_InPtr, FSR1L
0x0690	0xFFE2C02C  	MOVFF       __Lib_USB_genHID_BDTEntry_InPtr+1, FSR1H
0x0694	0x5004      	MOVF        R4, 0 
0x0696	0x1000      	IORWF       R0, 0 
0x0698	0x6EE6      	MOVWF       POSTINC1 
;__Lib_USB_genHID.c,3870 :: 		
0x069A	0x0E01      	MOVLW       1
0x069C	0x242B      	ADDWF       __Lib_USB_genHID_BDTEntry_InPtr, 0 
0x069E	0x6EE1      	MOVWF       FSR1L 
0x06A0	0x0E00      	MOVLW       0
0x06A2	0x202C      	ADDWFC      __Lib_USB_genHID_BDTEntry_InPtr+1, 0 
0x06A4	0x6EE2      	MOVWF       FSR1L+1 
0x06A6	0xFFE6C003  	MOVFF       R3, POSTINC1
;__Lib_USB_genHID.c,3875 :: 		
0x06AA	0x5003      	MOVF        R3, 0 
0x06AC	0x5C4A      	SUBWF       __Lib_USB_genHID_inPipes+4, 0 
0x06AE	0x6E00      	MOVWF       R0 
0x06B0	0x5004      	MOVF        R4, 0 
0x06B2	0x584B      	SUBWFB      __Lib_USB_genHID_inPipes+5, 0 
0x06B4	0x6E01      	MOVWF       R1 
0x06B6	0xF04AC000  	MOVFF       R0, __Lib_USB_genHID_inPipes+4
0x06BA	0xF04BC001  	MOVFF       R1, __Lib_USB_genHID_inPipes+5
;__Lib_USB_genHID.c,3877 :: 		
0x06BE	0x0E28      	MOVLW       __Lib_USB_genHID_CtrlTrfData
0x06C0	0x0100      	MOVLB       0
0x06C2	0x6F6C      	MOVWF       __Lib_USB_genHID_pDst, 1
0x06C4	0x0E04      	MOVLW       hi_addr(__Lib_USB_genHID_CtrlTrfData)
0x06C6	0x6F6D      	MOVWF       __Lib_USB_genHID_pDst+1, 1
;__Lib_USB_genHID.c,3879 :: 		
0x06C8	0xB049      	BTFSC       __Lib_USB_genHID_inPipes+3, 0 
0x06CA	0xD02F      	BRA         L___Lib_USB_genHID_USB_CtrlTrf_Tx_Service181
;__Lib_USB_genHID.c,3881 :: 		
L___Lib_USB_genHID_USB_CtrlTrf_Tx_Service182:
0x06CC	0x5003      	MOVF        R3, 0 
0x06CE	0x1004      	IORWF       R4, 0 
0x06D0	0xE02B      	BZ          L___Lib_USB_genHID_USB_CtrlTrf_Tx_Service183
;__Lib_USB_genHID.c,3882 :: 		
0x06D2	0xFFF6C046  	MOVFF       __Lib_USB_genHID_inPipes, TBLPTRL
0x06D6	0xFFF7C047  	MOVFF       __Lib_USB_genHID_inPipes+1, TBLPTRH
0x06DA	0xFFF8C048  	MOVFF       __Lib_USB_genHID_inPipes+2, TBLPTRU
0x06DE	0x0009      	TBLRD*+
0x06E0	0xF000CFF5  	MOVFF       TABLAT, R0
0x06E4	0xFFE1C06C  	MOVFF       __Lib_USB_genHID_pDst, FSR1L
0x06E8	0xFFE2C06D  	MOVFF       __Lib_USB_genHID_pDst+1, FSR1H
0x06EC	0xFFE6C000  	MOVFF       R0, POSTINC1
0x06F0	0x4B6C      	INFSNZ      __Lib_USB_genHID_pDst, 1, 1
0x06F2	0x2B6D      	INCF        __Lib_USB_genHID_pDst+1, 1, 1
0x06F4	0x0E01      	MOVLW       1
0x06F6	0x2446      	ADDWF       __Lib_USB_genHID_inPipes, 0 
0x06F8	0x6E00      	MOVWF       R0 
0x06FA	0x0E00      	MOVLW       0
0x06FC	0x2047      	ADDWFC      __Lib_USB_genHID_inPipes+1, 0 
0x06FE	0x6E01      	MOVWF       R1 
0x0700	0x0E00      	MOVLW       0
0x0702	0x2048      	ADDWFC      __Lib_USB_genHID_inPipes+2, 0 
0x0704	0x6E02      	MOVWF       R2 
0x0706	0xF046C000  	MOVFF       R0, __Lib_USB_genHID_inPipes
0x070A	0xF047C001  	MOVFF       R1, __Lib_USB_genHID_inPipes+1
0x070E	0xF048C002  	MOVFF       R2, __Lib_USB_genHID_inPipes+2
;__Lib_USB_genHID.c,3883 :: 		
0x0712	0x0E01      	MOVLW       1
0x0714	0x5C03      	SUBWF       R3, 0 
0x0716	0x6E00      	MOVWF       R0 
0x0718	0x0E00      	MOVLW       0
0x071A	0x5804      	SUBWFB      R4, 0 
0x071C	0x6E01      	MOVWF       R1 
0x071E	0xF003C000  	MOVFF       R0, R3
0x0722	0xF004C001  	MOVFF       R1, R4
;__Lib_USB_genHID.c,3884 :: 		
0x0726	0xD7D2      	BRA         L___Lib_USB_genHID_USB_CtrlTrf_Tx_Service182
L___Lib_USB_genHID_USB_CtrlTrf_Tx_Service183:
;__Lib_USB_genHID.c,3885 :: 		
0x0728	0xD024      	BRA         L___Lib_USB_genHID_USB_CtrlTrf_Tx_Service184
L___Lib_USB_genHID_USB_CtrlTrf_Tx_Service181:
;__Lib_USB_genHID.c,3887 :: 		
L___Lib_USB_genHID_USB_CtrlTrf_Tx_Service185:
0x072A	0x5003      	MOVF        R3, 0 
0x072C	0x1004      	IORWF       R4, 0 
0x072E	0xE021      	BZ          L___Lib_USB_genHID_USB_CtrlTrf_Tx_Service186
;__Lib_USB_genHID.c,3888 :: 		
0x0730	0xFFE9C046  	MOVFF       __Lib_USB_genHID_inPipes, FSR0L
0x0734	0xFFEAC047  	MOVFF       __Lib_USB_genHID_inPipes+1, FSR0H
0x0738	0xFFE1C06C  	MOVFF       __Lib_USB_genHID_pDst, FSR1L
0x073C	0xFFE2C06D  	MOVFF       __Lib_USB_genHID_pDst+1, FSR1H
0x0740	0xFFE6CFEE  	MOVFF       POSTINC0, POSTINC1
0x0744	0x4B6C      	INFSNZ      __Lib_USB_genHID_pDst, 1, 1
0x0746	0x2B6D      	INCF        __Lib_USB_genHID_pDst+1, 1, 1
0x0748	0x0E01      	MOVLW       1
0x074A	0x2446      	ADDWF       __Lib_USB_genHID_inPipes, 0 
0x074C	0x6E00      	MOVWF       R0 
0x074E	0x0E00      	MOVLW       0
0x0750	0x2047      	ADDWFC      __Lib_USB_genHID_inPipes+1, 0 
0x0752	0x6E01      	MOVWF       R1 
0x0754	0xF046C000  	MOVFF       R0, __Lib_USB_genHID_inPipes
0x0758	0xF047C001  	MOVFF       R1, __Lib_USB_genHID_inPipes+1
;__Lib_USB_genHID.c,3889 :: 		
0x075C	0x0E01      	MOVLW       1
0x075E	0x5C03      	SUBWF       R3, 0 
0x0760	0x6E00      	MOVWF       R0 
0x0762	0x0E00      	MOVLW       0
0x0764	0x5804      	SUBWFB      R4, 0 
0x0766	0x6E01      	MOVWF       R1 
0x0768	0xF003C000  	MOVFF       R0, R3
0x076C	0xF004C001  	MOVFF       R1, R4
;__Lib_USB_genHID.c,3890 :: 		
0x0770	0xD7DC      	BRA         L___Lib_USB_genHID_USB_CtrlTrf_Tx_Service185
L___Lib_USB_genHID_USB_CtrlTrf_Tx_Service186:
;__Lib_USB_genHID.c,3891 :: 		
L___Lib_USB_genHID_USB_CtrlTrf_Tx_Service184:
;__Lib_USB_genHID.c,3893 :: 		
L_end_USB_CtrlTrf_Tx_Service:
0x0772	0x0012      	RETURN      0
; end of __Lib_USB_genHID_USB_CtrlTrf_Tx_Service
__Lib_USB_genHID_USB_Check_Std_Request:
;__Lib_USB_genHID.c,3418 :: 		
;__Lib_USB_genHID.c,3419 :: 		
0x0774	0xF001C420  	MOVFF       __Lib_USB_genHID_SetupPkt, R1
0x0778	0x0E60      	MOVLW       96
0x077A	0x1601      	ANDWF       R1, 1 
0x077C	0x0E05      	MOVLW       5
0x077E	0x6E00      	MOVWF       R0 
0x0780	0x5000      	MOVF        R0, 0 
L___Lib_USB_genHID_USB_Check_Std_Request311:
0x0782	0xE004      	BZ          L___Lib_USB_genHID_USB_Check_Std_Request312
0x0784	0x3201      	RRCF        R1, 1 
0x0786	0x9E01      	BCF         R1, 7 
0x0788	0x0FFF      	ADDLW       255
0x078A	0xD7FB      	BRA         L___Lib_USB_genHID_USB_Check_Std_Request311
L___Lib_USB_genHID_USB_Check_Std_Request312:
0x078C	0x5001      	MOVF        R1, 0 
0x078E	0x0A00      	XORLW       0
0x0790	0xE001      	BZ          L___Lib_USB_genHID_USB_Check_Std_Request119
0x0792	0xD058      	BRA         L_end_USB_Check_Std_Request
L___Lib_USB_genHID_USB_Check_Std_Request119:
;__Lib_USB_genHID.c,3421 :: 		
0x0794	0xD034      	BRA         L___Lib_USB_genHID_USB_Check_Std_Request120
;__Lib_USB_genHID.c,3422 :: 		
L___Lib_USB_genHID_USB_Check_Std_Request122:
;__Lib_USB_genHID.c,3423 :: 		
0x0796	0x8E49      	BSF         __Lib_USB_genHID_inPipes+3, 7 
;__Lib_USB_genHID.c,3424 :: 		
0x0798	0x0E08      	MOVLW       8
0x079A	0x6E4C      	MOVWF       __Lib_USB_genHID_USBDeviceState 
;__Lib_USB_genHID.c,3426 :: 		
0x079C	0xD053      	BRA         L___Lib_USB_genHID_USB_Check_Std_Request121
;__Lib_USB_genHID.c,3427 :: 		
L___Lib_USB_genHID_USB_Check_Std_Request123:
;__Lib_USB_genHID.c,3428 :: 		
0x079E	0xDE3D      	RCALL       __Lib_USB_genHID_USB_Get_Dsc_Handler
;__Lib_USB_genHID.c,3429 :: 		
0x07A0	0xD051      	BRA         L___Lib_USB_genHID_USB_Check_Std_Request121
;__Lib_USB_genHID.c,3430 :: 		
L___Lib_USB_genHID_USB_Check_Std_Request124:
;__Lib_USB_genHID.c,3431 :: 		
0x07A2	0xDE2C      	RCALL       __Lib_USB_genHID_USB_Set_Cfg_Handler
;__Lib_USB_genHID.c,3432 :: 		
0x07A4	0xD04F      	BRA         L___Lib_USB_genHID_USB_Check_Std_Request121
;__Lib_USB_genHID.c,3433 :: 		
L___Lib_USB_genHID_USB_Check_Std_Request125:
;__Lib_USB_genHID.c,3434 :: 		
0x07A6	0x0E4D      	MOVLW       __Lib_USB_genHID_USBActiveConfiguration
0x07A8	0x6E46      	MOVWF       __Lib_USB_genHID_inPipes 
0x07AA	0x0E00      	MOVLW       hi_addr(__Lib_USB_genHID_USBActiveConfiguration)
0x07AC	0x6E47      	MOVWF       __Lib_USB_genHID_inPipes+1 
;__Lib_USB_genHID.c,3435 :: 		
0x07AE	0x8049      	BSF         __Lib_USB_genHID_inPipes+3, 0 
;__Lib_USB_genHID.c,3436 :: 		
0x07B0	0x0E01      	MOVLW       1
0x07B2	0x6E4A      	MOVWF       __Lib_USB_genHID_inPipes+4 
;__Lib_USB_genHID.c,3437 :: 		
0x07B4	0x8E49      	BSF         __Lib_USB_genHID_inPipes+3, 7 
;__Lib_USB_genHID.c,3438 :: 		
0x07B6	0xD046      	BRA         L___Lib_USB_genHID_USB_Check_Std_Request121
;__Lib_USB_genHID.c,3439 :: 		
L___Lib_USB_genHID_USB_Check_Std_Request126:
;__Lib_USB_genHID.c,3440 :: 		
0x07B8	0xDD19      	RCALL       __Lib_USB_genHID_USB_Get_Status_Handler
;__Lib_USB_genHID.c,3441 :: 		
0x07BA	0xD044      	BRA         L___Lib_USB_genHID_USB_Check_Std_Request121
;__Lib_USB_genHID.c,3442 :: 		
L___Lib_USB_genHID_USB_Check_Std_Request127:
;__Lib_USB_genHID.c,3443 :: 		
L___Lib_USB_genHID_USB_Check_Std_Request128:
;__Lib_USB_genHID.c,3444 :: 		
0x07BC	0xDD7C      	RCALL       __Lib_USB_genHID_USB_Std_Feature_Req_Handler
;__Lib_USB_genHID.c,3445 :: 		
0x07BE	0xD042      	BRA         L___Lib_USB_genHID_USB_Check_Std_Request121
;__Lib_USB_genHID.c,3446 :: 		
L___Lib_USB_genHID_USB_Check_Std_Request129:
;__Lib_USB_genHID.c,3447 :: 		
0x07C0	0x0E4E      	MOVLW       __Lib_USB_genHID_USBAlternateInterface
0x07C2	0x6E00      	MOVWF       R0 
0x07C4	0x0E00      	MOVLW       hi_addr(__Lib_USB_genHID_USBAlternateInterface)
0x07C6	0x6E01      	MOVWF       R1 
0x07C8	0x5124      	MOVF        1060, 0, 1
0x07CA	0x2600      	ADDWF       R0, 1 
0x07CC	0xB0D8      	BTFSC       STATUS, 0 
0x07CE	0x2A01      	INCF        R1, 1 
0x07D0	0xF046C000  	MOVFF       R0, __Lib_USB_genHID_inPipes
0x07D4	0xF047C001  	MOVFF       R1, __Lib_USB_genHID_inPipes+1
;__Lib_USB_genHID.c,3448 :: 		
0x07D8	0x8049      	BSF         __Lib_USB_genHID_inPipes+3, 0 
;__Lib_USB_genHID.c,3449 :: 		
0x07DA	0x0E01      	MOVLW       1
0x07DC	0x6E4A      	MOVWF       __Lib_USB_genHID_inPipes+4 
;__Lib_USB_genHID.c,3450 :: 		
0x07DE	0x8E49      	BSF         __Lib_USB_genHID_inPipes+3, 7 
;__Lib_USB_genHID.c,3451 :: 		
0x07E0	0xD031      	BRA         L___Lib_USB_genHID_USB_Check_Std_Request121
;__Lib_USB_genHID.c,3452 :: 		
L___Lib_USB_genHID_USB_Check_Std_Request130:
;__Lib_USB_genHID.c,3453 :: 		
0x07E2	0x8E49      	BSF         __Lib_USB_genHID_inPipes+3, 7 
;__Lib_USB_genHID.c,3454 :: 		
0x07E4	0x0E4E      	MOVLW       __Lib_USB_genHID_USBAlternateInterface
0x07E6	0x6EE1      	MOVWF       FSR1L 
0x07E8	0x0E00      	MOVLW       hi_addr(__Lib_USB_genHID_USBAlternateInterface)
0x07EA	0x6EE2      	MOVWF       FSR1L+1 
0x07EC	0x5124      	MOVF        1060, 0, 1
0x07EE	0x26E1      	ADDWF       FSR1L, 1 
0x07F0	0xB0D8      	BTFSC       STATUS, 0 
0x07F2	0x2AE2      	INCF        FSR1L+1, 1 
0x07F4	0xFFE6C422  	MOVFF       1058, POSTINC1
;__Lib_USB_genHID.c,3455 :: 		
0x07F8	0xD025      	BRA         L___Lib_USB_genHID_USB_Check_Std_Request121
;__Lib_USB_genHID.c,3456 :: 		
L___Lib_USB_genHID_USB_Check_Std_Request131:
;__Lib_USB_genHID.c,3458 :: 		
0x07FA	0xD024      	BRA         L___Lib_USB_genHID_USB_Check_Std_Request121
;__Lib_USB_genHID.c,3459 :: 		
L___Lib_USB_genHID_USB_Check_Std_Request132:
;__Lib_USB_genHID.c,3460 :: 		
L___Lib_USB_genHID_USB_Check_Std_Request133:
;__Lib_USB_genHID.c,3461 :: 		
0x07FC	0xD023      	BRA         L___Lib_USB_genHID_USB_Check_Std_Request121
;__Lib_USB_genHID.c,3462 :: 		
L___Lib_USB_genHID_USB_Check_Std_Request120:
0x07FE	0x0104      	MOVLB       4
0x0800	0x5121      	MOVF        1057, 0, 1
0x0802	0x0A05      	XORLW       5
0x0804	0xE0C8      	BZ          L___Lib_USB_genHID_USB_Check_Std_Request122
0x0806	0x5121      	MOVF        1057, 0, 1
0x0808	0x0A06      	XORLW       6
0x080A	0xE0C9      	BZ          L___Lib_USB_genHID_USB_Check_Std_Request123
0x080C	0x5121      	MOVF        1057, 0, 1
0x080E	0x0A09      	XORLW       9
0x0810	0xE0C8      	BZ          L___Lib_USB_genHID_USB_Check_Std_Request124
0x0812	0x5121      	MOVF        1057, 0, 1
0x0814	0x0A08      	XORLW       8
0x0816	0xE0C7      	BZ          L___Lib_USB_genHID_USB_Check_Std_Request125
0x0818	0x5121      	MOVF        1057, 0, 1
0x081A	0x0A00      	XORLW       0
0x081C	0xE0CD      	BZ          L___Lib_USB_genHID_USB_Check_Std_Request126
0x081E	0x5121      	MOVF        1057, 0, 1
0x0820	0x0A01      	XORLW       1
0x0822	0xE0CC      	BZ          L___Lib_USB_genHID_USB_Check_Std_Request127
0x0824	0x5121      	MOVF        1057, 0, 1
0x0826	0x0A03      	XORLW       3
0x0828	0xE0C9      	BZ          L___Lib_USB_genHID_USB_Check_Std_Request128
0x082A	0x5121      	MOVF        1057, 0, 1
0x082C	0x0A0A      	XORLW       10
0x082E	0xE0C8      	BZ          L___Lib_USB_genHID_USB_Check_Std_Request129
0x0830	0x5121      	MOVF        1057, 0, 1
0x0832	0x0A0B      	XORLW       11
0x0834	0xE0D6      	BZ          L___Lib_USB_genHID_USB_Check_Std_Request130
0x0836	0x5121      	MOVF        1057, 0, 1
0x0838	0x0A07      	XORLW       7
0x083A	0xE0DF      	BZ          L___Lib_USB_genHID_USB_Check_Std_Request131
0x083C	0x5121      	MOVF        1057, 0, 1
0x083E	0x0A0C      	XORLW       12
0x0840	0xE0DD      	BZ          L___Lib_USB_genHID_USB_Check_Std_Request132
0x0842	0xD7DC      	BRA         L___Lib_USB_genHID_USB_Check_Std_Request133
L___Lib_USB_genHID_USB_Check_Std_Request121:
;__Lib_USB_genHID.c,3463 :: 		
L_end_USB_Check_Std_Request:
0x0844	0x0012      	RETURN      0
; end of __Lib_USB_genHID_USB_Check_Std_Request
__Lib_USB_genHID_USB_Configure:
;__Lib_USB_genHID.c,2277 :: 		
;__Lib_USB_genHID.c,2278 :: 		
0x0846	0x0E16      	MOVLW       22
0x0848	0x6E6F      	MOVWF       UCFG 
;__Lib_USB_genHID.c,2279 :: 		
0x084A	0x0E9F      	MOVLW       159
0x084C	0x6E6B      	MOVWF       UEIE 
;__Lib_USB_genHID.c,2280 :: 		
0x084E	0x0E3B      	MOVLW       59
0x0850	0x6E69      	MOVWF       UIE 
;__Lib_USB_genHID.c,2281 :: 		
L_end_USB_Configure:
0x0852	0x0012      	RETURN      0
; end of __Lib_USB_genHID_USB_Configure
_USB_Init_Desc:
;USBdsc.c,162 :: 		void USB_Init_Desc(){
;USBdsc.c,163 :: 		USB_config_dsc_ptr[0] = &configDescriptor1;
0x0854	0x0E98      	MOVLW       _configDescriptor1
0x0856	0x6E43      	MOVWF       _USB_config_dsc_ptr 
0x0858	0x0E17      	MOVLW       hi_addr(_configDescriptor1)
0x085A	0x6E44      	MOVWF       _USB_config_dsc_ptr+1 
0x085C	0x0E00      	MOVLW       higher_addr(_configDescriptor1)
0x085E	0x6E45      	MOVWF       _USB_config_dsc_ptr+2 
;USBdsc.c,164 :: 		USB_string_dsc_ptr[0] = (const char*)&strd1;
0x0860	0x0E18      	MOVLW       _strd1
0x0862	0x6E3A      	MOVWF       _USB_string_dsc_ptr 
0x0864	0x0E18      	MOVLW       hi_addr(_strd1)
0x0866	0x6E3B      	MOVWF       _USB_string_dsc_ptr+1 
0x0868	0x0E00      	MOVLW       higher_addr(_strd1)
0x086A	0x6E3C      	MOVWF       _USB_string_dsc_ptr+2 
;USBdsc.c,165 :: 		USB_string_dsc_ptr[1] = (const char*)&strd2;
0x086C	0x0E06      	MOVLW       _strd2
0x086E	0x6E3D      	MOVWF       _USB_string_dsc_ptr+3 
0x0870	0x0E18      	MOVLW       hi_addr(_strd2)
0x0872	0x6E3E      	MOVWF       _USB_string_dsc_ptr+4 
0x0874	0x0E00      	MOVLW       higher_addr(_strd2)
0x0876	0x6E3F      	MOVWF       _USB_string_dsc_ptr+5 
;USBdsc.c,166 :: 		USB_string_dsc_ptr[2] = (const char*)&strd3;
0x0878	0x0EF4      	MOVLW       _strd3
0x087A	0x6E40      	MOVWF       _USB_string_dsc_ptr+6 
0x087C	0x0E17      	MOVLW       hi_addr(_strd3)
0x087E	0x6E41      	MOVWF       _USB_string_dsc_ptr+7 
0x0880	0x0E00      	MOVLW       higher_addr(_strd3)
0x0882	0x6E42      	MOVWF       _USB_string_dsc_ptr+8 
;USBdsc.c,167 :: 		}
L_end_USB_Init_Desc:
0x0884	0x0012      	RETURN      0
; end of _USB_Init_Desc
__Lib_USB_genHID_USB_Prepare_Next_Setup_Trf:
;__Lib_USB_genHID.c,3375 :: 		
;__Lib_USB_genHID.c,3376 :: 		
0x0886	0x6A36      	CLRF        __Lib_USB_genHID_controlTransferState 
;__Lib_USB_genHID.c,3383 :: 		
0x0888	0xFFE1C02B  	MOVFF       __Lib_USB_genHID_BDTEntry_InPtr, FSR1L
0x088C	0xFFE2C02C  	MOVFF       __Lib_USB_genHID_BDTEntry_InPtr+1, FSR1H
0x0890	0x6AE6      	CLRF        POSTINC1 
;__Lib_USB_genHID.c,3387 :: 		
0x0892	0x0E04      	MOVLW       4
0x0894	0x182B      	XORWF       __Lib_USB_genHID_BDTEntry_InPtr, 0 
0x0896	0x6EE1      	MOVWF       FSR1L 
0x0898	0xFFE2C02C  	MOVFF       __Lib_USB_genHID_BDTEntry_InPtr+1, FSR1L+1
0x089C	0x0E00      	MOVLW       0
0x089E	0x1AE2      	XORWF       FSR1L+1, 1 
;__Lib_USB_genHID.c,3388 :: 		
0x08A0	0x6AE6      	CLRF        POSTINC1 
;__Lib_USB_genHID.c,3394 :: 		
0x08A2	0x0100      	MOVLB       0
0x08A4	0xAF61      	BTFSS       __Lib_USB_genHID_outPipes+2, 7, 1
0x08A6	0xD001      	BRA         L___Lib_USB_genHID_USB_Prepare_Next_Setup_Trf118
;__Lib_USB_genHID.c,3398 :: 		
0x08A8	0x9F61      	BCF         __Lib_USB_genHID_outPipes+2, 7, 1
;__Lib_USB_genHID.c,3399 :: 		
L___Lib_USB_genHID_USB_Prepare_Next_Setup_Trf118:
;__Lib_USB_genHID.c,3400 :: 		
L_end_USB_Prepare_Next_Setup_Trf:
0x08AA	0x0012      	RETURN      0
; end of __Lib_USB_genHID_USB_Prepare_Next_Setup_Trf
__Lib_USB_genHID_USB_CB_Check_Other_Req:
;__Lib_USB_genHID.c,4464 :: 		
;__Lib_USB_genHID.c,4465 :: 		
0x08AC	0x0100      	MOVLB       0
0x08AE	0x536B      	MOVF        __Lib_USB_genHID__Is_HID, 1, 1
0x08B0	0xE001      	BZ          L___Lib_USB_genHID_USB_CB_Check_Other_Req229
;__Lib_USB_genHID.c,4466 :: 		
0x08B2	0xDE2C      	RCALL       __Lib_USB_genHID_USB_Check_HID_Request
;__Lib_USB_genHID.c,4467 :: 		
L___Lib_USB_genHID_USB_CB_Check_Other_Req229:
;__Lib_USB_genHID.c,4468 :: 		
L_end_USB_CB_Check_Other_Req:
0x08B4	0x0012      	RETURN      0
; end of __Lib_USB_genHID_USB_CB_Check_Other_Req
__Lib_USB_genHID_USB_CtrlTrf_Rx_Service:
;__Lib_USB_genHID.c,3920 :: 		
;__Lib_USB_genHID.c,3924 :: 		
0x08B6	0x0E01      	MOVLW       1
0x08B8	0x244F      	ADDWF       __Lib_USB_genHID_BDTEntry_EP0Out_CurrentPtr, 0 
0x08BA	0x6EE9      	MOVWF       FSR0L 
0x08BC	0x0E00      	MOVLW       0
0x08BE	0x2050      	ADDWFC      __Lib_USB_genHID_BDTEntry_EP0Out_CurrentPtr+1, 0 
0x08C0	0x6EEA      	MOVWF       FSR0L+1 
0x08C2	0xF000CFEE  	MOVFF       POSTINC0, R0
0x08C6	0xF002C000  	MOVFF       R0, R2
;__Lib_USB_genHID.c,3929 :: 		
0x08CA	0x0E00      	MOVLW       0
0x08CC	0x0100      	MOVLB       0
0x08CE	0x5D63      	SUBWF       __Lib_USB_genHID_outPipes+4, 0, 1
0x08D0	0xE102      	BNZ         L___Lib_USB_genHID_USB_CtrlTrf_Rx_Service321
0x08D2	0x5002      	MOVF        R2, 0 
0x08D4	0x5D62      	SUBWF       __Lib_USB_genHID_outPipes+3, 0, 1
L___Lib_USB_genHID_USB_CtrlTrf_Rx_Service321:
0x08D6	0xE203      	BC          L___Lib_USB_genHID_USB_CtrlTrf_Rx_Service187
;__Lib_USB_genHID.c,3930 :: 		
0x08D8	0xF002C062  	MOVFF       __Lib_USB_genHID_outPipes+3, R2
;__Lib_USB_genHID.c,3931 :: 		
0x08DC	0xD00A      	BRA         L___Lib_USB_genHID_USB_CtrlTrf_Rx_Service188
L___Lib_USB_genHID_USB_CtrlTrf_Rx_Service187:
;__Lib_USB_genHID.c,3932 :: 		
0x08DE	0x5002      	MOVF        R2, 0 
0x08E0	0x5D62      	SUBWF       __Lib_USB_genHID_outPipes+3, 0, 1
0x08E2	0x6E00      	MOVWF       R0 
0x08E4	0x0E00      	MOVLW       0
0x08E6	0x5963      	SUBWFB      __Lib_USB_genHID_outPipes+4, 0, 1
0x08E8	0x6E01      	MOVWF       R1 
0x08EA	0xF062C000  	MOVFF       R0, __Lib_USB_genHID_outPipes+3
0x08EE	0xF063C001  	MOVFF       R1, __Lib_USB_genHID_outPipes+4
;__Lib_USB_genHID.c,3933 :: 		
L___Lib_USB_genHID_USB_CtrlTrf_Rx_Service188:
;__Lib_USB_genHID.c,3935 :: 		
0x08F2	0x6A03      	CLRF        R3 
L___Lib_USB_genHID_USB_CtrlTrf_Rx_Service189:
0x08F4	0x5002      	MOVF        R2, 0 
0x08F6	0x5C03      	SUBWF       R3, 0 
0x08F8	0xE21C      	BC          L___Lib_USB_genHID_USB_CtrlTrf_Rx_Service190
;__Lib_USB_genHID.c,3936 :: 		
0x08FA	0x0E28      	MOVLW       __Lib_USB_genHID_CtrlTrfData
0x08FC	0x6EE9      	MOVWF       FSR0L 
0x08FE	0x0E04      	MOVLW       hi_addr(__Lib_USB_genHID_CtrlTrfData)
0x0900	0x6EEA      	MOVWF       FSR0L+1 
0x0902	0x5003      	MOVF        R3, 0 
0x0904	0x26E9      	ADDWF       FSR0L, 1 
0x0906	0xB0D8      	BTFSC       STATUS, 0 
0x0908	0x2AEA      	INCF        FSR0L+1, 1 
0x090A	0xF000CFEE  	MOVFF       POSTINC0, R0
0x090E	0xFFE1C05F  	MOVFF       __Lib_USB_genHID_outPipes, FSR1L
0x0912	0xFFE2C060  	MOVFF       __Lib_USB_genHID_outPipes+1, FSR1H
0x0916	0xFFE6C000  	MOVFF       R0, POSTINC1
0x091A	0x0E01      	MOVLW       1
0x091C	0x245F      	ADDWF       __Lib_USB_genHID_outPipes, 0 
0x091E	0x6E00      	MOVWF       R0 
0x0920	0x0E00      	MOVLW       0
0x0922	0x2160      	ADDWFC      __Lib_USB_genHID_outPipes+1, 0, 1
0x0924	0x6E01      	MOVWF       R1 
0x0926	0xF05FC000  	MOVFF       R0, __Lib_USB_genHID_outPipes
0x092A	0xF060C001  	MOVFF       R1, __Lib_USB_genHID_outPipes+1
;__Lib_USB_genHID.c,3935 :: 		
0x092E	0x2A03      	INCF        R3, 1 
;__Lib_USB_genHID.c,3937 :: 		
0x0930	0xD7E1      	BRA         L___Lib_USB_genHID_USB_CtrlTrf_Rx_Service189
L___Lib_USB_genHID_USB_CtrlTrf_Rx_Service190:
;__Lib_USB_genHID.c,3940 :: 		
0x0932	0x0E00      	MOVLW       0
0x0934	0x6E00      	MOVWF       R0 
0x0936	0x5163      	MOVF        __Lib_USB_genHID_outPipes+4, 0, 1
0x0938	0x5C00      	SUBWF       R0, 0 
0x093A	0xE102      	BNZ         L___Lib_USB_genHID_USB_CtrlTrf_Rx_Service322
0x093C	0x5162      	MOVF        __Lib_USB_genHID_outPipes+3, 0, 1
0x093E	0x0800      	SUBLW       0
L___Lib_USB_genHID_USB_CtrlTrf_Rx_Service322:
0x0940	0xE228      	BC          L___Lib_USB_genHID_USB_CtrlTrf_Rx_Service192
;__Lib_USB_genHID.c,3946 :: 		
0x0942	0x0E01      	MOVLW       1
0x0944	0x245D      	ADDWF       __Lib_USB_genHID_BDTEntry_EP0Out_NextPtr, 0 
0x0946	0x6EE1      	MOVWF       FSR1L 
0x0948	0x0E00      	MOVLW       0
0x094A	0x205E      	ADDWFC      __Lib_USB_genHID_BDTEntry_EP0Out_NextPtr+1, 0 
0x094C	0x6EE2      	MOVWF       FSR1L+1 
0x094E	0x0E08      	MOVLW       8
0x0950	0x6EE6      	MOVWF       POSTINC1 
;__Lib_USB_genHID.c,3947 :: 		
0x0952	0x0E02      	MOVLW       2
0x0954	0x245D      	ADDWF       __Lib_USB_genHID_BDTEntry_EP0Out_NextPtr, 0 
0x0956	0x6EE1      	MOVWF       FSR1L 
0x0958	0x0E00      	MOVLW       0
0x095A	0x205E      	ADDWFC      __Lib_USB_genHID_BDTEntry_EP0Out_NextPtr+1, 0 
0x095C	0x6EE2      	MOVWF       FSR1L+1 
0x095E	0x0E28      	MOVLW       __Lib_USB_genHID_CtrlTrfData
0x0960	0x6EE6      	MOVWF       POSTINC1 
0x0962	0x0E04      	MOVLW       hi_addr(__Lib_USB_genHID_CtrlTrfData)
0x0964	0x6EE6      	MOVWF       POSTINC1 
;__Lib_USB_genHID.c,3948 :: 		
0x0966	0xFFE9C04F  	MOVFF       __Lib_USB_genHID_BDTEntry_EP0Out_CurrentPtr, FSR0L
0x096A	0xFFEAC050  	MOVFF       __Lib_USB_genHID_BDTEntry_EP0Out_CurrentPtr+1, FSR0H
0x096E	0xF000CFEE  	MOVFF       POSTINC0, R0
0x0972	0xBC00      	BTFSC       R0, 6 
0x0974	0xD007      	BRA         L___Lib_USB_genHID_USB_CtrlTrf_Rx_Service193
;__Lib_USB_genHID.c,3949 :: 		
0x0976	0xFFE1C05D  	MOVFF       __Lib_USB_genHID_BDTEntry_EP0Out_NextPtr, FSR1L
0x097A	0xFFE2C05E  	MOVFF       __Lib_USB_genHID_BDTEntry_EP0Out_NextPtr+1, FSR1H
0x097E	0x0EC8      	MOVLW       200
0x0980	0x6EE6      	MOVWF       POSTINC1 
;__Lib_USB_genHID.c,3950 :: 		
0x0982	0xD006      	BRA         L___Lib_USB_genHID_USB_CtrlTrf_Rx_Service194
L___Lib_USB_genHID_USB_CtrlTrf_Rx_Service193:
;__Lib_USB_genHID.c,3951 :: 		
0x0984	0xFFE1C05D  	MOVFF       __Lib_USB_genHID_BDTEntry_EP0Out_NextPtr, FSR1L
0x0988	0xFFE2C05E  	MOVFF       __Lib_USB_genHID_BDTEntry_EP0Out_NextPtr+1, FSR1H
0x098C	0x0E88      	MOVLW       136
0x098E	0x6EE6      	MOVWF       POSTINC1 
;__Lib_USB_genHID.c,3952 :: 		
L___Lib_USB_genHID_USB_CtrlTrf_Rx_Service194:
;__Lib_USB_genHID.c,3953 :: 		
0x0990	0xD019      	BRA         L___Lib_USB_genHID_USB_CtrlTrf_Rx_Service195
L___Lib_USB_genHID_USB_CtrlTrf_Rx_Service192:
;__Lib_USB_genHID.c,3954 :: 		
0x0992	0x0E01      	MOVLW       1
0x0994	0x245D      	ADDWF       __Lib_USB_genHID_BDTEntry_EP0Out_NextPtr, 0 
0x0996	0x6EE1      	MOVWF       FSR1L 
0x0998	0x0E00      	MOVLW       0
0x099A	0x205E      	ADDWFC      __Lib_USB_genHID_BDTEntry_EP0Out_NextPtr+1, 0 
0x099C	0x6EE2      	MOVWF       FSR1L+1 
0x099E	0x0E08      	MOVLW       8
0x09A0	0x6EE6      	MOVWF       POSTINC1 
;__Lib_USB_genHID.c,3955 :: 		
0x09A2	0x0E02      	MOVLW       2
0x09A4	0x245D      	ADDWF       __Lib_USB_genHID_BDTEntry_EP0Out_NextPtr, 0 
0x09A6	0x6EE1      	MOVWF       FSR1L 
0x09A8	0x0E00      	MOVLW       0
0x09AA	0x205E      	ADDWFC      __Lib_USB_genHID_BDTEntry_EP0Out_NextPtr+1, 0 
0x09AC	0x6EE2      	MOVWF       FSR1L+1 
0x09AE	0x0E20      	MOVLW       __Lib_USB_genHID_SetupPkt
0x09B0	0x6EE6      	MOVWF       POSTINC1 
0x09B2	0x0E04      	MOVLW       hi_addr(__Lib_USB_genHID_SetupPkt)
0x09B4	0x6EE6      	MOVWF       POSTINC1 
;__Lib_USB_genHID.c,3959 :: 		
0x09B6	0xFFE1C05D  	MOVFF       __Lib_USB_genHID_BDTEntry_EP0Out_NextPtr, FSR1L
0x09BA	0xFFE2C05E  	MOVFF       __Lib_USB_genHID_BDTEntry_EP0Out_NextPtr+1, FSR1H
0x09BE	0x0E84      	MOVLW       132
0x09C0	0x6EE6      	MOVWF       POSTINC1 
;__Lib_USB_genHID.c,3964 :: 		
0x09C2	0x9F61      	BCF         __Lib_USB_genHID_outPipes+2, 7, 1
;__Lib_USB_genHID.c,3965 :: 		
L___Lib_USB_genHID_USB_CtrlTrf_Rx_Service195:
;__Lib_USB_genHID.c,3966 :: 		
L_end_USB_CtrlTrf_Rx_Service:
0x09C4	0x0012      	RETURN      0
; end of __Lib_USB_genHID_USB_CtrlTrf_Rx_Service
__Lib_USB_genHID_USB_CtrlEP_Service_Complete:
;__Lib_USB_genHID.c,3702 :: 		
;__Lib_USB_genHID.c,3708 :: 		
0x09C6	0x986D      	BCF         PKTDIS_bit, BitPos(PKTDIS_bit+0) 
;__Lib_USB_genHID.c,3710 :: 		
0x09C8	0xBE49      	BTFSC       __Lib_USB_genHID_inPipes+3, 7 
0x09CA	0xD04A      	BRA         L___Lib_USB_genHID_USB_CtrlEP_Service_Complete168
;__Lib_USB_genHID.c,3711 :: 		
0x09CC	0x0100      	MOVLB       0
0x09CE	0xAF61      	BTFSS       __Lib_USB_genHID_outPipes+2, 7, 1
0x09D0	0xD028      	BRA         L___Lib_USB_genHID_USB_CtrlEP_Service_Complete169
;__Lib_USB_genHID.c,3712 :: 		
0x09D2	0x0E02      	MOVLW       2
0x09D4	0x6E36      	MOVWF       __Lib_USB_genHID_controlTransferState 
;__Lib_USB_genHID.c,3725 :: 		
0x09D6	0x0E01      	MOVLW       1
0x09D8	0x242B      	ADDWF       __Lib_USB_genHID_BDTEntry_InPtr, 0 
0x09DA	0x6EE1      	MOVWF       FSR1L 
0x09DC	0x0E00      	MOVLW       0
0x09DE	0x202C      	ADDWFC      __Lib_USB_genHID_BDTEntry_InPtr+1, 0 
0x09E0	0x6EE2      	MOVWF       FSR1L+1 
0x09E2	0x6AE6      	CLRF        POSTINC1 
;__Lib_USB_genHID.c,3726 :: 		
0x09E4	0xFFE1C02B  	MOVFF       __Lib_USB_genHID_BDTEntry_InPtr, FSR1L
0x09E8	0xFFE2C02C  	MOVFF       __Lib_USB_genHID_BDTEntry_InPtr+1, FSR1H
0x09EC	0x0EC8      	MOVLW       200
0x09EE	0x6EE6      	MOVWF       POSTINC1 
;__Lib_USB_genHID.c,3731 :: 		
0x09F0	0x0E01      	MOVLW       1
0x09F2	0x245D      	ADDWF       __Lib_USB_genHID_BDTEntry_EP0Out_NextPtr, 0 
0x09F4	0x6EE1      	MOVWF       FSR1L 
0x09F6	0x0E00      	MOVLW       0
0x09F8	0x205E      	ADDWFC      __Lib_USB_genHID_BDTEntry_EP0Out_NextPtr+1, 0 
0x09FA	0x6EE2      	MOVWF       FSR1L+1 
0x09FC	0x0E08      	MOVLW       8
0x09FE	0x6EE6      	MOVWF       POSTINC1 
;__Lib_USB_genHID.c,3732 :: 		
0x0A00	0x0E02      	MOVLW       2
0x0A02	0x245D      	ADDWF       __Lib_USB_genHID_BDTEntry_EP0Out_NextPtr, 0 
0x0A04	0x6EE1      	MOVWF       FSR1L 
0x0A06	0x0E00      	MOVLW       0
0x0A08	0x205E      	ADDWFC      __Lib_USB_genHID_BDTEntry_EP0Out_NextPtr+1, 0 
0x0A0A	0x6EE2      	MOVWF       FSR1L+1 
0x0A0C	0x0E28      	MOVLW       __Lib_USB_genHID_CtrlTrfData
0x0A0E	0x6EE6      	MOVWF       POSTINC1 
0x0A10	0x0E04      	MOVLW       hi_addr(__Lib_USB_genHID_CtrlTrfData)
0x0A12	0x6EE6      	MOVWF       POSTINC1 
;__Lib_USB_genHID.c,3733 :: 		
0x0A14	0xFFE1C05D  	MOVFF       __Lib_USB_genHID_BDTEntry_EP0Out_NextPtr, FSR1L
0x0A18	0xFFE2C05E  	MOVFF       __Lib_USB_genHID_BDTEntry_EP0Out_NextPtr+1, FSR1H
0x0A1C	0x0EC8      	MOVLW       200
0x0A1E	0x6EE6      	MOVWF       POSTINC1 
;__Lib_USB_genHID.c,3734 :: 		
0x0A20	0xD01E      	BRA         L___Lib_USB_genHID_USB_CtrlEP_Service_Complete170
L___Lib_USB_genHID_USB_CtrlEP_Service_Complete169:
;__Lib_USB_genHID.c,3739 :: 		
0x0A22	0x0E01      	MOVLW       1
0x0A24	0x245D      	ADDWF       __Lib_USB_genHID_BDTEntry_EP0Out_NextPtr, 0 
0x0A26	0x6EE1      	MOVWF       FSR1L 
0x0A28	0x0E00      	MOVLW       0
0x0A2A	0x205E      	ADDWFC      __Lib_USB_genHID_BDTEntry_EP0Out_NextPtr+1, 0 
0x0A2C	0x6EE2      	MOVWF       FSR1L+1 
0x0A2E	0x0E08      	MOVLW       8
0x0A30	0x6EE6      	MOVWF       POSTINC1 
;__Lib_USB_genHID.c,3740 :: 		
0x0A32	0x0E02      	MOVLW       2
0x0A34	0x245D      	ADDWF       __Lib_USB_genHID_BDTEntry_EP0Out_NextPtr, 0 
0x0A36	0x6EE1      	MOVWF       FSR1L 
0x0A38	0x0E00      	MOVLW       0
0x0A3A	0x205E      	ADDWFC      __Lib_USB_genHID_BDTEntry_EP0Out_NextPtr+1, 0 
0x0A3C	0x6EE2      	MOVWF       FSR1L+1 
0x0A3E	0x0E20      	MOVLW       __Lib_USB_genHID_SetupPkt
0x0A40	0x6EE6      	MOVWF       POSTINC1 
0x0A42	0x0E04      	MOVLW       hi_addr(__Lib_USB_genHID_SetupPkt)
0x0A44	0x6EE6      	MOVWF       POSTINC1 
;__Lib_USB_genHID.c,3741 :: 		
0x0A46	0xFFE1C05D  	MOVFF       __Lib_USB_genHID_BDTEntry_EP0Out_NextPtr, FSR1L
0x0A4A	0xFFE2C05E  	MOVFF       __Lib_USB_genHID_BDTEntry_EP0Out_NextPtr+1, FSR1H
0x0A4E	0x0E8C      	MOVLW       140
0x0A50	0x6EE6      	MOVWF       POSTINC1 
;__Lib_USB_genHID.c,3742 :: 		
0x0A52	0xFFE1C02B  	MOVFF       __Lib_USB_genHID_BDTEntry_InPtr, FSR1L
0x0A56	0xFFE2C02C  	MOVFF       __Lib_USB_genHID_BDTEntry_InPtr+1, FSR1H
0x0A5A	0x0E84      	MOVLW       132
0x0A5C	0x6EE6      	MOVWF       POSTINC1 
;__Lib_USB_genHID.c,3743 :: 		
L___Lib_USB_genHID_USB_CtrlEP_Service_Complete170:
;__Lib_USB_genHID.c,3744 :: 		
0x0A5E	0xD07F      	BRA         L___Lib_USB_genHID_USB_CtrlEP_Service_Complete171
L___Lib_USB_genHID_USB_CtrlEP_Service_Complete168:
0x0A60	0x0100      	MOVLB       0
;__Lib_USB_genHID.c,3746 :: 		
0x0A62	0xBF61      	BTFSC       __Lib_USB_genHID_outPipes+2, 7, 1
0x0A64	0xD07C      	BRA         L___Lib_USB_genHID_USB_CtrlEP_Service_Complete172
;__Lib_USB_genHID.c,3747 :: 		
0x0A66	0x0104      	MOVLB       4
0x0A68	0xAF20      	BTFSS       __Lib_USB_genHID_SetupPkt, 7, 1
0x0A6A	0xD052      	BRA         L___Lib_USB_genHID_USB_CtrlEP_Service_Complete173
;__Lib_USB_genHID.c,3748 :: 		
0x0A6C	0x504B      	MOVF        __Lib_USB_genHID_inPipes+5, 0 
0x0A6E	0x5D27      	SUBWF       1063, 0, 1
0x0A70	0xE102      	BNZ         L___Lib_USB_genHID_USB_CtrlEP_Service_Complete317
0x0A72	0x504A      	MOVF        __Lib_USB_genHID_inPipes+4, 0 
0x0A74	0x5D26      	SUBWF       1062, 0, 1
L___Lib_USB_genHID_USB_CtrlEP_Service_Complete317:
0x0A76	0xE204      	BC          L___Lib_USB_genHID_USB_CtrlEP_Service_Complete174
;__Lib_USB_genHID.c,3749 :: 		
0x0A78	0xF04AC426  	MOVFF       1062, __Lib_USB_genHID_inPipes+4
0x0A7C	0xF04BC427  	MOVFF       1063, __Lib_USB_genHID_inPipes+5
;__Lib_USB_genHID.c,3750 :: 		
L___Lib_USB_genHID_USB_CtrlEP_Service_Complete174:
;__Lib_USB_genHID.c,3751 :: 		
0x0A80	0xDDDB      	RCALL       __Lib_USB_genHID_USB_CtrlTrf_Tx_Service
;__Lib_USB_genHID.c,3752 :: 		
0x0A82	0x0E01      	MOVLW       1
0x0A84	0x6E36      	MOVWF       __Lib_USB_genHID_controlTransferState 
;__Lib_USB_genHID.c,3775 :: 		
0x0A86	0x0E01      	MOVLW       1
0x0A88	0x245D      	ADDWF       __Lib_USB_genHID_BDTEntry_EP0Out_NextPtr, 0 
0x0A8A	0x6EE1      	MOVWF       FSR1L 
0x0A8C	0x0E00      	MOVLW       0
0x0A8E	0x205E      	ADDWFC      __Lib_USB_genHID_BDTEntry_EP0Out_NextPtr+1, 0 
0x0A90	0x6EE2      	MOVWF       FSR1L+1 
0x0A92	0x0E08      	MOVLW       8
0x0A94	0x6EE6      	MOVWF       POSTINC1 
;__Lib_USB_genHID.c,3776 :: 		
0x0A96	0x0E02      	MOVLW       2
0x0A98	0x245D      	ADDWF       __Lib_USB_genHID_BDTEntry_EP0Out_NextPtr, 0 
0x0A9A	0x6EE1      	MOVWF       FSR1L 
0x0A9C	0x0E00      	MOVLW       0
0x0A9E	0x205E      	ADDWFC      __Lib_USB_genHID_BDTEntry_EP0Out_NextPtr+1, 0 
0x0AA0	0x6EE2      	MOVWF       FSR1L+1 
0x0AA2	0x0E20      	MOVLW       __Lib_USB_genHID_SetupPkt
0x0AA4	0x6EE6      	MOVWF       POSTINC1 
0x0AA6	0x0E04      	MOVLW       hi_addr(__Lib_USB_genHID_SetupPkt)
0x0AA8	0x6EE6      	MOVWF       POSTINC1 
;__Lib_USB_genHID.c,3777 :: 		
0x0AAA	0xFFE1C05D  	MOVFF       __Lib_USB_genHID_BDTEntry_EP0Out_NextPtr, FSR1L
0x0AAE	0xFFE2C05E  	MOVFF       __Lib_USB_genHID_BDTEntry_EP0Out_NextPtr+1, FSR1H
0x0AB2	0x0E80      	MOVLW       128
0x0AB4	0x6EE6      	MOVWF       POSTINC1 
;__Lib_USB_genHID.c,3778 :: 		
0x0AB6	0x0100      	MOVLB       0
0x0AB8	0x6B69      	CLRF        __Lib_USB_genHID_BothEP0OutUOWNsSet, 1
;__Lib_USB_genHID.c,3781 :: 		
0x0ABA	0x0E01      	MOVLW       1
0x0ABC	0x244F      	ADDWF       __Lib_USB_genHID_BDTEntry_EP0Out_CurrentPtr, 0 
0x0ABE	0x6EE1      	MOVWF       FSR1L 
0x0AC0	0x0E00      	MOVLW       0
0x0AC2	0x2050      	ADDWFC      __Lib_USB_genHID_BDTEntry_EP0Out_CurrentPtr+1, 0 
0x0AC4	0x6EE2      	MOVWF       FSR1L+1 
0x0AC6	0x0E08      	MOVLW       8
0x0AC8	0x6EE6      	MOVWF       POSTINC1 
;__Lib_USB_genHID.c,3782 :: 		
0x0ACA	0x0E02      	MOVLW       2
0x0ACC	0x244F      	ADDWF       __Lib_USB_genHID_BDTEntry_EP0Out_CurrentPtr, 0 
0x0ACE	0x6EE1      	MOVWF       FSR1L 
0x0AD0	0x0E00      	MOVLW       0
0x0AD2	0x2050      	ADDWFC      __Lib_USB_genHID_BDTEntry_EP0Out_CurrentPtr+1, 0 
0x0AD4	0x6EE2      	MOVWF       FSR1L+1 
0x0AD6	0x0E20      	MOVLW       __Lib_USB_genHID_SetupPkt
0x0AD8	0x6EE6      	MOVWF       POSTINC1 
0x0ADA	0x0E04      	MOVLW       hi_addr(__Lib_USB_genHID_SetupPkt)
0x0ADC	0x6EE6      	MOVWF       POSTINC1 
;__Lib_USB_genHID.c,3783 :: 		
0x0ADE	0xFFE1C04F  	MOVFF       __Lib_USB_genHID_BDTEntry_EP0Out_CurrentPtr, FSR1L
0x0AE2	0xFFE2C050  	MOVFF       __Lib_USB_genHID_BDTEntry_EP0Out_CurrentPtr+1, FSR1H
0x0AE6	0x0E84      	MOVLW       132
0x0AE8	0x6EE6      	MOVWF       POSTINC1 
;__Lib_USB_genHID.c,3784 :: 		
0x0AEA	0x0E01      	MOVLW       1
0x0AEC	0x6F69      	MOVWF       __Lib_USB_genHID_BothEP0OutUOWNsSet, 1
;__Lib_USB_genHID.c,3791 :: 		
0x0AEE	0x0E02      	MOVLW       2
0x0AF0	0x242B      	ADDWF       __Lib_USB_genHID_BDTEntry_InPtr, 0 
0x0AF2	0x6EE1      	MOVWF       FSR1L 
0x0AF4	0x0E00      	MOVLW       0
0x0AF6	0x202C      	ADDWFC      __Lib_USB_genHID_BDTEntry_InPtr+1, 0 
0x0AF8	0x6EE2      	MOVWF       FSR1L+1 
0x0AFA	0x0E28      	MOVLW       __Lib_USB_genHID_CtrlTrfData
0x0AFC	0x6EE6      	MOVWF       POSTINC1 
0x0AFE	0x0E04      	MOVLW       hi_addr(__Lib_USB_genHID_CtrlTrfData)
0x0B00	0x6EE6      	MOVWF       POSTINC1 
;__Lib_USB_genHID.c,3792 :: 		
0x0B02	0xFFE1C02B  	MOVFF       __Lib_USB_genHID_BDTEntry_InPtr, FSR1L
0x0B06	0xFFE2C02C  	MOVFF       __Lib_USB_genHID_BDTEntry_InPtr+1, FSR1H
0x0B0A	0x0EC8      	MOVLW       200
0x0B0C	0x6EE6      	MOVWF       POSTINC1 
;__Lib_USB_genHID.c,3793 :: 		
0x0B0E	0xD027      	BRA         L___Lib_USB_genHID_USB_CtrlEP_Service_Complete175
L___Lib_USB_genHID_USB_CtrlEP_Service_Complete173:
;__Lib_USB_genHID.c,3795 :: 		
0x0B10	0x0E02      	MOVLW       2
0x0B12	0x6E36      	MOVWF       __Lib_USB_genHID_controlTransferState 
;__Lib_USB_genHID.c,3805 :: 		
0x0B14	0x0E01      	MOVLW       1
0x0B16	0x242B      	ADDWF       __Lib_USB_genHID_BDTEntry_InPtr, 0 
0x0B18	0x6EE1      	MOVWF       FSR1L 
0x0B1A	0x0E00      	MOVLW       0
0x0B1C	0x202C      	ADDWFC      __Lib_USB_genHID_BDTEntry_InPtr+1, 0 
0x0B1E	0x6EE2      	MOVWF       FSR1L+1 
0x0B20	0x6AE6      	CLRF        POSTINC1 
;__Lib_USB_genHID.c,3806 :: 		
0x0B22	0xFFE1C02B  	MOVFF       __Lib_USB_genHID_BDTEntry_InPtr, FSR1L
0x0B26	0xFFE2C02C  	MOVFF       __Lib_USB_genHID_BDTEntry_InPtr+1, FSR1H
0x0B2A	0x0EC8      	MOVLW       200
0x0B2C	0x6EE6      	MOVWF       POSTINC1 
;__Lib_USB_genHID.c,3811 :: 		
0x0B2E	0x0E01      	MOVLW       1
0x0B30	0x245D      	ADDWF       __Lib_USB_genHID_BDTEntry_EP0Out_NextPtr, 0 
0x0B32	0x6EE1      	MOVWF       FSR1L 
0x0B34	0x0E00      	MOVLW       0
0x0B36	0x205E      	ADDWFC      __Lib_USB_genHID_BDTEntry_EP0Out_NextPtr+1, 0 
0x0B38	0x6EE2      	MOVWF       FSR1L+1 
0x0B3A	0x0E08      	MOVLW       8
0x0B3C	0x6EE6      	MOVWF       POSTINC1 
;__Lib_USB_genHID.c,3812 :: 		
0x0B3E	0x0E02      	MOVLW       2
0x0B40	0x245D      	ADDWF       __Lib_USB_genHID_BDTEntry_EP0Out_NextPtr, 0 
0x0B42	0x6EE1      	MOVWF       FSR1L 
0x0B44	0x0E00      	MOVLW       0
0x0B46	0x205E      	ADDWFC      __Lib_USB_genHID_BDTEntry_EP0Out_NextPtr+1, 0 
0x0B48	0x6EE2      	MOVWF       FSR1L+1 
0x0B4A	0x0E28      	MOVLW       __Lib_USB_genHID_CtrlTrfData
0x0B4C	0x6EE6      	MOVWF       POSTINC1 
0x0B4E	0x0E04      	MOVLW       hi_addr(__Lib_USB_genHID_CtrlTrfData)
0x0B50	0x6EE6      	MOVWF       POSTINC1 
;__Lib_USB_genHID.c,3813 :: 		
0x0B52	0xFFE1C05D  	MOVFF       __Lib_USB_genHID_BDTEntry_EP0Out_NextPtr, FSR1L
0x0B56	0xFFE2C05E  	MOVFF       __Lib_USB_genHID_BDTEntry_EP0Out_NextPtr+1, FSR1H
0x0B5A	0x0EC8      	MOVLW       200
0x0B5C	0x6EE6      	MOVWF       POSTINC1 
;__Lib_USB_genHID.c,3814 :: 		
L___Lib_USB_genHID_USB_CtrlEP_Service_Complete175:
;__Lib_USB_genHID.c,3815 :: 		
L___Lib_USB_genHID_USB_CtrlEP_Service_Complete172:
;__Lib_USB_genHID.c,3816 :: 		
L___Lib_USB_genHID_USB_CtrlEP_Service_Complete171:
;__Lib_USB_genHID.c,3818 :: 		
L_end_USB_CtrlEP_Service_Complete:
0x0B5E	0x0012      	RETURN      0
; end of __Lib_USB_genHID_USB_CtrlEP_Service_Complete
__Lib_USB_genHID_USB_Wake_From_Suspend:
;__Lib_USB_genHID.c,3074 :: 		
;__Lib_USB_genHID.c,3086 :: 		
0x0B60	0x926D      	BCF         UCON, 1 
;__Lib_USB_genHID.c,3089 :: 		
0x0B62	0x9469      	BCF         ACTVIE_bit, BitPos(ACTVIE_bit+0) 
;__Lib_USB_genHID.c,3105 :: 		
L___Lib_USB_genHID_USB_Wake_From_Suspend93:
0x0B64	0xA468      	BTFSS       ACTVIF_bit, BitPos(ACTVIF_bit+0) 
0x0B66	0xD003      	BRA         L___Lib_USB_genHID_USB_Wake_From_Suspend94
;__Lib_USB_genHID.c,3107 :: 		
0x0B68	0x0EFB      	MOVLW       251
0x0B6A	0x1668      	ANDWF       UIR, 1 
;__Lib_USB_genHID.c,3108 :: 		
0x0B6C	0xD7FB      	BRA         L___Lib_USB_genHID_USB_Wake_From_Suspend93
L___Lib_USB_genHID_USB_Wake_From_Suspend94:
;__Lib_USB_genHID.c,3110 :: 		
L_end_USB_Wake_From_Suspend:
0x0B6E	0x0012      	RETURN      0
; end of __Lib_USB_genHID_USB_Wake_From_Suspend
__Lib_USB_genHID_USB_Suspend:
;__Lib_USB_genHID.c,3020 :: 		
;__Lib_USB_genHID.c,3044 :: 		
0x0B70	0x8469      	BSF         ACTVIE_bit, BitPos(ACTVIE_bit+0) 
;__Lib_USB_genHID.c,3045 :: 		
0x0B72	0x0EEF      	MOVLW       239
0x0B74	0x1668      	ANDWF       UIR, 1 
;__Lib_USB_genHID.c,3048 :: 		
0x0B76	0x826D      	BSF         UCON, 1 
;__Lib_USB_genHID.c,3057 :: 		
L_end_USB_Suspend:
0x0B78	0x0012      	RETURN      0
; end of __Lib_USB_genHID_USB_Suspend
__Lib_USB_genHID_USB_Clear_Interrupt:
;__Lib_USB_genHID.c,2257 :: 		
0x0B7A	0x9AA1      	BCF         USBIF_bit, BitPos(USBIF_bit+0) 
L_end_USB_Clear_Interrupt:
0x0B7C	0x0012      	RETURN      0
; end of __Lib_USB_genHID_USB_Clear_Interrupt
__Lib_USB_genHID_USB_CtrlTrf_In_Handler:
;__Lib_USB_genHID.c,3311 :: 		
;__Lib_USB_genHID.c,3319 :: 		
0x0B7E	0x0E04      	MOVLW       4
0x0B80	0x182B      	XORWF       __Lib_USB_genHID_BDTEntry_InPtr, 0 
0x0B82	0x6E00      	MOVWF       R0 
0x0B84	0xF02BC000  	MOVFF       R0, __Lib_USB_genHID_BDTEntry_InPtr
;__Lib_USB_genHID.c,3322 :: 		
0x0B88	0x504C      	MOVF        __Lib_USB_genHID_USBDeviceState, 0 
0x0B8A	0x0A08      	XORLW       8
0x0B8C	0xE10A      	BNZ         L___Lib_USB_genHID_USB_CtrlTrf_In_Handler109
;__Lib_USB_genHID.c,3323 :: 		
0x0B8E	0xFF6EC422  	MOVFF       1058, UADDR
;__Lib_USB_genHID.c,3324 :: 		
0x0B92	0x506E      	MOVF        UADDR, 0 
0x0B94	0x0800      	SUBLW       0
0x0B96	0xE203      	BC          L___Lib_USB_genHID_USB_CtrlTrf_In_Handler110
;__Lib_USB_genHID.c,3325 :: 		
0x0B98	0x0E10      	MOVLW       16
0x0B9A	0x6E4C      	MOVWF       __Lib_USB_genHID_USBDeviceState 
;__Lib_USB_genHID.c,3326 :: 		
0x0B9C	0xD002      	BRA         L___Lib_USB_genHID_USB_CtrlTrf_In_Handler111
L___Lib_USB_genHID_USB_CtrlTrf_In_Handler110:
;__Lib_USB_genHID.c,3327 :: 		
0x0B9E	0x0E04      	MOVLW       4
0x0BA0	0x6E4C      	MOVWF       __Lib_USB_genHID_USBDeviceState 
;__Lib_USB_genHID.c,3328 :: 		
L___Lib_USB_genHID_USB_CtrlTrf_In_Handler111:
;__Lib_USB_genHID.c,3329 :: 		
L___Lib_USB_genHID_USB_CtrlTrf_In_Handler109:
;__Lib_USB_genHID.c,3332 :: 		
0x0BA2	0x5036      	MOVF        __Lib_USB_genHID_controlTransferState, 0 
0x0BA4	0x0A01      	XORLW       1
0x0BA6	0xE13A      	BNZ         L___Lib_USB_genHID_USB_CtrlTrf_In_Handler112
;__Lib_USB_genHID.c,3333 :: 		
0x0BA8	0x0E02      	MOVLW       2
0x0BAA	0x242B      	ADDWF       __Lib_USB_genHID_BDTEntry_InPtr, 0 
0x0BAC	0x6EE1      	MOVWF       FSR1L 
0x0BAE	0x0E00      	MOVLW       0
0x0BB0	0x202C      	ADDWFC      __Lib_USB_genHID_BDTEntry_InPtr+1, 0 
0x0BB2	0x6EE2      	MOVWF       FSR1L+1 
0x0BB4	0x0E28      	MOVLW       __Lib_USB_genHID_CtrlTrfData
0x0BB6	0x6EE6      	MOVWF       POSTINC1 
0x0BB8	0x0E04      	MOVLW       hi_addr(__Lib_USB_genHID_CtrlTrfData)
0x0BBA	0x6EE6      	MOVWF       POSTINC1 
;__Lib_USB_genHID.c,3334 :: 		
0x0BBC	0xDD3D      	RCALL       __Lib_USB_genHID_USB_CtrlTrf_Tx_Service
;__Lib_USB_genHID.c,3337 :: 		
0x0BBE	0x5037      	MOVF        __Lib_USB_genHID_shortPacketStatus, 0 
0x0BC0	0x0A02      	XORLW       2
0x0BC2	0xE107      	BNZ         L___Lib_USB_genHID_USB_CtrlTrf_In_Handler113
;__Lib_USB_genHID.c,3340 :: 		
0x0BC4	0xFFE1C02B  	MOVFF       __Lib_USB_genHID_BDTEntry_InPtr, FSR1L
0x0BC8	0xFFE2C02C  	MOVFF       __Lib_USB_genHID_BDTEntry_InPtr+1, FSR1H
0x0BCC	0x0E84      	MOVLW       132
0x0BCE	0x6EE6      	MOVWF       POSTINC1 
;__Lib_USB_genHID.c,3341 :: 		
0x0BD0	0xD024      	BRA         L___Lib_USB_genHID_USB_CtrlTrf_In_Handler114
L___Lib_USB_genHID_USB_CtrlTrf_In_Handler113:
;__Lib_USB_genHID.c,3342 :: 		
0x0BD2	0x0E04      	MOVLW       4
0x0BD4	0x182B      	XORWF       __Lib_USB_genHID_BDTEntry_InPtr, 0 
0x0BD6	0x6E00      	MOVWF       R0 
0x0BD8	0xF02BC000  	MOVFF       R0, __Lib_USB_genHID_BDTEntry_InPtr
;__Lib_USB_genHID.c,3343 :: 		
0x0BDC	0xFFE9C02B  	MOVFF       __Lib_USB_genHID_BDTEntry_InPtr, FSR0L
0x0BE0	0xFFEAC02C  	MOVFF       __Lib_USB_genHID_BDTEntry_InPtr+1, FSR0H
0x0BE4	0xF000CFEE  	MOVFF       POSTINC0, R0
0x0BE8	0xBC00      	BTFSC       R0, 6 
0x0BEA	0xD00C      	BRA         L___Lib_USB_genHID_USB_CtrlTrf_In_Handler115
;__Lib_USB_genHID.c,3344 :: 		
0x0BEC	0x0E04      	MOVLW       4
0x0BEE	0x182B      	XORWF       __Lib_USB_genHID_BDTEntry_InPtr, 0 
0x0BF0	0x6E00      	MOVWF       R0 
0x0BF2	0xF02BC000  	MOVFF       R0, __Lib_USB_genHID_BDTEntry_InPtr
;__Lib_USB_genHID.c,3345 :: 		
0x0BF6	0xFFE1C02B  	MOVFF       __Lib_USB_genHID_BDTEntry_InPtr, FSR1L
0x0BFA	0xFFE2C02C  	MOVFF       __Lib_USB_genHID_BDTEntry_InPtr+1, FSR1H
0x0BFE	0x0EC8      	MOVLW       200
0x0C00	0x6EE6      	MOVWF       POSTINC1 
;__Lib_USB_genHID.c,3346 :: 		
0x0C02	0xD00B      	BRA         L___Lib_USB_genHID_USB_CtrlTrf_In_Handler116
L___Lib_USB_genHID_USB_CtrlTrf_In_Handler115:
;__Lib_USB_genHID.c,3347 :: 		
0x0C04	0x0E04      	MOVLW       4
0x0C06	0x182B      	XORWF       __Lib_USB_genHID_BDTEntry_InPtr, 0 
0x0C08	0x6E00      	MOVWF       R0 
0x0C0A	0xF02BC000  	MOVFF       R0, __Lib_USB_genHID_BDTEntry_InPtr
;__Lib_USB_genHID.c,3348 :: 		
0x0C0E	0xFFE1C02B  	MOVFF       __Lib_USB_genHID_BDTEntry_InPtr, FSR1L
0x0C12	0xFFE2C02C  	MOVFF       __Lib_USB_genHID_BDTEntry_InPtr+1, FSR1H
0x0C16	0x0E88      	MOVLW       136
0x0C18	0x6EE6      	MOVWF       POSTINC1 
;__Lib_USB_genHID.c,3349 :: 		
L___Lib_USB_genHID_USB_CtrlTrf_In_Handler116:
;__Lib_USB_genHID.c,3350 :: 		
L___Lib_USB_genHID_USB_CtrlTrf_In_Handler114:
;__Lib_USB_genHID.c,3351 :: 		
0x0C1A	0xD001      	BRA         L___Lib_USB_genHID_USB_CtrlTrf_In_Handler117
L___Lib_USB_genHID_USB_CtrlTrf_In_Handler112:
;__Lib_USB_genHID.c,3353 :: 		
0x0C1C	0xDE34      	RCALL       __Lib_USB_genHID_USB_Prepare_Next_Setup_Trf
;__Lib_USB_genHID.c,3354 :: 		
L___Lib_USB_genHID_USB_CtrlTrf_In_Handler117:
;__Lib_USB_genHID.c,3356 :: 		
L_end_USB_CtrlTrf_In_Handler:
0x0C1E	0x0012      	RETURN      0
; end of __Lib_USB_genHID_USB_CtrlTrf_In_Handler
__Lib_USB_genHID_USB_Stall_Handler:
;__Lib_USB_genHID.c,2980 :: 		
;__Lib_USB_genHID.c,2992 :: 		
0x0C20	0xA070      	BTFSS       EPSTALL_bit, BitPos(EPSTALL_bit+0) 
0x0C22	0xD01C      	BRA         L___Lib_USB_genHID_USB_Stall_Handler89
;__Lib_USB_genHID.c,2994 :: 		
0x0C24	0xFFE9C04F  	MOVFF       __Lib_USB_genHID_BDTEntry_EP0Out_CurrentPtr, FSR0L
0x0C28	0xFFEAC050  	MOVFF       __Lib_USB_genHID_BDTEntry_EP0Out_CurrentPtr+1, FSR0H
0x0C2C	0xF001CFEE  	MOVFF       POSTINC0, R1
0x0C30	0x5001      	MOVF        R1, 0 
0x0C32	0x0A80      	XORLW       128
0x0C34	0xE112      	BNZ         L___Lib_USB_genHID_USB_Stall_Handler92
0x0C36	0xFFE9C02B  	MOVFF       __Lib_USB_genHID_BDTEntry_InPtr, FSR0L
0x0C3A	0xFFEAC02C  	MOVFF       __Lib_USB_genHID_BDTEntry_InPtr+1, FSR0H
0x0C3E	0xF001CFEE  	MOVFF       POSTINC0, R1
0x0C42	0x0E00      	MOVLW       0
0x0C44	0x0A00      	XORLW       0
0x0C46	0xE102      	BNZ         L___Lib_USB_genHID_USB_Stall_Handler299
0x0C48	0x0E84      	MOVLW       132
0x0C4A	0x1801      	XORWF       R1, 0 
L___Lib_USB_genHID_USB_Stall_Handler299:
0x0C4C	0xE106      	BNZ         L___Lib_USB_genHID_USB_Stall_Handler92
L___Lib_USB_genHID_USB_Stall_Handler275:
;__Lib_USB_genHID.c,2996 :: 		
0x0C4E	0xFFE1C04F  	MOVFF       __Lib_USB_genHID_BDTEntry_EP0Out_CurrentPtr, FSR1L
0x0C52	0xFFE2C050  	MOVFF       __Lib_USB_genHID_BDTEntry_EP0Out_CurrentPtr+1, FSR1H
0x0C56	0x0E8C      	MOVLW       140
0x0C58	0x6EE6      	MOVWF       POSTINC1 
;__Lib_USB_genHID.c,2997 :: 		
L___Lib_USB_genHID_USB_Stall_Handler92:
;__Lib_USB_genHID.c,2998 :: 		
0x0C5A	0x9070      	BCF         UEP0, 0 
;__Lib_USB_genHID.c,2999 :: 		
L___Lib_USB_genHID_USB_Stall_Handler89:
;__Lib_USB_genHID.c,3001 :: 		
0x0C5C	0x0EDF      	MOVLW       223
0x0C5E	0x1668      	ANDWF       UIR, 1 
;__Lib_USB_genHID.c,3002 :: 		
L_end_USB_Stall_Handler:
0x0C60	0x0012      	RETURN      0
; end of __Lib_USB_genHID_USB_Stall_Handler
__Lib_USB_genHID_USB_CtrlTrf_Out_Handler:
;__Lib_USB_genHID.c,3267 :: 		
;__Lib_USB_genHID.c,3268 :: 		
0x0C62	0x5036      	MOVF        __Lib_USB_genHID_controlTransferState, 0 
0x0C64	0x0A02      	XORLW       2
0x0C66	0xE102      	BNZ         L___Lib_USB_genHID_USB_CtrlTrf_Out_Handler105
;__Lib_USB_genHID.c,3269 :: 		
0x0C68	0xDE26      	RCALL       __Lib_USB_genHID_USB_CtrlTrf_Rx_Service
;__Lib_USB_genHID.c,3270 :: 		
0x0C6A	0xD01E      	BRA         L___Lib_USB_genHID_USB_CtrlTrf_Out_Handler106
L___Lib_USB_genHID_USB_CtrlTrf_Out_Handler105:
;__Lib_USB_genHID.c,3277 :: 		
0x0C6C	0xDE0C      	RCALL       __Lib_USB_genHID_USB_Prepare_Next_Setup_Trf
;__Lib_USB_genHID.c,3278 :: 		
0x0C6E	0x5169      	MOVF        __Lib_USB_genHID_BothEP0OutUOWNsSet, 0, 1
0x0C70	0x0A00      	XORLW       0
0x0C72	0xE119      	BNZ         L___Lib_USB_genHID_USB_CtrlTrf_Out_Handler107
;__Lib_USB_genHID.c,3279 :: 		
0x0C74	0x0E01      	MOVLW       1
0x0C76	0x245D      	ADDWF       __Lib_USB_genHID_BDTEntry_EP0Out_NextPtr, 0 
0x0C78	0x6EE1      	MOVWF       FSR1L 
0x0C7A	0x0E00      	MOVLW       0
0x0C7C	0x205E      	ADDWFC      __Lib_USB_genHID_BDTEntry_EP0Out_NextPtr+1, 0 
0x0C7E	0x6EE2      	MOVWF       FSR1L+1 
0x0C80	0x0E08      	MOVLW       8
0x0C82	0x6EE6      	MOVWF       POSTINC1 
;__Lib_USB_genHID.c,3280 :: 		
0x0C84	0x0E02      	MOVLW       2
0x0C86	0x245D      	ADDWF       __Lib_USB_genHID_BDTEntry_EP0Out_NextPtr, 0 
0x0C88	0x6EE1      	MOVWF       FSR1L 
0x0C8A	0x0E00      	MOVLW       0
0x0C8C	0x205E      	ADDWFC      __Lib_USB_genHID_BDTEntry_EP0Out_NextPtr+1, 0 
0x0C8E	0x6EE2      	MOVWF       FSR1L+1 
0x0C90	0x0E20      	MOVLW       __Lib_USB_genHID_SetupPkt
0x0C92	0x6EE6      	MOVWF       POSTINC1 
0x0C94	0x0E04      	MOVLW       hi_addr(__Lib_USB_genHID_SetupPkt)
0x0C96	0x6EE6      	MOVWF       POSTINC1 
;__Lib_USB_genHID.c,3281 :: 		
0x0C98	0xFFE1C05D  	MOVFF       __Lib_USB_genHID_BDTEntry_EP0Out_NextPtr, FSR1L
0x0C9C	0xFFE2C05E  	MOVFF       __Lib_USB_genHID_BDTEntry_EP0Out_NextPtr+1, FSR1H
0x0CA0	0x0E8C      	MOVLW       140
0x0CA2	0x6EE6      	MOVWF       POSTINC1 
;__Lib_USB_genHID.c,3282 :: 		
0x0CA4	0xD001      	BRA         L___Lib_USB_genHID_USB_CtrlTrf_Out_Handler108
L___Lib_USB_genHID_USB_CtrlTrf_Out_Handler107:
;__Lib_USB_genHID.c,3283 :: 		
0x0CA6	0x6B69      	CLRF        __Lib_USB_genHID_BothEP0OutUOWNsSet, 1
;__Lib_USB_genHID.c,3284 :: 		
L___Lib_USB_genHID_USB_CtrlTrf_Out_Handler108:
;__Lib_USB_genHID.c,3285 :: 		
L___Lib_USB_genHID_USB_CtrlTrf_Out_Handler106:
;__Lib_USB_genHID.c,3286 :: 		
L_end_USB_CtrlTrf_Out_Handler:
0x0CA8	0x0012      	RETURN      0
; end of __Lib_USB_genHID_USB_CtrlTrf_Out_Handler
__Lib_USB_genHID_USB_Device_Init:
;__Lib_USB_genHID.c,2441 :: 		
;__Lib_USB_genHID.c,2443 :: 		
0x0CAA	0xDDD4      	RCALL       _USB_Init_Desc
;__Lib_USB_genHID.c,2445 :: 		
0x0CAC	0x6A38      	CLRF        __Lib_USB_genHID_USB_Out_Handle 
0x0CAE	0x6A39      	CLRF        __Lib_USB_genHID_USB_Out_Handle+1 
;__Lib_USB_genHID.c,2446 :: 		
0x0CB0	0x6A51      	CLRF        __Lib_USB_genHID_USB_In_Handle 
0x0CB2	0x6A52      	CLRF        __Lib_USB_genHID_USB_In_Handle+1 
;__Lib_USB_genHID.c,2449 :: 		
0x0CB4	0x6A6A      	CLRF        UEIR 
;__Lib_USB_genHID.c,2453 :: 		
0x0CB6	0x6A68      	CLRF        UIR 
;__Lib_USB_genHID.c,2455 :: 		
0x0CB8	0xDDC6      	RCALL       __Lib_USB_genHID_USB_Configure
;__Lib_USB_genHID.c,2458 :: 		
0x0CBA	0x8C6D      	BSF         PPBRST_bit, BitPos(PPBRST_bit+0) 
;__Lib_USB_genHID.c,2461 :: 		
0x0CBC	0x6A6E      	CLRF        UADDR 
;__Lib_USB_genHID.c,2465 :: 		
0x0CBE	0x6A71      	CLRF        UEP1 
;__Lib_USB_genHID.c,2468 :: 		
0x0CC0	0x9C6D      	BCF         PPBRST_bit, BitPos(PPBRST_bit+0) 
;__Lib_USB_genHID.c,2471 :: 		
0x0CC2	0x6A56      	CLRF        __Lib_USB_genHID___USB_Device_i_cnt 
0x0CC4	0x6A57      	CLRF        __Lib_USB_genHID___USB_Device_i_cnt+1 
L___Lib_USB_genHID_USB_Device_Init2:
0x0CC6	0x0E00      	MOVLW       0
0x0CC8	0x5C57      	SUBWF       __Lib_USB_genHID___USB_Device_i_cnt+1, 0 
0x0CCA	0xE102      	BNZ         L___Lib_USB_genHID_USB_Device_Init289
0x0CCC	0x0E08      	MOVLW       8
0x0CCE	0x5C56      	SUBWF       __Lib_USB_genHID___USB_Device_i_cnt, 0 
L___Lib_USB_genHID_USB_Device_Init289:
0x0CD0	0xE217      	BC          L___Lib_USB_genHID_USB_Device_Init3
;__Lib_USB_genHID.c,2473 :: 		
0x0CD2	0xF000C056  	MOVFF       __Lib_USB_genHID___USB_Device_i_cnt, R0
0x0CD6	0xF001C057  	MOVFF       __Lib_USB_genHID___USB_Device_i_cnt+1, R1
0x0CDA	0x3600      	RLCF        R0, 1 
0x0CDC	0x9000      	BCF         R0, 0 
0x0CDE	0x3601      	RLCF        R1, 1 
0x0CE0	0x3600      	RLCF        R0, 1 
0x0CE2	0x9000      	BCF         R0, 0 
0x0CE4	0x3601      	RLCF        R1, 1 
0x0CE6	0x0E00      	MOVLW       __Lib_USB_genHID_BDT
0x0CE8	0x2400      	ADDWF       R0, 0 
0x0CEA	0x6EE1      	MOVWF       FSR1L 
0x0CEC	0x0E04      	MOVLW       hi_addr(__Lib_USB_genHID_BDT)
0x0CEE	0x2001      	ADDWFC      R1, 0 
0x0CF0	0x6EE2      	MOVWF       FSR1L+1 
0x0CF2	0x6AE6      	CLRF        POSTINC1 
0x0CF4	0x6AE6      	CLRF        POSTINC1 
0x0CF6	0x6AE6      	CLRF        POSTINC1 
0x0CF8	0x6AE6      	CLRF        POSTINC1 
;__Lib_USB_genHID.c,2471 :: 		
0x0CFA	0x4A56      	INFSNZ      __Lib_USB_genHID___USB_Device_i_cnt, 1 
0x0CFC	0x2A57      	INCF        __Lib_USB_genHID___USB_Device_i_cnt+1, 1 
;__Lib_USB_genHID.c,2474 :: 		
0x0CFE	0xD7E3      	BRA         L___Lib_USB_genHID_USB_Device_Init2
L___Lib_USB_genHID_USB_Device_Init3:
;__Lib_USB_genHID.c,2477 :: 		
0x0D00	0x0E16      	MOVLW       22
0x0D02	0x6E70      	MOVWF       UEP0 
;__Lib_USB_genHID.c,2480 :: 		
L___Lib_USB_genHID_USB_Device_Init5:
0x0D04	0xA668      	BTFSS       TRNIF_bit, BitPos(TRNIF_bit+0) 
0x0D06	0xD003      	BRA         L___Lib_USB_genHID_USB_Device_Init6
;__Lib_USB_genHID.c,2482 :: 		
0x0D08	0x0EF7      	MOVLW       247
0x0D0A	0x1668      	ANDWF       UIR, 1 
;__Lib_USB_genHID.c,2483 :: 		
0x0D0C	0xD7FB      	BRA         L___Lib_USB_genHID_USB_Device_Init5
L___Lib_USB_genHID_USB_Device_Init6:
;__Lib_USB_genHID.c,2486 :: 		
0x0D0E	0x6A49      	CLRF        __Lib_USB_genHID_inPipes+3 
;__Lib_USB_genHID.c,2487 :: 		
0x0D10	0x0100      	MOVLB       0
0x0D12	0x6B61      	CLRF        __Lib_USB_genHID_outPipes+2, 1
;__Lib_USB_genHID.c,2488 :: 		
0x0D14	0x6B62      	CLRF        __Lib_USB_genHID_outPipes+3, 1
0x0D16	0x6B63      	CLRF        __Lib_USB_genHID_outPipes+4, 1
;__Lib_USB_genHID.c,2491 :: 		
0x0D18	0x986D      	BCF         PKTDIS_bit, BitPos(PKTDIS_bit+0) 
;__Lib_USB_genHID.c,2494 :: 		
0x0D1A	0x0E08      	MOVLW       __Lib_USB_genHID_BDT+8
0x0D1C	0x6E2B      	MOVWF       __Lib_USB_genHID_BDTEntry_InPtr 
0x0D1E	0x0E04      	MOVLW       hi_addr(__Lib_USB_genHID_BDT+8)
0x0D20	0x6E2C      	MOVWF       __Lib_USB_genHID_BDTEntry_InPtr+1 
;__Lib_USB_genHID.c,2497 :: 		
0x0D22	0x6A4D      	CLRF        __Lib_USB_genHID_USBActiveConfiguration 
;__Lib_USB_genHID.c,2500 :: 		
0x0D24	0x6A4C      	CLRF        __Lib_USB_genHID_USBDeviceState 
;__Lib_USB_genHID.c,2501 :: 		
L_end_USB_Device_Init:
0x0D26	0x0012      	RETURN      0
; end of __Lib_USB_genHID_USB_Device_Init
__Lib_USB_genHID_USB_CtrlTrf_Setup_Handler:
;__Lib_USB_genHID.c,3212 :: 		
;__Lib_USB_genHID.c,3222 :: 		
0x0D28	0xFFE9C02B  	MOVFF       __Lib_USB_genHID_BDTEntry_InPtr, FSR0L
0x0D2C	0xFFEAC02C  	MOVFF       __Lib_USB_genHID_BDTEntry_InPtr+1, FSR0H
0x0D30	0xF000CFEE  	MOVFF       POSTINC0, R0
0x0D34	0xAE00      	BTFSS       R0, 7 
0x0D36	0xD005      	BRA         L___Lib_USB_genHID_USB_CtrlTrf_Setup_Handler104
;__Lib_USB_genHID.c,3225 :: 		
0x0D38	0xFFE1C02B  	MOVFF       __Lib_USB_genHID_BDTEntry_InPtr, FSR1L
0x0D3C	0xFFE2C02C  	MOVFF       __Lib_USB_genHID_BDTEntry_InPtr+1, FSR1H
0x0D40	0x6AE6      	CLRF        POSTINC1 
;__Lib_USB_genHID.c,3226 :: 		
L___Lib_USB_genHID_USB_CtrlTrf_Setup_Handler104:
;__Lib_USB_genHID.c,3229 :: 		
0x0D42	0x6A37      	CLRF        __Lib_USB_genHID_shortPacketStatus 
;__Lib_USB_genHID.c,3232 :: 		
0x0D44	0x6A36      	CLRF        __Lib_USB_genHID_controlTransferState 
;__Lib_USB_genHID.c,3234 :: 		
0x0D46	0x6A4A      	CLRF        __Lib_USB_genHID_inPipes+4 
0x0D48	0x6A4B      	CLRF        __Lib_USB_genHID_inPipes+5 
;__Lib_USB_genHID.c,3235 :: 		
0x0D4A	0x6A49      	CLRF        __Lib_USB_genHID_inPipes+3 
;__Lib_USB_genHID.c,3238 :: 		
0x0D4C	0xDD13      	RCALL       __Lib_USB_genHID_USB_Check_Std_Request
;__Lib_USB_genHID.c,3240 :: 		
0x0D4E	0xDDAE      	RCALL       __Lib_USB_genHID_USB_CB_Check_Other_Req
;__Lib_USB_genHID.c,3243 :: 		
0x0D50	0xDE3A      	RCALL       __Lib_USB_genHID_USB_CtrlEP_Service_Complete
;__Lib_USB_genHID.c,3245 :: 		
L_end_USB_CtrlTrf_Setup_Handler:
0x0D52	0x0012      	RETURN      0
; end of __Lib_USB_genHID_USB_CtrlTrf_Setup_Handler
__Lib_USB_genHID_USB_Transfer_Packet:
;__Lib_USB_genHID.c,4158 :: 		
;__Lib_USB_genHID.c,4162 :: 		
0x0D54	0x0100      	MOVLB       0
0x0D56	0x517A      	MOVF        FARG___Lib_USB_genHID_USB_Transfer_Packet_dir, 0, 1
0x0D58	0x0A00      	XORLW       0
0x0D5A	0xE012      	BZ          L___Lib_USB_genHID_USB_Transfer_Packet202
;__Lib_USB_genHID.c,4164 :: 		
0x0D5C	0xF000C079  	MOVFF       FARG___Lib_USB_genHID_USB_Transfer_Packet_ep, R0
0x0D60	0x0E00      	MOVLW       0
0x0D62	0x6E01      	MOVWF       R1 
0x0D64	0x3600      	RLCF        R0, 1 
0x0D66	0x9000      	BCF         R0, 0 
0x0D68	0x3601      	RLCF        R1, 1 
0x0D6A	0x0E2B      	MOVLW       __Lib_USB_genHID_BDTEntry_InPtr
0x0D6C	0x2400      	ADDWF       R0, 0 
0x0D6E	0x6EE9      	MOVWF       FSR0L 
0x0D70	0x0E00      	MOVLW       hi_addr(__Lib_USB_genHID_BDTEntry_InPtr)
0x0D72	0x2001      	ADDWFC      R1, 0 
0x0D74	0x6EEA      	MOVWF       FSR0L+1 
0x0D76	0xF004CFEE  	MOVFF       POSTINC0, R4
0x0D7A	0xF005CFEE  	MOVFF       POSTINC0, R5
;__Lib_USB_genHID.c,4165 :: 		
0x0D7E	0xD011      	BRA         L___Lib_USB_genHID_USB_Transfer_Packet203
L___Lib_USB_genHID_USB_Transfer_Packet202:
;__Lib_USB_genHID.c,4167 :: 		
0x0D80	0xF000C079  	MOVFF       FARG___Lib_USB_genHID_USB_Transfer_Packet_ep, R0
0x0D84	0x0E00      	MOVLW       0
0x0D86	0x6E01      	MOVWF       R1 
0x0D88	0x3600      	RLCF        R0, 1 
0x0D8A	0x9000      	BCF         R0, 0 
0x0D8C	0x3601      	RLCF        R1, 1 
0x0D8E	0x0E2F      	MOVLW       __Lib_USB_genHID_BDTEntry_OutPtr
0x0D90	0x2400      	ADDWF       R0, 0 
0x0D92	0x6EE9      	MOVWF       FSR0L 
0x0D94	0x0E00      	MOVLW       hi_addr(__Lib_USB_genHID_BDTEntry_OutPtr)
0x0D96	0x2001      	ADDWFC      R1, 0 
0x0D98	0x6EEA      	MOVWF       FSR0L+1 
0x0D9A	0xF004CFEE  	MOVFF       POSTINC0, R4
0x0D9E	0xF005CFEE  	MOVFF       POSTINC0, R5
;__Lib_USB_genHID.c,4168 :: 		
L___Lib_USB_genHID_USB_Transfer_Packet203:
;__Lib_USB_genHID.c,4180 :: 		
0x0DA2	0x0E02      	MOVLW       2
0x0DA4	0x2404      	ADDWF       R4, 0 
0x0DA6	0x6EE1      	MOVWF       FSR1L 
0x0DA8	0x0E00      	MOVLW       0
0x0DAA	0x2005      	ADDWFC      R5, 0 
0x0DAC	0x6EE2      	MOVWF       FSR1L+1 
0x0DAE	0xFFE6C07B  	MOVFF       FARG___Lib_USB_genHID_USB_Transfer_Packet_data_, POSTINC1
0x0DB2	0xFFE6C07C  	MOVFF       FARG___Lib_USB_genHID_USB_Transfer_Packet_data_+1, POSTINC1
;__Lib_USB_genHID.c,4181 :: 		
0x0DB6	0x0E01      	MOVLW       1
0x0DB8	0x2404      	ADDWF       R4, 0 
0x0DBA	0x6EE1      	MOVWF       FSR1L 
0x0DBC	0x0E00      	MOVLW       0
0x0DBE	0x2005      	ADDWFC      R5, 0 
0x0DC0	0x6EE2      	MOVWF       FSR1L+1 
0x0DC2	0xFFE6C07D  	MOVFF       FARG___Lib_USB_genHID_USB_Transfer_Packet_len, POSTINC1
;__Lib_USB_genHID.c,4182 :: 		
0x0DC6	0xFFE9C004  	MOVFF       R4, FSR0L
0x0DCA	0xFFEAC005  	MOVFF       R5, FSR0H
0x0DCE	0xF000CFEE  	MOVFF       POSTINC0, R0
0x0DD2	0xFFE1C004  	MOVFF       R4, FSR1L
0x0DD6	0xFFE2C005  	MOVFF       R5, FSR1H
0x0DDA	0x0E40      	MOVLW       64
0x0DDC	0x1400      	ANDWF       R0, 0 
0x0DDE	0x6EE6      	MOVWF       POSTINC1 
;__Lib_USB_genHID.c,4183 :: 		
0x0DE0	0xFFE9C004  	MOVFF       R4, FSR0L
0x0DE4	0xFFEAC005  	MOVFF       R5, FSR0H
0x0DE8	0xF000CFEE  	MOVFF       POSTINC0, R0
0x0DEC	0x0E88      	MOVLW       136
0x0DEE	0x1200      	IORWF       R0, 1 
0x0DF0	0xFFE1C004  	MOVFF       R4, FSR1L
0x0DF4	0xFFE2C005  	MOVFF       R5, FSR1H
0x0DF8	0xFFE6C000  	MOVFF       R0, POSTINC1
;__Lib_USB_genHID.c,4186 :: 		
0x0DFC	0x517A      	MOVF        FARG___Lib_USB_genHID_USB_Transfer_Packet_dir, 0, 1
0x0DFE	0x0A00      	XORLW       0
0x0E00	0xE01B      	BZ          L___Lib_USB_genHID_USB_Transfer_Packet204
;__Lib_USB_genHID.c,4188 :: 		
0x0E02	0xF000C079  	MOVFF       FARG___Lib_USB_genHID_USB_Transfer_Packet_ep, R0
0x0E06	0x0E00      	MOVLW       0
0x0E08	0x6E01      	MOVWF       R1 
0x0E0A	0x3600      	RLCF        R0, 1 
0x0E0C	0x9000      	BCF         R0, 0 
0x0E0E	0x3601      	RLCF        R1, 1 
0x0E10	0x0E2B      	MOVLW       __Lib_USB_genHID_BDTEntry_InPtr
0x0E12	0x2400      	ADDWF       R0, 0 
0x0E14	0x6E02      	MOVWF       R2 
0x0E16	0x0E00      	MOVLW       hi_addr(__Lib_USB_genHID_BDTEntry_InPtr)
0x0E18	0x2001      	ADDWFC      R1, 0 
0x0E1A	0x6E03      	MOVWF       R3 
0x0E1C	0xFFE9C002  	MOVFF       R2, FSR0L
0x0E20	0xFFEAC003  	MOVFF       R3, FSR0H
0x0E24	0x0E04      	MOVLW       4
0x0E26	0x18EE      	XORWF       POSTINC0, 0 
0x0E28	0x6E00      	MOVWF       R0 
0x0E2A	0xFFE1C002  	MOVFF       R2, FSR1L
0x0E2E	0xFFE2C003  	MOVFF       R3, FSR1H
0x0E32	0xFFE6C000  	MOVFF       R0, POSTINC1
;__Lib_USB_genHID.c,4189 :: 		
0x0E36	0xD01A      	BRA         L___Lib_USB_genHID_USB_Transfer_Packet205
L___Lib_USB_genHID_USB_Transfer_Packet204:
;__Lib_USB_genHID.c,4191 :: 		
0x0E38	0xF000C079  	MOVFF       FARG___Lib_USB_genHID_USB_Transfer_Packet_ep, R0
0x0E3C	0x0E00      	MOVLW       0
0x0E3E	0x6E01      	MOVWF       R1 
0x0E40	0x3600      	RLCF        R0, 1 
0x0E42	0x9000      	BCF         R0, 0 
0x0E44	0x3601      	RLCF        R1, 1 
0x0E46	0x0E2F      	MOVLW       __Lib_USB_genHID_BDTEntry_OutPtr
0x0E48	0x2400      	ADDWF       R0, 0 
0x0E4A	0x6E02      	MOVWF       R2 
0x0E4C	0x0E00      	MOVLW       hi_addr(__Lib_USB_genHID_BDTEntry_OutPtr)
0x0E4E	0x2001      	ADDWFC      R1, 0 
0x0E50	0x6E03      	MOVWF       R3 
0x0E52	0xFFE9C002  	MOVFF       R2, FSR0L
0x0E56	0xFFEAC003  	MOVFF       R3, FSR0H
0x0E5A	0x0E04      	MOVLW       4
0x0E5C	0x18EE      	XORWF       POSTINC0, 0 
0x0E5E	0x6E00      	MOVWF       R0 
0x0E60	0xFFE1C002  	MOVFF       R2, FSR1L
0x0E64	0xFFE2C003  	MOVFF       R3, FSR1H
0x0E68	0xFFE6C000  	MOVFF       R0, POSTINC1
;__Lib_USB_genHID.c,4192 :: 		
L___Lib_USB_genHID_USB_Transfer_Packet205:
;__Lib_USB_genHID.c,4193 :: 		
0x0E6C	0xF000C004  	MOVFF       R4, R0
0x0E70	0xF001C005  	MOVFF       R5, R1
;__Lib_USB_genHID.c,4194 :: 		
L_end_USB_Transfer_Packet:
0x0E74	0x0012      	RETURN      0
; end of __Lib_USB_genHID_USB_Transfer_Packet
__Lib_USB_genHID_GetMaxIndexInDevDsc:
;__Lib_USB_genHID.c,4665 :: 		
;__Lib_USB_genHID.c,4668 :: 		
0x0E76	0x0EE2      	MOVLW       _device_dsc
0x0E78	0x6E00      	MOVWF       R0 
0x0E7A	0x0E17      	MOVLW       hi_addr(_device_dsc)
0x0E7C	0x6E01      	MOVWF       R1 
0x0E7E	0x0E00      	MOVLW       higher_addr(_device_dsc)
0x0E80	0x6E02      	MOVWF       R2 
0x0E82	0x0E0E      	MOVLW       14
0x0E84	0x2400      	ADDWF       R0, 0 
0x0E86	0x6EF6      	MOVWF       TBLPTR 
0x0E88	0x0E00      	MOVLW       0
0x0E8A	0x2001      	ADDWFC      R1, 0 
0x0E8C	0x6EF7      	MOVWF       TBLPTR+1 
0x0E8E	0x0E00      	MOVLW       0
0x0E90	0x2002      	ADDWFC      R2, 0 
0x0E92	0x6EF8      	MOVWF       TBLPTR+2 
0x0E94	0x0009      	TBLRD*+
0x0E96	0xF003CFF5  	MOVFF       TABLAT, R3
0x0E9A	0xF004C003  	MOVFF       R3, R4
;__Lib_USB_genHID.c,4670 :: 		
0x0E9E	0x0E0F      	MOVLW       15
0x0EA0	0x2400      	ADDWF       R0, 0 
0x0EA2	0x6EF6      	MOVWF       TBLPTR 
0x0EA4	0x0E00      	MOVLW       0
0x0EA6	0x2001      	ADDWFC      R1, 0 
0x0EA8	0x6EF7      	MOVWF       TBLPTR+1 
0x0EAA	0x0E00      	MOVLW       0
0x0EAC	0x2002      	ADDWFC      R2, 0 
0x0EAE	0x6EF8      	MOVWF       TBLPTR+2 
0x0EB0	0x0009      	TBLRD*+
0x0EB2	0xF001CFF5  	MOVFF       TABLAT, R1
0x0EB6	0x5001      	MOVF        R1, 0 
0x0EB8	0x5C03      	SUBWF       R3, 0 
0x0EBA	0xE212      	BC          L___Lib_USB_genHID_GetMaxIndexInDevDsc252
;__Lib_USB_genHID.c,4671 :: 		
0x0EBC	0x0EE2      	MOVLW       _device_dsc
0x0EBE	0x6E00      	MOVWF       R0 
0x0EC0	0x0E17      	MOVLW       hi_addr(_device_dsc)
0x0EC2	0x6E01      	MOVWF       R1 
0x0EC4	0x0E00      	MOVLW       higher_addr(_device_dsc)
0x0EC6	0x6E02      	MOVWF       R2 
0x0EC8	0x0E0F      	MOVLW       15
0x0ECA	0x2400      	ADDWF       R0, 0 
0x0ECC	0x6EF6      	MOVWF       TBLPTR 
0x0ECE	0x0E00      	MOVLW       0
0x0ED0	0x2001      	ADDWFC      R1, 0 
0x0ED2	0x6EF7      	MOVWF       TBLPTR+1 
0x0ED4	0x0E00      	MOVLW       0
0x0ED6	0x2002      	ADDWFC      R2, 0 
0x0ED8	0x6EF8      	MOVWF       TBLPTR+2 
0x0EDA	0x0009      	TBLRD*+
0x0EDC	0xF004CFF5  	MOVFF       TABLAT, R4
;__Lib_USB_genHID.c,4672 :: 		
L___Lib_USB_genHID_GetMaxIndexInDevDsc252:
;__Lib_USB_genHID.c,4674 :: 		
0x0EE0	0x0EE2      	MOVLW       _device_dsc
0x0EE2	0x6E00      	MOVWF       R0 
0x0EE4	0x0E17      	MOVLW       hi_addr(_device_dsc)
0x0EE6	0x6E01      	MOVWF       R1 
0x0EE8	0x0E00      	MOVLW       higher_addr(_device_dsc)
0x0EEA	0x6E02      	MOVWF       R2 
0x0EEC	0x0E10      	MOVLW       16
0x0EEE	0x2400      	ADDWF       R0, 0 
0x0EF0	0x6EF6      	MOVWF       TBLPTR 
0x0EF2	0x0E00      	MOVLW       0
0x0EF4	0x2001      	ADDWFC      R1, 0 
0x0EF6	0x6EF7      	MOVWF       TBLPTR+1 
0x0EF8	0x0E00      	MOVLW       0
0x0EFA	0x2002      	ADDWFC      R2, 0 
0x0EFC	0x6EF8      	MOVWF       TBLPTR+2 
0x0EFE	0x0009      	TBLRD*+
0x0F00	0xF001CFF5  	MOVFF       TABLAT, R1
0x0F04	0x5001      	MOVF        R1, 0 
0x0F06	0x5C04      	SUBWF       R4, 0 
0x0F08	0xE212      	BC          L___Lib_USB_genHID_GetMaxIndexInDevDsc253
;__Lib_USB_genHID.c,4675 :: 		
0x0F0A	0x0EE2      	MOVLW       _device_dsc
0x0F0C	0x6E00      	MOVWF       R0 
0x0F0E	0x0E17      	MOVLW       hi_addr(_device_dsc)
0x0F10	0x6E01      	MOVWF       R1 
0x0F12	0x0E00      	MOVLW       higher_addr(_device_dsc)
0x0F14	0x6E02      	MOVWF       R2 
0x0F16	0x0E10      	MOVLW       16
0x0F18	0x2400      	ADDWF       R0, 0 
0x0F1A	0x6EF6      	MOVWF       TBLPTR 
0x0F1C	0x0E00      	MOVLW       0
0x0F1E	0x2001      	ADDWFC      R1, 0 
0x0F20	0x6EF7      	MOVWF       TBLPTR+1 
0x0F22	0x0E00      	MOVLW       0
0x0F24	0x2002      	ADDWFC      R2, 0 
0x0F26	0x6EF8      	MOVWF       TBLPTR+2 
0x0F28	0x0009      	TBLRD*+
0x0F2A	0xF004CFF5  	MOVFF       TABLAT, R4
;__Lib_USB_genHID.c,4676 :: 		
L___Lib_USB_genHID_GetMaxIndexInDevDsc253:
;__Lib_USB_genHID.c,4678 :: 		
0x0F2E	0xF000C004  	MOVFF       R4, R0
;__Lib_USB_genHID.c,4679 :: 		
L_end_GetMaxIndexInDevDsc:
0x0F32	0x0012      	RETURN      0
; end of __Lib_USB_genHID_GetMaxIndexInDevDsc
__Lib_USB_genHID_GetMaxIndexInConfigDsc:
;__Lib_USB_genHID.c,4681 :: 		
;__Lib_USB_genHID.c,4682 :: 		
0x0F34	0x0100      	MOVLB       0
0x0F36	0x6B7C      	CLRF        __Lib_USB_genHID_GetMaxIndexInConfigDsc_index_L0, 1
0x0F38	0x6B7D      	CLRF        __Lib_USB_genHID_GetMaxIndexInConfigDsc_i_L0, 1
0x0F3A	0x6B7E      	CLRF        __Lib_USB_genHID_GetMaxIndexInConfigDsc_i_L0+1, 1
;__Lib_USB_genHID.c,4686 :: 		
0x0F3C	0x0E02      	MOVLW       2
0x0F3E	0x2579      	ADDWF       FARG___Lib_USB_genHID_GetMaxIndexInConfigDsc_cfgDsc, 0, 1
0x0F40	0x6EF6      	MOVWF       TBLPTR 
0x0F42	0x0E00      	MOVLW       0
0x0F44	0x217A      	ADDWFC      FARG___Lib_USB_genHID_GetMaxIndexInConfigDsc_cfgDsc+1, 0, 1
0x0F46	0x6EF7      	MOVWF       TBLPTR+1 
0x0F48	0x0E00      	MOVLW       0
0x0F4A	0x217B      	ADDWFC      FARG___Lib_USB_genHID_GetMaxIndexInConfigDsc_cfgDsc+2, 0, 1
0x0F4C	0x6EF8      	MOVWF       TBLPTR+2 
0x0F4E	0x0009      	TBLRD*+
0x0F50	0xF005CFF5  	MOVFF       TABLAT, R5
0x0F54	0x0E03      	MOVLW       3
0x0F56	0x2579      	ADDWF       FARG___Lib_USB_genHID_GetMaxIndexInConfigDsc_cfgDsc, 0, 1
0x0F58	0x6EF6      	MOVWF       TBLPTR 
0x0F5A	0x0E00      	MOVLW       0
0x0F5C	0x217A      	ADDWFC      FARG___Lib_USB_genHID_GetMaxIndexInConfigDsc_cfgDsc+1, 0, 1
0x0F5E	0x6EF7      	MOVWF       TBLPTR+1 
0x0F60	0x0E00      	MOVLW       0
0x0F62	0x217B      	ADDWFC      FARG___Lib_USB_genHID_GetMaxIndexInConfigDsc_cfgDsc+2, 0, 1
0x0F64	0x6EF8      	MOVWF       TBLPTR+2 
0x0F66	0x0009      	TBLRD*+
0x0F68	0xF000CFF5  	MOVFF       TABLAT, R0
0x0F6C	0xF003C000  	MOVFF       R0, R3
0x0F70	0x0E00      	MOVLW       0
0x0F72	0x6E04      	MOVWF       R4 
0x0F74	0xF001C003  	MOVFF       R3, R1
0x0F78	0x6A00      	CLRF        R0 
0x0F7A	0x5005      	MOVF        R5, 0 
0x0F7C	0x2400      	ADDWF       R0, 0 
0x0F7E	0x6E06      	MOVWF       R6 
0x0F80	0x0E00      	MOVLW       0
0x0F82	0x2001      	ADDWFC      R1, 0 
0x0F84	0x6E07      	MOVWF       R7 
;__Lib_USB_genHID.c,4687 :: 		
0x0F86	0xF008C079  	MOVFF       FARG___Lib_USB_genHID_GetMaxIndexInConfigDsc_cfgDsc, R8
0x0F8A	0xF009C07A  	MOVFF       FARG___Lib_USB_genHID_GetMaxIndexInConfigDsc_cfgDsc+1, R9
0x0F8E	0xF00AC07B  	MOVFF       FARG___Lib_USB_genHID_GetMaxIndexInConfigDsc_cfgDsc+2, R10
;__Lib_USB_genHID.c,4689 :: 		
L___Lib_USB_genHID_GetMaxIndexInConfigDsc254:
;__Lib_USB_genHID.c,4690 :: 		
0x0F92	0x0E01      	MOVLW       1
0x0F94	0x2408      	ADDWF       R8, 0 
0x0F96	0x6EF6      	MOVWF       TBLPTR 
0x0F98	0x0E00      	MOVLW       0
0x0F9A	0x2009      	ADDWFC      R9, 0 
0x0F9C	0x6EF7      	MOVWF       TBLPTR+1 
0x0F9E	0x0E00      	MOVLW       0
0x0FA0	0x200A      	ADDWFC      R10, 0 
0x0FA2	0x6EF8      	MOVWF       TBLPTR+2 
0x0FA4	0x0009      	TBLRD*+
0x0FA6	0xF001CFF5  	MOVFF       TABLAT, R1
0x0FAA	0x5001      	MOVF        R1, 0 
0x0FAC	0x0A02      	XORLW       2
0x0FAE	0xE11B      	BNZ         L___Lib_USB_genHID_GetMaxIndexInConfigDsc256
;__Lib_USB_genHID.c,4691 :: 		
0x0FB0	0x0E06      	MOVLW       6
0x0FB2	0x2408      	ADDWF       R8, 0 
0x0FB4	0x6EF6      	MOVWF       TBLPTR 
0x0FB6	0x0E00      	MOVLW       0
0x0FB8	0x2009      	ADDWFC      R9, 0 
0x0FBA	0x6EF7      	MOVWF       TBLPTR+1 
0x0FBC	0x0E00      	MOVLW       0
0x0FBE	0x200A      	ADDWFC      R10, 0 
0x0FC0	0x6EF8      	MOVWF       TBLPTR+2 
0x0FC2	0x0009      	TBLRD*+
0x0FC4	0xF001CFF5  	MOVFF       TABLAT, R1
0x0FC8	0x5001      	MOVF        R1, 0 
0x0FCA	0x5D7C      	SUBWF       __Lib_USB_genHID_GetMaxIndexInConfigDsc_index_L0, 0, 1
0x0FCC	0xE20C      	BC          L___Lib_USB_genHID_GetMaxIndexInConfigDsc257
;__Lib_USB_genHID.c,4692 :: 		
0x0FCE	0x0E06      	MOVLW       6
0x0FD0	0x2408      	ADDWF       R8, 0 
0x0FD2	0x6EF6      	MOVWF       TBLPTR 
0x0FD4	0x0E00      	MOVLW       0
0x0FD6	0x2009      	ADDWFC      R9, 0 
0x0FD8	0x6EF7      	MOVWF       TBLPTR+1 
0x0FDA	0x0E00      	MOVLW       0
0x0FDC	0x200A      	ADDWFC      R10, 0 
0x0FDE	0x6EF8      	MOVWF       TBLPTR+2 
0x0FE0	0x0009      	TBLRD*+
0x0FE2	0xF07CCFF5  	MOVFF       TABLAT, __Lib_USB_genHID_GetMaxIndexInConfigDsc_index_L0
;__Lib_USB_genHID.c,4693 :: 		
L___Lib_USB_genHID_GetMaxIndexInConfigDsc257:
;__Lib_USB_genHID.c,4694 :: 		
L___Lib_USB_genHID_GetMaxIndexInConfigDsc256:
;__Lib_USB_genHID.c,4696 :: 		
0x0FE6	0x0E01      	MOVLW       1
0x0FE8	0x2408      	ADDWF       R8, 0 
0x0FEA	0x6EF6      	MOVWF       TBLPTR 
0x0FEC	0x0E00      	MOVLW       0
0x0FEE	0x2009      	ADDWFC      R9, 0 
0x0FF0	0x6EF7      	MOVWF       TBLPTR+1 
0x0FF2	0x0E00      	MOVLW       0
0x0FF4	0x200A      	ADDWFC      R10, 0 
0x0FF6	0x6EF8      	MOVWF       TBLPTR+2 
0x0FF8	0x0009      	TBLRD*+
0x0FFA	0xF001CFF5  	MOVFF       TABLAT, R1
0x0FFE	0x5001      	MOVF        R1, 0 
0x1000	0x0A04      	XORLW       4
0x1002	0xE11B      	BNZ         L___Lib_USB_genHID_GetMaxIndexInConfigDsc258
;__Lib_USB_genHID.c,4697 :: 		
0x1004	0x0E08      	MOVLW       8
0x1006	0x2408      	ADDWF       R8, 0 
0x1008	0x6EF6      	MOVWF       TBLPTR 
0x100A	0x0E00      	MOVLW       0
0x100C	0x2009      	ADDWFC      R9, 0 
0x100E	0x6EF7      	MOVWF       TBLPTR+1 
0x1010	0x0E00      	MOVLW       0
0x1012	0x200A      	ADDWFC      R10, 0 
0x1014	0x6EF8      	MOVWF       TBLPTR+2 
0x1016	0x0009      	TBLRD*+
0x1018	0xF001CFF5  	MOVFF       TABLAT, R1
0x101C	0x5001      	MOVF        R1, 0 
0x101E	0x5D7C      	SUBWF       __Lib_USB_genHID_GetMaxIndexInConfigDsc_index_L0, 0, 1
0x1020	0xE20C      	BC          L___Lib_USB_genHID_GetMaxIndexInConfigDsc259
;__Lib_USB_genHID.c,4698 :: 		
0x1022	0x0E08      	MOVLW       8
0x1024	0x2408      	ADDWF       R8, 0 
0x1026	0x6EF6      	MOVWF       TBLPTR 
0x1028	0x0E00      	MOVLW       0
0x102A	0x2009      	ADDWFC      R9, 0 
0x102C	0x6EF7      	MOVWF       TBLPTR+1 
0x102E	0x0E00      	MOVLW       0
0x1030	0x200A      	ADDWFC      R10, 0 
0x1032	0x6EF8      	MOVWF       TBLPTR+2 
0x1034	0x0009      	TBLRD*+
0x1036	0xF07CCFF5  	MOVFF       TABLAT, __Lib_USB_genHID_GetMaxIndexInConfigDsc_index_L0
;__Lib_USB_genHID.c,4699 :: 		
L___Lib_USB_genHID_GetMaxIndexInConfigDsc259:
;__Lib_USB_genHID.c,4700 :: 		
L___Lib_USB_genHID_GetMaxIndexInConfigDsc258:
;__Lib_USB_genHID.c,4701 :: 		
0x103A	0xFFF6C008  	MOVFF       R8, TBLPTRL
0x103E	0xFFF7C009  	MOVFF       R9, TBLPTRH
0x1042	0xFFF8C00A  	MOVFF       R10, TBLPTRU
0x1046	0x0009      	TBLRD*+
0x1048	0xF000CFF5  	MOVFF       TABLAT, R0
0x104C	0x5000      	MOVF        R0, 0 
0x104E	0x257D      	ADDWF       __Lib_USB_genHID_GetMaxIndexInConfigDsc_i_L0, 0, 1
0x1050	0x6E01      	MOVWF       R1 
0x1052	0x0E00      	MOVLW       0
0x1054	0x217E      	ADDWFC      __Lib_USB_genHID_GetMaxIndexInConfigDsc_i_L0+1, 0, 1
0x1056	0x6E02      	MOVWF       R2 
0x1058	0xF07DC001  	MOVFF       R1, __Lib_USB_genHID_GetMaxIndexInConfigDsc_i_L0
0x105C	0xF07EC002  	MOVFF       R2, __Lib_USB_genHID_GetMaxIndexInConfigDsc_i_L0+1
;__Lib_USB_genHID.c,4702 :: 		
0x1060	0x5007      	MOVF        R7, 0 
0x1062	0x5C02      	SUBWF       R2, 0 
0x1064	0xE102      	BNZ         L___Lib_USB_genHID_GetMaxIndexInConfigDsc345
0x1066	0x5006      	MOVF        R6, 0 
0x1068	0x5C01      	SUBWF       R1, 0 
L___Lib_USB_genHID_GetMaxIndexInConfigDsc345:
0x106A	0xE301      	BNC         L___Lib_USB_genHID_GetMaxIndexInConfigDsc260
;__Lib_USB_genHID.c,4703 :: 		
0x106C	0xD00F      	BRA         L___Lib_USB_genHID_GetMaxIndexInConfigDsc255
L___Lib_USB_genHID_GetMaxIndexInConfigDsc260:
;__Lib_USB_genHID.c,4705 :: 		
0x106E	0xFFF6C008  	MOVFF       R8, TBLPTRL
0x1072	0xFFF7C009  	MOVFF       R9, TBLPTRH
0x1076	0xFFF8C00A  	MOVFF       R10, TBLPTRU
0x107A	0x0009      	TBLRD*+
0x107C	0xF000CFF5  	MOVFF       TABLAT, R0
0x1080	0x5000      	MOVF        R0, 0 
0x1082	0x2608      	ADDWF       R8, 1 
0x1084	0x0E00      	MOVLW       0
0x1086	0x2209      	ADDWFC      R9, 1 
0x1088	0x220A      	ADDWFC      R10, 1 
;__Lib_USB_genHID.c,4706 :: 		
0x108A	0xD783      	BRA         L___Lib_USB_genHID_GetMaxIndexInConfigDsc254
L___Lib_USB_genHID_GetMaxIndexInConfigDsc255:
;__Lib_USB_genHID.c,4707 :: 		
0x108C	0xF000C07C  	MOVFF       __Lib_USB_genHID_GetMaxIndexInConfigDsc_index_L0, R0
;__Lib_USB_genHID.c,4708 :: 		
L_end_GetMaxIndexInConfigDsc:
0x1090	0x0012      	RETURN      0
; end of __Lib_USB_genHID_GetMaxIndexInConfigDsc
__Lib_USB_genHID_USB_Handle_Busy:
;__Lib_USB_genHID.c,2414 :: 		
;__Lib_USB_genHID.c,2415 :: 		
0x1092	0x0E00      	MOVLW       0
0x1094	0x0100      	MOVLB       0
0x1096	0x197A      	XORWF       FARG___Lib_USB_genHID_USB_Handle_Busy_handle+1, 0, 1
0x1098	0xE102      	BNZ         L___Lib_USB_genHID_USB_Handle_Busy287
0x109A	0x0E00      	MOVLW       0
0x109C	0x1979      	XORWF       FARG___Lib_USB_genHID_USB_Handle_Busy_handle, 0, 1
L___Lib_USB_genHID_USB_Handle_Busy287:
0x109E	0xE102      	BNZ         L___Lib_USB_genHID_USB_Handle_Busy0
0x10A0	0x6A01      	CLRF        R1 
0x10A2	0xD00A      	BRA         L___Lib_USB_genHID_USB_Handle_Busy1
L___Lib_USB_genHID_USB_Handle_Busy0:
0x10A4	0xFFE9C079  	MOVFF       FARG___Lib_USB_genHID_USB_Handle_Busy_handle, FSR0L
0x10A8	0xFFEAC07A  	MOVFF       FARG___Lib_USB_genHID_USB_Handle_Busy_handle+1, FSR0H
0x10AC	0xF000CFEE  	MOVFF       POSTINC0, R0
0x10B0	0x0E00      	MOVLW       0
0x10B2	0xBE00      	BTFSC       R0, 7 
0x10B4	0x0E01      	MOVLW       1
0x10B6	0x6E01      	MOVWF       R1 
L___Lib_USB_genHID_USB_Handle_Busy1:
0x10B8	0xF000C001  	MOVFF       R1, R0
;__Lib_USB_genHID.c,2416 :: 		
L_end_USB_Handle_Busy:
0x10BC	0x0012      	RETURN      0
; end of __Lib_USB_genHID_USB_Handle_Busy
__Lib_USB_genHID_USB_Enable_Interrupts:
;__Lib_USB_genHID.c,2232 :: 		
;__Lib_USB_genHID.c,2233 :: 		
0x10BE	0x8ED0      	BSF         IPEN_bit, BitPos(IPEN_bit+0) 
;__Lib_USB_genHID.c,2234 :: 		
0x10C0	0x8AA2      	BSF         USBIP_bit, BitPos(USBIP_bit+0) 
;__Lib_USB_genHID.c,2235 :: 		
0x10C2	0x8AA0      	BSF         USBIE_bit, BitPos(USBIE_bit+0) 
;__Lib_USB_genHID.c,2236 :: 		
0x10C4	0x8EF2      	BSF         GIEH_bit, BitPos(GIEH_bit+0) 
;__Lib_USB_genHID.c,2237 :: 		
L_end_USB_Enable_Interrupts:
0x10C6	0x0012      	RETURN      0
; end of __Lib_USB_genHID_USB_Enable_Interrupts
_USB_Polling_Proc:
;__Lib_USB_genHID.c,2596 :: 		
;__Lib_USB_genHID.c,2617 :: 		
L_USB_Polling_Proc7:
;__Lib_USB_genHID.c,2622 :: 		
0x10C8	0x504C      	MOVF        __Lib_USB_genHID_USBDeviceState, 0 
0x10CA	0x0A00      	XORLW       0
0x10CC	0xE10A      	BNZ         L_USB_Polling_Proc8
;__Lib_USB_genHID.c,2625 :: 		
0x10CE	0x6A6D      	CLRF        UCON 
;__Lib_USB_genHID.c,2628 :: 		
0x10D0	0x6A69      	CLRF        UIE 
;__Lib_USB_genHID.c,2632 :: 		
0x10D2	0xF004EC23  	CALL        __Lib_USB_genHID_USB_Configure, 0
;__Lib_USB_genHID.c,2635 :: 		
L_USB_Polling_Proc9:
0x10D6	0xB66D      	BTFSC       UCON, 3 
0x10D8	0xD002      	BRA         L_USB_Polling_Proc10
0x10DA	0x866D      	BSF         UCON, 3 
0x10DC	0xD7FC      	BRA         L_USB_Polling_Proc9
L_USB_Polling_Proc10:
;__Lib_USB_genHID.c,2638 :: 		
0x10DE	0x0E01      	MOVLW       1
0x10E0	0x6E4C      	MOVWF       __Lib_USB_genHID_USBDeviceState 
;__Lib_USB_genHID.c,2640 :: 		
L_USB_Polling_Proc8:
;__Lib_USB_genHID.c,2642 :: 		
0x10E2	0x504C      	MOVF        __Lib_USB_genHID_USBDeviceState, 0 
0x10E4	0x0A01      	XORLW       1
0x10E6	0xE108      	BNZ         L_USB_Polling_Proc11
;__Lib_USB_genHID.c,2653 :: 		
0x10E8	0xBA6D      	BTFSC       SE0_bit, BitPos(SE0_bit+0) 
0x10EA	0xD006      	BRA         L_USB_Polling_Proc12
;__Lib_USB_genHID.c,2655 :: 		
0x10EC	0x6A68      	CLRF        UIR 
;__Lib_USB_genHID.c,2657 :: 		
0x10EE	0x6A69      	CLRF        UIE 
;__Lib_USB_genHID.c,2658 :: 		
0x10F0	0x8069      	BSF         URSTIE_bit, BitPos(URSTIE_bit+0) 
;__Lib_USB_genHID.c,2659 :: 		
0x10F2	0x8869      	BSF         IDLEIE_bit, BitPos(IDLEIE_bit+0) 
;__Lib_USB_genHID.c,2660 :: 		
0x10F4	0x0E02      	MOVLW       2
0x10F6	0x6E4C      	MOVWF       __Lib_USB_genHID_USBDeviceState 
;__Lib_USB_genHID.c,2661 :: 		
L_USB_Polling_Proc12:
;__Lib_USB_genHID.c,2662 :: 		
L_USB_Polling_Proc11:
;__Lib_USB_genHID.c,2667 :: 		
0x10F8	0xA468      	BTFSS       ACTVIF_bit, BitPos(ACTVIF_bit+0) 
0x10FA	0xD005      	BRA         L_USB_Polling_Proc15
0x10FC	0xA469      	BTFSS       ACTVIE_bit, BitPos(ACTVIE_bit+0) 
0x10FE	0xD003      	BRA         L_USB_Polling_Proc15
L__USB_Polling_Proc268:
;__Lib_USB_genHID.c,2673 :: 		
0x1100	0x0EFB      	MOVLW       251
0x1102	0x1668      	ANDWF       UIR, 1 
;__Lib_USB_genHID.c,2674 :: 		
0x1104	0xDD2D      	RCALL       __Lib_USB_genHID_USB_Wake_From_Suspend
;__Lib_USB_genHID.c,2676 :: 		
L_USB_Polling_Proc15:
;__Lib_USB_genHID.c,2680 :: 		
0x1106	0xA26D      	BTFSS       SUSPND_bit, BitPos(SUSPND_bit+0) 
0x1108	0xD002      	BRA         L_USB_Polling_Proc16
;__Lib_USB_genHID.c,2686 :: 		
0x110A	0xDD37      	RCALL       __Lib_USB_genHID_USB_Clear_Interrupt
;__Lib_USB_genHID.c,2687 :: 		
0x110C	0xD0D6      	BRA         L_end_USB_Polling_Proc
;__Lib_USB_genHID.c,2688 :: 		
L_USB_Polling_Proc16:
;__Lib_USB_genHID.c,2700 :: 		
0x110E	0xA068      	BTFSS       URSTIF_bit, BitPos(URSTIF_bit+0) 
0x1110	0xD018      	BRA         L_USB_Polling_Proc19
0x1112	0xA069      	BTFSS       URSTIE_bit, BitPos(URSTIE_bit+0) 
0x1114	0xD016      	BRA         L_USB_Polling_Proc19
L__USB_Polling_Proc267:
;__Lib_USB_genHID.c,2702 :: 		
0x1116	0xDDC9      	RCALL       __Lib_USB_genHID_USB_Device_Init
;__Lib_USB_genHID.c,2703 :: 		
0x1118	0x0E04      	MOVLW       4
0x111A	0x6E4C      	MOVWF       __Lib_USB_genHID_USBDeviceState 
;__Lib_USB_genHID.c,2712 :: 		
0x111C	0x0E20      	MOVLW       __Lib_USB_genHID_SetupPkt
0x111E	0x0104      	MOVLB       4
0x1120	0x6F02      	MOVWF       1026, 1
0x1122	0x0E04      	MOVLW       hi_addr(__Lib_USB_genHID_SetupPkt)
0x1124	0x6F03      	MOVWF       1027, 1
;__Lib_USB_genHID.c,2713 :: 		
0x1126	0x0E08      	MOVLW       8
0x1128	0x6F01      	MOVWF       1025, 1
;__Lib_USB_genHID.c,2714 :: 		
0x112A	0x0E00      	MOVLW       0
0x112C	0x1500      	ANDWF       __Lib_USB_genHID_BDT, 0, 1
0x112E	0x6E00      	MOVWF       R0 
0x1130	0xF400C000  	MOVFF       R0, __Lib_USB_genHID_BDT
;__Lib_USB_genHID.c,2715 :: 		
0x1134	0x0E8C      	MOVLW       140
0x1136	0x1100      	IORWF       __Lib_USB_genHID_BDT, 0, 1
0x1138	0x6E00      	MOVWF       R0 
0x113A	0xF400C000  	MOVFF       R0, __Lib_USB_genHID_BDT
;__Lib_USB_genHID.c,2718 :: 		
0x113E	0x0EFE      	MOVLW       254
0x1140	0x1668      	ANDWF       UIR, 1 
;__Lib_USB_genHID.c,2719 :: 		
L_USB_Polling_Proc19:
;__Lib_USB_genHID.c,2724 :: 		
0x1142	0xA868      	BTFSS       IDLEIF_bit, BitPos(IDLEIF_bit+0) 
0x1144	0xD005      	BRA         L_USB_Polling_Proc22
0x1146	0xA869      	BTFSS       IDLEIE_bit, BitPos(IDLEIE_bit+0) 
0x1148	0xD003      	BRA         L_USB_Polling_Proc22
L__USB_Polling_Proc266:
;__Lib_USB_genHID.c,2727 :: 		
0x114A	0xDD12      	RCALL       __Lib_USB_genHID_USB_Suspend
;__Lib_USB_genHID.c,2730 :: 		
0x114C	0x0EEF      	MOVLW       239
0x114E	0x1668      	ANDWF       UIR, 1 
;__Lib_USB_genHID.c,2731 :: 		
L_USB_Polling_Proc22:
;__Lib_USB_genHID.c,2733 :: 		
0x1150	0xAC68      	BTFSS       SOFIF_bit, BitPos(SOFIF_bit+0) 
0x1152	0xD004      	BRA         L_USB_Polling_Proc25
0x1154	0xAC69      	BTFSS       SOFIE_bit, BitPos(SOFIE_bit+0) 
0x1156	0xD002      	BRA         L_USB_Polling_Proc25
L__USB_Polling_Proc265:
;__Lib_USB_genHID.c,2736 :: 		
0x1158	0x0EBF      	MOVLW       191
0x115A	0x1668      	ANDWF       UIR, 1 
;__Lib_USB_genHID.c,2737 :: 		
L_USB_Polling_Proc25:
;__Lib_USB_genHID.c,2739 :: 		
0x115C	0xAA68      	BTFSS       STALLIF_bit, BitPos(STALLIF_bit+0) 
0x115E	0xD003      	BRA         L_USB_Polling_Proc28
0x1160	0xAA69      	BTFSS       STALLIE_bit, BitPos(STALLIE_bit+0) 
0x1162	0xD001      	BRA         L_USB_Polling_Proc28
L__USB_Polling_Proc264:
;__Lib_USB_genHID.c,2741 :: 		
0x1164	0xDD5D      	RCALL       __Lib_USB_genHID_USB_Stall_Handler
;__Lib_USB_genHID.c,2742 :: 		
L_USB_Polling_Proc28:
;__Lib_USB_genHID.c,2744 :: 		
0x1166	0xA268      	BTFSS       UERRIF_bit, BitPos(UERRIF_bit+0) 
0x1168	0xD002      	BRA         L_USB_Polling_Proc31
0x116A	0xB269      	BTFSC       UERRIE_bit, BitPos(UERRIE_bit+0) 
L__USB_Polling_Proc263:
;__Lib_USB_genHID.c,2747 :: 		
0x116C	0x6A6A      	CLRF        UEIR 
;__Lib_USB_genHID.c,2748 :: 		
L_USB_Polling_Proc31:
;__Lib_USB_genHID.c,2755 :: 		
0x116E	0x0E04      	MOVLW       4
0x1170	0x5C4C      	SUBWF       __Lib_USB_genHID_USBDeviceState, 0 
0x1172	0xE202      	BC          L_USB_Polling_Proc32
;__Lib_USB_genHID.c,2757 :: 		
0x1174	0xDD02      	RCALL       __Lib_USB_genHID_USB_Clear_Interrupt
;__Lib_USB_genHID.c,2758 :: 		
0x1176	0xD0A1      	BRA         L_end_USB_Polling_Proc
;__Lib_USB_genHID.c,2759 :: 		
L_USB_Polling_Proc32:
;__Lib_USB_genHID.c,2764 :: 		
0x1178	0xA669      	BTFSS       TRNIE_bit, BitPos(TRNIE_bit+0) 
0x117A	0xD09E      	BRA         L_USB_Polling_Proc33
;__Lib_USB_genHID.c,2766 :: 		
0x117C	0x0100      	MOVLB       0
0x117E	0x6B7A      	CLRF        USB_Polling_Proc_i_L0, 1
L_USB_Polling_Proc34:
0x1180	0x0E04      	MOVLW       4
0x1182	0x5D7A      	SUBWF       USB_Polling_Proc_i_L0, 0, 1
0x1184	0xB0D8      	BTFSC       STATUS, 0 
0x1186	0xD098      	BRA         L_USB_Polling_Proc35
;__Lib_USB_genHID.c,2768 :: 		
0x1188	0xA668      	BTFSS       TRNIF_bit, BitPos(TRNIF_bit+0) 
0x118A	0xD092      	BRA         L_USB_Polling_Proc37
;__Lib_USB_genHID.c,2774 :: 		
0x118C	0xF05CCF6C  	MOVFF       USTAT, __Lib_USB_genHID_USTATcopy
;__Lib_USB_genHID.c,2775 :: 		
0x1190	0x0EF7      	MOVLW       247
0x1192	0x1668      	ANDWF       UIR, 1 
;__Lib_USB_genHID.c,2782 :: 		
0x1194	0x0E78      	MOVLW       120
0x1196	0x145C      	ANDWF       __Lib_USB_genHID_USTATcopy, 0 
0x1198	0x6E01      	MOVWF       R1 
0x119A	0x5001      	MOVF        R1, 0 
0x119C	0x0A00      	XORLW       0
0x119E	0xA4D8      	BTFSS       STATUS, 2 
0x11A0	0xD086      	BRA         L_USB_Polling_Proc38
;__Lib_USB_genHID.c,2784 :: 		
0x11A2	0x0EFD      	MOVLW       253
0x11A4	0x145C      	ANDWF       __Lib_USB_genHID_USTATcopy, 0 
0x11A6	0x6E01      	MOVWF       R1 
0x11A8	0x6A02      	CLRF        R2 
0x11AA	0x0EFF      	MOVLW       255
0x11AC	0x1602      	ANDWF       R2, 1 
0x11AE	0x0E00      	MOVLW       0
0x11B0	0x1802      	XORWF       R2, 0 
0x11B2	0xE102      	BNZ         L__USB_Polling_Proc291
0x11B4	0x0E00      	MOVLW       0
0x11B6	0x1801      	XORWF       R1, 0 
L__USB_Polling_Proc291:
0x11B8	0xE16C      	BNZ         L_USB_Polling_Proc39
0x11BA	0x0E7E      	MOVLW       126
0x11BC	0x145C      	ANDWF       __Lib_USB_genHID_USTATcopy, 0 
0x11BE	0x6E01      	MOVWF       R1 
0x11C0	0xF003C001  	MOVFF       R1, R3
0x11C4	0x3203      	RRCF        R3, 1 
0x11C6	0x9E03      	BCF         R3, 7 
0x11C8	0xF000C003  	MOVFF       R3, R0
0x11CC	0x0E00      	MOVLW       0
0x11CE	0x6E01      	MOVWF       R1 
0x11D0	0x3600      	RLCF        R0, 1 
0x11D2	0x9000      	BCF         R0, 0 
0x11D4	0x3601      	RLCF        R1, 1 
0x11D6	0x3600      	RLCF        R0, 1 
0x11D8	0x9000      	BCF         R0, 0 
0x11DA	0x3601      	RLCF        R1, 1 
0x11DC	0x0E00      	MOVLW       __Lib_USB_genHID_BDT
0x11DE	0x2400      	ADDWF       R0, 0 
0x11E0	0x6E02      	MOVWF       R2 
0x11E2	0x0E04      	MOVLW       hi_addr(__Lib_USB_genHID_BDT)
0x11E4	0x2001      	ADDWFC      R1, 0 
0x11E6	0x6E03      	MOVWF       R3 
0x11E8	0xF04FC002  	MOVFF       R2, __Lib_USB_genHID_BDTEntry_EP0Out_CurrentPtr
0x11EC	0xF050C003  	MOVFF       R3, __Lib_USB_genHID_BDTEntry_EP0Out_CurrentPtr+1
0x11F0	0xF05DC002  	MOVFF       R2, __Lib_USB_genHID_BDTEntry_EP0Out_NextPtr
0x11F4	0xF05EC003  	MOVFF       R3, __Lib_USB_genHID_BDTEntry_EP0Out_NextPtr+1
0x11F8	0x0E04      	MOVLW       4
0x11FA	0x185D      	XORWF       __Lib_USB_genHID_BDTEntry_EP0Out_NextPtr, 0 
0x11FC	0x6E00      	MOVWF       R0 
0x11FE	0xF05DC000  	MOVFF       R0, __Lib_USB_genHID_BDTEntry_EP0Out_NextPtr
0x1202	0xFFE9C002  	MOVFF       R2, FSR0L
0x1206	0xFFEAC003  	MOVFF       R3, FSR0H
0x120A	0xF000CFEE  	MOVFF       POSTINC0, R0
0x120E	0xF001C000  	MOVFF       R0, R1
0x1212	0x0E3C      	MOVLW       60
0x1214	0x1601      	ANDWF       R1, 1 
0x1216	0x3201      	RRCF        R1, 1 
0x1218	0x9E01      	BCF         R1, 7 
0x121A	0x3201      	RRCF        R1, 1 
0x121C	0x9E01      	BCF         R1, 7 
0x121E	0x5001      	MOVF        R1, 0 
0x1220	0x0A0D      	XORLW       13
0x1222	0xE135      	BNZ         L_USB_Polling_Proc40
0x1224	0x0E02      	MOVLW       2
0x1226	0x244F      	ADDWF       __Lib_USB_genHID_BDTEntry_EP0Out_CurrentPtr, 0 
0x1228	0x6EE9      	MOVWF       FSR0L 
0x122A	0x0E00      	MOVLW       0
0x122C	0x2050      	ADDWFC      __Lib_USB_genHID_BDTEntry_EP0Out_CurrentPtr+1, 0 
0x122E	0x6EEA      	MOVWF       FSR0L+1 
0x1230	0xF001CFEE  	MOVFF       POSTINC0, R1
0x1234	0xF002CFEE  	MOVFF       POSTINC0, R2
0x1238	0x5002      	MOVF        R2, 0 
0x123A	0x0A04      	XORLW       hi_addr(__Lib_USB_genHID_CtrlTrfData)
0x123C	0xE102      	BNZ         L__USB_Polling_Proc292
0x123E	0x0E28      	MOVLW       __Lib_USB_genHID_CtrlTrfData
0x1240	0x1801      	XORWF       R1, 0 
L__USB_Polling_Proc292:
0x1242	0xE123      	BNZ         L_USB_Polling_Proc41
0x1244	0x0100      	MOVLB       0
0x1246	0x0E02      	MOVLW       2
0x1248	0x244F      	ADDWF       __Lib_USB_genHID_BDTEntry_EP0Out_CurrentPtr, 0 
0x124A	0x6EE1      	MOVWF       FSR1L 
0x124C	0x0E00      	MOVLW       0
0x124E	0x2050      	ADDWFC      __Lib_USB_genHID_BDTEntry_EP0Out_CurrentPtr+1, 0 
0x1250	0x6EE2      	MOVWF       FSR1L+1 
0x1252	0x0E20      	MOVLW       __Lib_USB_genHID_SetupPkt
0x1254	0x6EE6      	MOVWF       POSTINC1 
0x1256	0x0E04      	MOVLW       hi_addr(__Lib_USB_genHID_SetupPkt)
0x1258	0x6EE6      	MOVWF       POSTINC1 
0x125A	0x6B79      	CLRF        USB_Polling_Proc_setup_cnt_L8, 1
L_USB_Polling_Proc42:
0x125C	0x0E08      	MOVLW       8
0x125E	0x5D79      	SUBWF       USB_Polling_Proc_setup_cnt_L8, 0, 1
0x1260	0xE214      	BC          L_USB_Polling_Proc43
0x1262	0x0E20      	MOVLW       __Lib_USB_genHID_SetupPkt
0x1264	0x6EE1      	MOVWF       FSR1L 
0x1266	0x0E04      	MOVLW       hi_addr(__Lib_USB_genHID_SetupPkt)
0x1268	0x6EE2      	MOVWF       FSR1L+1 
0x126A	0x5179      	MOVF        USB_Polling_Proc_setup_cnt_L8, 0, 1
0x126C	0x26E1      	ADDWF       FSR1L, 1 
0x126E	0xB0D8      	BTFSC       STATUS, 0 
0x1270	0x2AE2      	INCF        FSR1L+1, 1 
0x1272	0x0E28      	MOVLW       __Lib_USB_genHID_CtrlTrfData
0x1274	0x6EE9      	MOVWF       FSR0L 
0x1276	0x0E04      	MOVLW       hi_addr(__Lib_USB_genHID_CtrlTrfData)
0x1278	0x6EEA      	MOVWF       FSR0L+1 
0x127A	0x5179      	MOVF        USB_Polling_Proc_setup_cnt_L8, 0, 1
0x127C	0x26E9      	ADDWF       FSR0L, 1 
0x127E	0xB0D8      	BTFSC       STATUS, 0 
0x1280	0x2AEA      	INCF        FSR0L+1, 1 
0x1282	0xFFE6CFEE  	MOVFF       POSTINC0, POSTINC1
0x1286	0x2B79      	INCF        USB_Polling_Proc_setup_cnt_L8, 1, 1
0x1288	0xD7E9      	BRA         L_USB_Polling_Proc42
L_USB_Polling_Proc43:
L_USB_Polling_Proc41:
0x128A	0xDD4E      	RCALL       __Lib_USB_genHID_USB_CtrlTrf_Setup_Handler
0x128C	0xD001      	BRA         L_USB_Polling_Proc45
L_USB_Polling_Proc40:
0x128E	0xDCE9      	RCALL       __Lib_USB_genHID_USB_CtrlTrf_Out_Handler
L_USB_Polling_Proc45:
0x1290	0xD00D      	BRA         L_USB_Polling_Proc46
L_USB_Polling_Proc39:
0x1292	0x0EFD      	MOVLW       253
0x1294	0x145C      	ANDWF       __Lib_USB_genHID_USTATcopy, 0 
0x1296	0x6E01      	MOVWF       R1 
0x1298	0x6A02      	CLRF        R2 
0x129A	0x0EFF      	MOVLW       255
0x129C	0x1602      	ANDWF       R2, 1 
0x129E	0x0E00      	MOVLW       0
0x12A0	0x1802      	XORWF       R2, 0 
0x12A2	0xE102      	BNZ         L__USB_Polling_Proc293
0x12A4	0x0E04      	MOVLW       4
0x12A6	0x1801      	XORWF       R1, 0 
L__USB_Polling_Proc293:
0x12A8	0xE101      	BNZ         L_USB_Polling_Proc47
0x12AA	0xDC69      	RCALL       __Lib_USB_genHID_USB_CtrlTrf_In_Handler
L_USB_Polling_Proc47:
L_USB_Polling_Proc46:
;__Lib_USB_genHID.c,2785 :: 		
0x12AC	0xD000      	BRA         L_USB_Polling_Proc48
L_USB_Polling_Proc38:
;__Lib_USB_genHID.c,2792 :: 		
L_USB_Polling_Proc48:
;__Lib_USB_genHID.c,2793 :: 		
0x12AE	0xD001      	BRA         L_USB_Polling_Proc49
L_USB_Polling_Proc37:
;__Lib_USB_genHID.c,2795 :: 		
0x12B0	0xD003      	BRA         L_USB_Polling_Proc35
L_USB_Polling_Proc49:
;__Lib_USB_genHID.c,2766 :: 		
0x12B2	0x0100      	MOVLB       0
0x12B4	0x2B7A      	INCF        USB_Polling_Proc_i_L0, 1, 1
;__Lib_USB_genHID.c,2796 :: 		
0x12B6	0xD764      	BRA         L_USB_Polling_Proc34
L_USB_Polling_Proc35:
;__Lib_USB_genHID.c,2797 :: 		
L_USB_Polling_Proc33:
;__Lib_USB_genHID.c,2799 :: 		
0x12B8	0xDC60      	RCALL       __Lib_USB_genHID_USB_Clear_Interrupt
;__Lib_USB_genHID.c,2800 :: 		
L_end_USB_Polling_Proc:
0x12BA	0x0012      	RETURN      0
; end of _USB_Polling_Proc
__Lib_USB_genHID_USB_Attach_Device:
;__Lib_USB_genHID.c,4298 :: 		
;__Lib_USB_genHID.c,4300 :: 		
0x12BC	0x504C      	MOVF        __Lib_USB_genHID_USBDeviceState, 0 
0x12BE	0x0A00      	XORLW       0
0x12C0	0xE10B      	BNZ         L___Lib_USB_genHID_USB_Attach_Device207
;__Lib_USB_genHID.c,4303 :: 		
0x12C2	0x6A6D      	CLRF        UCON 
;__Lib_USB_genHID.c,4306 :: 		
0x12C4	0x6A69      	CLRF        UIE 
;__Lib_USB_genHID.c,4309 :: 		
0x12C6	0xF004EC23  	CALL        __Lib_USB_genHID_USB_Configure, 0
;__Lib_USB_genHID.c,4311 :: 		
0x12CA	0xDEF9      	RCALL       __Lib_USB_genHID_USB_Enable_Interrupts
;__Lib_USB_genHID.c,4315 :: 		
L___Lib_USB_genHID_USB_Attach_Device208:
0x12CC	0xB66D      	BTFSC       USBEN_bit, BitPos(USBEN_bit+0) 
0x12CE	0xD002      	BRA         L___Lib_USB_genHID_USB_Attach_Device209
;__Lib_USB_genHID.c,4316 :: 		
0x12D0	0x866D      	BSF         USBEN_bit, BitPos(USBEN_bit+0) 
;__Lib_USB_genHID.c,4317 :: 		
0x12D2	0xD7FC      	BRA         L___Lib_USB_genHID_USB_Attach_Device208
L___Lib_USB_genHID_USB_Attach_Device209:
;__Lib_USB_genHID.c,4319 :: 		
0x12D4	0x0E01      	MOVLW       1
0x12D6	0x6E4C      	MOVWF       __Lib_USB_genHID_USBDeviceState 
;__Lib_USB_genHID.c,4321 :: 		
L___Lib_USB_genHID_USB_Attach_Device207:
;__Lib_USB_genHID.c,4322 :: 		
L_end_USB_Attach_Device:
0x12D8	0x0012      	RETURN      0
; end of __Lib_USB_genHID_USB_Attach_Device
_Gen_Read:
;__Lib_USB_genHID.c,4596 :: 		
;__Lib_USB_genHID.c,4597 :: 		
0x12DA	0x0100      	MOVLB       0
0x12DC	0x6B78      	CLRF        Gen_Read_read_bytes_L0, 1
;__Lib_USB_genHID.c,4600 :: 		
0x12DE	0x0E20      	MOVLW       32
0x12E0	0x5C4C      	SUBWF       __Lib_USB_genHID_USBDeviceState, 0 
0x12E2	0xE303      	BNC         L__Gen_Read278
0x12E4	0xB26D      	BTFSC       SUSPND_bit, BitPos(SUSPND_bit+0) 
0x12E6	0xD001      	BRA         L__Gen_Read278
0x12E8	0xD002      	BRA         L_Gen_Read233
L__Gen_Read278:
;__Lib_USB_genHID.c,4601 :: 		
0x12EA	0x6A00      	CLRF        R0 
0x12EC	0xD02D      	BRA         L_end_Gen_Read
;__Lib_USB_genHID.c,4602 :: 		
L_Gen_Read233:
;__Lib_USB_genHID.c,4603 :: 		
0x12EE	0xF079C038  	MOVFF       __Lib_USB_genHID_USB_Out_Handle, FARG___Lib_USB_genHID_USB_Handle_Busy_handle
0x12F2	0xF07AC039  	MOVFF       __Lib_USB_genHID_USB_Out_Handle+1, FARG___Lib_USB_genHID_USB_Handle_Busy_handle+1
0x12F6	0xDECD      	RCALL       __Lib_USB_genHID_USB_Handle_Busy
0x12F8	0x5200      	MOVF        R0, 1 
0x12FA	0xE125      	BNZ         L_Gen_Read234
;__Lib_USB_genHID.c,4604 :: 		
0x12FC	0xF076C038  	MOVFF       __Lib_USB_genHID_USB_Out_Handle, Gen_Read_handle_L0
0x1300	0xF077C039  	MOVFF       __Lib_USB_genHID_USB_Out_Handle+1, Gen_Read_handle_L0+1
;__Lib_USB_genHID.c,4605 :: 		
0x1304	0x0E00      	MOVLW       0
0x1306	0x1839      	XORWF       __Lib_USB_genHID_USB_Out_Handle+1, 0 
0x1308	0xE102      	BNZ         L__Gen_Read336
0x130A	0x0E00      	MOVLW       0
0x130C	0x1838      	XORWF       __Lib_USB_genHID_USB_Out_Handle, 0 
L__Gen_Read336:
0x130E	0xE00A      	BZ          L_Gen_Read235
;__Lib_USB_genHID.c,4606 :: 		
0x1310	0x0E01      	MOVLW       1
0x1312	0x2576      	ADDWF       Gen_Read_handle_L0, 0, 1
0x1314	0x6EE9      	MOVWF       FSR0L 
0x1316	0x0E00      	MOVLW       0
0x1318	0x2177      	ADDWFC      Gen_Read_handle_L0+1, 0, 1
0x131A	0x6EEA      	MOVWF       FSR0L+1 
0x131C	0xF000CFEE  	MOVFF       POSTINC0, R0
0x1320	0xF078C000  	MOVFF       R0, Gen_Read_read_bytes_L0
L_Gen_Read235:
;__Lib_USB_genHID.c,4607 :: 		
0x1324	0xF079C075  	MOVFF       FARG_Gen_Read_ep, FARG___Lib_USB_genHID_USB_Transfer_Packet_ep
0x1328	0x6B7A      	CLRF        FARG___Lib_USB_genHID_USB_Transfer_Packet_dir, 1
0x132A	0xF07BC072  	MOVFF       FARG_Gen_Read_readbuff, FARG___Lib_USB_genHID_USB_Transfer_Packet_data_
0x132E	0xF07CC073  	MOVFF       FARG_Gen_Read_readbuff+1, FARG___Lib_USB_genHID_USB_Transfer_Packet_data_+1
0x1332	0xF07DC074  	MOVFF       FARG_Gen_Read_length, FARG___Lib_USB_genHID_USB_Transfer_Packet_len
0x1336	0xDD0E      	RCALL       __Lib_USB_genHID_USB_Transfer_Packet
0x1338	0xF038C000  	MOVFF       R0, __Lib_USB_genHID_USB_Out_Handle
0x133C	0xF039C001  	MOVFF       R1, __Lib_USB_genHID_USB_Out_Handle+1
;__Lib_USB_genHID.c,4608 :: 		
0x1340	0xF000C078  	MOVFF       Gen_Read_read_bytes_L0, R0
0x1344	0xD001      	BRA         L_end_Gen_Read
;__Lib_USB_genHID.c,4609 :: 		
L_Gen_Read234:
0x1346	0x6A00      	CLRF        R0 
;__Lib_USB_genHID.c,4611 :: 		
L_end_Gen_Read:
0x1348	0x0012      	RETURN      0
; end of _Gen_Read
_Gen_Write:
;__Lib_USB_genHID.c,4618 :: 		
;__Lib_USB_genHID.c,4620 :: 		
0x134A	0x0E20      	MOVLW       32
0x134C	0x5C4C      	SUBWF       __Lib_USB_genHID_USBDeviceState, 0 
0x134E	0xE303      	BNC         L__Gen_Write280
0x1350	0xB26D      	BTFSC       SUSPND_bit, BitPos(SUSPND_bit+0) 
0x1352	0xD001      	BRA         L__Gen_Write280
0x1354	0xD002      	BRA         L_Gen_Write239
L__Gen_Write280:
;__Lib_USB_genHID.c,4621 :: 		
0x1356	0x6A00      	CLRF        R0 
0x1358	0xD04E      	BRA         L_end_Gen_Write
;__Lib_USB_genHID.c,4622 :: 		
L_Gen_Write239:
;__Lib_USB_genHID.c,4623 :: 		
0x135A	0xF079C051  	MOVFF       __Lib_USB_genHID_USB_In_Handle, FARG___Lib_USB_genHID_USB_Handle_Busy_handle
0x135E	0xF07AC052  	MOVFF       __Lib_USB_genHID_USB_In_Handle+1, FARG___Lib_USB_genHID_USB_Handle_Busy_handle+1
0x1362	0xDE97      	RCALL       __Lib_USB_genHID_USB_Handle_Busy
0x1364	0x5200      	MOVF        R0, 1 
0x1366	0xE146      	BNZ         L_Gen_Write240
;__Lib_USB_genHID.c,4624 :: 		
0x1368	0xF079C075  	MOVFF       FARG_Gen_Write_ep, FARG___Lib_USB_genHID_USB_Transfer_Packet_ep
0x136C	0x0E01      	MOVLW       1
0x136E	0x6F7A      	MOVWF       FARG___Lib_USB_genHID_USB_Transfer_Packet_dir, 1
0x1370	0xF07BC072  	MOVFF       FARG_Gen_Write_writebuff, FARG___Lib_USB_genHID_USB_Transfer_Packet_data_
0x1374	0xF07CC073  	MOVFF       FARG_Gen_Write_writebuff+1, FARG___Lib_USB_genHID_USB_Transfer_Packet_data_+1
0x1378	0xF07DC074  	MOVFF       FARG_Gen_Write_length, FARG___Lib_USB_genHID_USB_Transfer_Packet_len
0x137C	0xDCEB      	RCALL       __Lib_USB_genHID_USB_Transfer_Packet
0x137E	0xF051C000  	MOVFF       R0, __Lib_USB_genHID_USB_In_Handle
0x1382	0xF052C001  	MOVFF       R1, __Lib_USB_genHID_USB_In_Handle+1
;__Lib_USB_genHID.c,4625 :: 		
0x1386	0x6A58      	CLRF        __Lib_USB_genHID__USB_Stop_Waiting 
0x1388	0x6A59      	CLRF        __Lib_USB_genHID__USB_Stop_Waiting+1 
0x138A	0x6A5A      	CLRF        __Lib_USB_genHID__USB_Stop_Waiting+2 
0x138C	0x6A5B      	CLRF        __Lib_USB_genHID__USB_Stop_Waiting+3 
;__Lib_USB_genHID.c,4626 :: 		
L_Gen_Write241:
0x138E	0xF079C051  	MOVFF       __Lib_USB_genHID_USB_In_Handle, FARG___Lib_USB_genHID_USB_Handle_Busy_handle
0x1392	0xF07AC052  	MOVFF       __Lib_USB_genHID_USB_In_Handle+1, FARG___Lib_USB_genHID_USB_Handle_Busy_handle+1
0x1396	0xDE7D      	RCALL       __Lib_USB_genHID_USB_Handle_Busy
0x1398	0x5200      	MOVF        R0, 1 
0x139A	0xE016      	BZ          L_Gen_Write242
;__Lib_USB_genHID.c,4627 :: 		
0x139C	0x0E20      	MOVLW       32
0x139E	0x5C4C      	SUBWF       __Lib_USB_genHID_USBDeviceState, 0 
0x13A0	0xE303      	BNC         L__Gen_Write279
0x13A2	0xB26D      	BTFSC       SUSPND_bit, BitPos(SUSPND_bit+0) 
0x13A4	0xD001      	BRA         L__Gen_Write279
0x13A6	0xD002      	BRA         L_Gen_Write245
L__Gen_Write279:
;__Lib_USB_genHID.c,4628 :: 		
0x13A8	0x6A00      	CLRF        R0 
0x13AA	0xD025      	BRA         L_end_Gen_Write
L_Gen_Write245:
;__Lib_USB_genHID.c,4629 :: 		
0x13AC	0x0E01      	MOVLW       1
0x13AE	0x6E01      	MOVWF       R1 
0x13B0	0x5001      	MOVF        R1, 0 
0x13B2	0x0A00      	XORLW       0
0x13B4	0xE101      	BNZ         L_Gen_Write246
;__Lib_USB_genHID.c,4630 :: 		
0x13B6	0xDE88      	RCALL       _USB_Polling_Proc
L_Gen_Write246:
;__Lib_USB_genHID.c,4631 :: 		
0x13B8	0x5058      	MOVF        __Lib_USB_genHID__USB_Stop_Waiting, 0 
0x13BA	0x1059      	IORWF       __Lib_USB_genHID__USB_Stop_Waiting+1, 0 
0x13BC	0x105A      	IORWF       __Lib_USB_genHID__USB_Stop_Waiting+2, 0 
0x13BE	0x105B      	IORWF       __Lib_USB_genHID__USB_Stop_Waiting+3, 0 
0x13C0	0xE002      	BZ          L_Gen_Write247
;__Lib_USB_genHID.c,4632 :: 		
0x13C2	0x6A00      	CLRF        R0 
0x13C4	0xD018      	BRA         L_end_Gen_Write
L_Gen_Write247:
;__Lib_USB_genHID.c,4633 :: 		
0x13C6	0xD7E3      	BRA         L_Gen_Write241
L_Gen_Write242:
;__Lib_USB_genHID.c,4634 :: 		
0x13C8	0xF076C051  	MOVFF       __Lib_USB_genHID_USB_In_Handle, Gen_Write_handle_L0
0x13CC	0xF077C052  	MOVFF       __Lib_USB_genHID_USB_In_Handle+1, Gen_Write_handle_L0+1
;__Lib_USB_genHID.c,4635 :: 		
0x13D0	0x0E00      	MOVLW       0
0x13D2	0x1852      	XORWF       __Lib_USB_genHID_USB_In_Handle+1, 0 
0x13D4	0xE102      	BNZ         L__Gen_Write338
0x13D6	0x0E00      	MOVLW       0
0x13D8	0x1851      	XORWF       __Lib_USB_genHID_USB_In_Handle, 0 
L__Gen_Write338:
0x13DA	0xE00A      	BZ          L_Gen_Write248
;__Lib_USB_genHID.c,4636 :: 		
0x13DC	0x0E01      	MOVLW       1
0x13DE	0x0100      	MOVLB       0
0x13E0	0x2576      	ADDWF       Gen_Write_handle_L0, 0, 1
0x13E2	0x6EE9      	MOVWF       FSR0L 
0x13E4	0x0E00      	MOVLW       0
0x13E6	0x2177      	ADDWFC      Gen_Write_handle_L0+1, 0, 1
0x13E8	0x6EEA      	MOVWF       FSR0L+1 
0x13EA	0xF000CFEE  	MOVFF       POSTINC0, R0
0x13EE	0xD003      	BRA         L_end_Gen_Write
L_Gen_Write248:
;__Lib_USB_genHID.c,4638 :: 		
0x13F0	0x6A00      	CLRF        R0 
0x13F2	0xD001      	BRA         L_end_Gen_Write
;__Lib_USB_genHID.c,4639 :: 		
L_Gen_Write240:
;__Lib_USB_genHID.c,4640 :: 		
0x13F4	0x6A00      	CLRF        R0 
;__Lib_USB_genHID.c,4641 :: 		
L_end_Gen_Write:
0x13F6	0x0012      	RETURN      0
; end of _Gen_Write
__Lib_USB_genHID_GetMaxStrignDscIndex:
;__Lib_USB_genHID.c,4710 :: 		
;__Lib_USB_genHID.c,4713 :: 		
0x13F8	0xDD3E      	RCALL       __Lib_USB_genHID_GetMaxIndexInDevDsc
0x13FA	0xF072C000  	MOVFF       R0, __Lib_USB_genHID_GetMaxStrignDscIndex_dev_L0
;__Lib_USB_genHID.c,4714 :: 		
0x13FE	0x0E98      	MOVLW       _configDescriptor1
0x1400	0x0100      	MOVLB       0
0x1402	0x6F79      	MOVWF       FARG___Lib_USB_genHID_GetMaxIndexInConfigDsc_cfgDsc, 1
0x1404	0x0E17      	MOVLW       hi_addr(_configDescriptor1)
0x1406	0x6F7A      	MOVWF       FARG___Lib_USB_genHID_GetMaxIndexInConfigDsc_cfgDsc+1, 1
0x1408	0x0E00      	MOVLW       higher_addr(_configDescriptor1)
0x140A	0x6F7B      	MOVWF       FARG___Lib_USB_genHID_GetMaxIndexInConfigDsc_cfgDsc+2, 1
0x140C	0xDD93      	RCALL       __Lib_USB_genHID_GetMaxIndexInConfigDsc
0x140E	0xF073C000  	MOVFF       R0, __Lib_USB_genHID_GetMaxStrignDscIndex_cfg_L0
;__Lib_USB_genHID.c,4715 :: 		
0x1412	0x5172      	MOVF        __Lib_USB_genHID_GetMaxStrignDscIndex_dev_L0, 0, 1
0x1414	0x5C00      	SUBWF       R0, 0 
0x1416	0xE203      	BC          L___Lib_USB_genHID_GetMaxStrignDscIndex261
;__Lib_USB_genHID.c,4716 :: 		
0x1418	0xF000C072  	MOVFF       __Lib_USB_genHID_GetMaxStrignDscIndex_dev_L0, R0
0x141C	0xD002      	BRA         L_end_GetMaxStrignDscIndex
;__Lib_USB_genHID.c,4717 :: 		
L___Lib_USB_genHID_GetMaxStrignDscIndex261:
;__Lib_USB_genHID.c,4718 :: 		
0x141E	0xF000C073  	MOVFF       __Lib_USB_genHID_GetMaxStrignDscIndex_cfg_L0, R0
;__Lib_USB_genHID.c,4721 :: 		
L_end_GetMaxStrignDscIndex:
0x1422	0x0012      	RETURN      0
; end of __Lib_USB_genHID_GetMaxStrignDscIndex
___CC2DW:
;__Lib_System.c,21 :: 		
;__Lib_System.c,23 :: 		
_CC2DL_Loop1:
;__Lib_System.c,24 :: 		
0x1424	0x0009      	TBLRD*+
;__Lib_System.c,25 :: 		
0x1426	0xFFE6CFF5  	MOVFF       TABLAT, POSTINC1
;__Lib_System.c,26 :: 		
0x142A	0x0600      	DECF        R0, 1, 0
;__Lib_System.c,27 :: 		
0x142C	0xE1FB      	BNZ         _CC2DL_Loop1
;__Lib_System.c,28 :: 		
0x142E	0x0601      	DECF        R1, 1, 0
;__Lib_System.c,29 :: 		
0x1430	0xE1F9      	BNZ         _CC2DL_Loop1
;__Lib_System.c,31 :: 		
L_end___CC2DW:
0x1432	0x0012      	RETURN      0
; end of ___CC2DW
_USB_Interrupt_Proc:
;__Lib_USB_genHID.c,2802 :: 		
;__Lib_USB_genHID.c,2805 :: 		
0x1434	0x504C      	MOVF        __Lib_USB_genHID_USBDeviceState, 0 
0x1436	0x0A01      	XORLW       1
0x1438	0xE107      	BNZ         L_USB_Interrupt_Proc50
;__Lib_USB_genHID.c,2816 :: 		
0x143A	0xBA6D      	BTFSC       SE0_bit, BitPos(SE0_bit+0) 
0x143C	0xD005      	BRA         L_USB_Interrupt_Proc51
;__Lib_USB_genHID.c,2818 :: 		
0x143E	0x6A68      	CLRF        UIR 
;__Lib_USB_genHID.c,2820 :: 		
0x1440	0x8069      	BSF         URSTIE_bit, BitPos(URSTIE_bit+0) 
;__Lib_USB_genHID.c,2821 :: 		
0x1442	0x8869      	BSF         IDLEIE_bit, BitPos(IDLEIE_bit+0) 
;__Lib_USB_genHID.c,2822 :: 		
0x1444	0x0E02      	MOVLW       2
0x1446	0x6E4C      	MOVWF       __Lib_USB_genHID_USBDeviceState 
;__Lib_USB_genHID.c,2823 :: 		
L_USB_Interrupt_Proc51:
;__Lib_USB_genHID.c,2824 :: 		
L_USB_Interrupt_Proc50:
;__Lib_USB_genHID.c,2829 :: 		
0x1448	0xA468      	BTFSS       ACTVIF_bit, BitPos(ACTVIF_bit+0) 
0x144A	0xD006      	BRA         L_USB_Interrupt_Proc54
0x144C	0xA469      	BTFSS       ACTVIE_bit, BitPos(ACTVIE_bit+0) 
0x144E	0xD004      	BRA         L_USB_Interrupt_Proc54
L__USB_Interrupt_Proc274:
;__Lib_USB_genHID.c,2835 :: 		
0x1450	0x0EFB      	MOVLW       251
0x1452	0x1668      	ANDWF       UIR, 1 
;__Lib_USB_genHID.c,2836 :: 		
0x1454	0xF005ECB0  	CALL        __Lib_USB_genHID_USB_Wake_From_Suspend, 0
;__Lib_USB_genHID.c,2838 :: 		
L_USB_Interrupt_Proc54:
;__Lib_USB_genHID.c,2842 :: 		
0x1458	0xA26D      	BTFSS       SUSPND_bit, BitPos(SUSPND_bit+0) 
0x145A	0xD003      	BRA         L_USB_Interrupt_Proc55
;__Lib_USB_genHID.c,2848 :: 		
0x145C	0xF005ECBD  	CALL        __Lib_USB_genHID_USB_Clear_Interrupt, 0
;__Lib_USB_genHID.c,2849 :: 		
0x1460	0xD0DD      	BRA         L_end_USB_Interrupt_Proc
;__Lib_USB_genHID.c,2850 :: 		
L_USB_Interrupt_Proc55:
;__Lib_USB_genHID.c,2862 :: 		
0x1462	0xA068      	BTFSS       URSTIF_bit, BitPos(URSTIF_bit+0) 
0x1464	0xD018      	BRA         L_USB_Interrupt_Proc58
0x1466	0xA069      	BTFSS       URSTIE_bit, BitPos(URSTIE_bit+0) 
0x1468	0xD016      	BRA         L_USB_Interrupt_Proc58
L__USB_Interrupt_Proc273:
;__Lib_USB_genHID.c,2864 :: 		
0x146A	0xDC1F      	RCALL       __Lib_USB_genHID_USB_Device_Init
;__Lib_USB_genHID.c,2865 :: 		
0x146C	0x0E04      	MOVLW       4
0x146E	0x6E4C      	MOVWF       __Lib_USB_genHID_USBDeviceState 
;__Lib_USB_genHID.c,2874 :: 		
0x1470	0x0E20      	MOVLW       __Lib_USB_genHID_SetupPkt
0x1472	0x0104      	MOVLB       4
0x1474	0x6F02      	MOVWF       1026, 1
0x1476	0x0E04      	MOVLW       hi_addr(__Lib_USB_genHID_SetupPkt)
0x1478	0x6F03      	MOVWF       1027, 1
;__Lib_USB_genHID.c,2875 :: 		
0x147A	0x0E08      	MOVLW       8
0x147C	0x6F01      	MOVWF       1025, 1
;__Lib_USB_genHID.c,2876 :: 		
0x147E	0x0E00      	MOVLW       0
0x1480	0x1500      	ANDWF       __Lib_USB_genHID_BDT, 0, 1
0x1482	0x6E00      	MOVWF       R0 
0x1484	0xF400C000  	MOVFF       R0, __Lib_USB_genHID_BDT
;__Lib_USB_genHID.c,2877 :: 		
0x1488	0x0E8C      	MOVLW       140
0x148A	0x1100      	IORWF       __Lib_USB_genHID_BDT, 0, 1
0x148C	0x6E00      	MOVWF       R0 
0x148E	0xF400C000  	MOVFF       R0, __Lib_USB_genHID_BDT
;__Lib_USB_genHID.c,2880 :: 		
0x1492	0x0EFE      	MOVLW       254
0x1494	0x1668      	ANDWF       UIR, 1 
;__Lib_USB_genHID.c,2881 :: 		
L_USB_Interrupt_Proc58:
;__Lib_USB_genHID.c,2886 :: 		
0x1496	0xA868      	BTFSS       IDLEIF_bit, BitPos(IDLEIF_bit+0) 
0x1498	0xD006      	BRA         L_USB_Interrupt_Proc61
0x149A	0xA869      	BTFSS       IDLEIE_bit, BitPos(IDLEIE_bit+0) 
0x149C	0xD004      	BRA         L_USB_Interrupt_Proc61
L__USB_Interrupt_Proc272:
;__Lib_USB_genHID.c,2889 :: 		
0x149E	0xF005ECB8  	CALL        __Lib_USB_genHID_USB_Suspend, 0
;__Lib_USB_genHID.c,2892 :: 		
0x14A2	0x0EEF      	MOVLW       239
0x14A4	0x1668      	ANDWF       UIR, 1 
;__Lib_USB_genHID.c,2893 :: 		
L_USB_Interrupt_Proc61:
;__Lib_USB_genHID.c,2895 :: 		
0x14A6	0xAC68      	BTFSS       SOFIF_bit, BitPos(SOFIF_bit+0) 
0x14A8	0xD004      	BRA         L_USB_Interrupt_Proc64
0x14AA	0xAC69      	BTFSS       SOFIE_bit, BitPos(SOFIE_bit+0) 
0x14AC	0xD002      	BRA         L_USB_Interrupt_Proc64
L__USB_Interrupt_Proc271:
;__Lib_USB_genHID.c,2898 :: 		
0x14AE	0x0EBF      	MOVLW       191
0x14B0	0x1668      	ANDWF       UIR, 1 
;__Lib_USB_genHID.c,2899 :: 		
L_USB_Interrupt_Proc64:
;__Lib_USB_genHID.c,2901 :: 		
0x14B2	0xAA68      	BTFSS       STALLIF_bit, BitPos(STALLIF_bit+0) 
0x14B4	0xD004      	BRA         L_USB_Interrupt_Proc67
0x14B6	0xAA69      	BTFSS       STALLIE_bit, BitPos(STALLIE_bit+0) 
0x14B8	0xD002      	BRA         L_USB_Interrupt_Proc67
L__USB_Interrupt_Proc270:
;__Lib_USB_genHID.c,2903 :: 		
0x14BA	0xF006EC10  	CALL        __Lib_USB_genHID_USB_Stall_Handler, 0
;__Lib_USB_genHID.c,2904 :: 		
L_USB_Interrupt_Proc67:
;__Lib_USB_genHID.c,2906 :: 		
0x14BE	0xA268      	BTFSS       UERRIF_bit, BitPos(UERRIF_bit+0) 
0x14C0	0xD002      	BRA         L_USB_Interrupt_Proc70
0x14C2	0xB269      	BTFSC       UERRIE_bit, BitPos(UERRIE_bit+0) 
L__USB_Interrupt_Proc269:
;__Lib_USB_genHID.c,2909 :: 		
0x14C4	0x6A6A      	CLRF        UEIR 
;__Lib_USB_genHID.c,2910 :: 		
L_USB_Interrupt_Proc70:
;__Lib_USB_genHID.c,2917 :: 		
0x14C6	0x0E04      	MOVLW       4
0x14C8	0x5C4C      	SUBWF       __Lib_USB_genHID_USBDeviceState, 0 
0x14CA	0xE203      	BC          L_USB_Interrupt_Proc71
;__Lib_USB_genHID.c,2919 :: 		
0x14CC	0xF005ECBD  	CALL        __Lib_USB_genHID_USB_Clear_Interrupt, 0
;__Lib_USB_genHID.c,2920 :: 		
0x14D0	0xD0A5      	BRA         L_end_USB_Interrupt_Proc
;__Lib_USB_genHID.c,2921 :: 		
L_USB_Interrupt_Proc71:
;__Lib_USB_genHID.c,2926 :: 		
0x14D2	0xA669      	BTFSS       TRNIE_bit, BitPos(TRNIE_bit+0) 
0x14D4	0xD0A1      	BRA         L_USB_Interrupt_Proc72
;__Lib_USB_genHID.c,2928 :: 		
0x14D6	0x0100      	MOVLB       0
0x14D8	0x6B80      	CLRF        USB_Interrupt_Proc_i_L0, 1
L_USB_Interrupt_Proc73:
0x14DA	0x0E04      	MOVLW       4
0x14DC	0x5D80      	SUBWF       USB_Interrupt_Proc_i_L0, 0, 1
0x14DE	0xB0D8      	BTFSC       STATUS, 0 
0x14E0	0xD09B      	BRA         L_USB_Interrupt_Proc74
;__Lib_USB_genHID.c,2930 :: 		
0x14E2	0xA668      	BTFSS       TRNIF_bit, BitPos(TRNIF_bit+0) 
0x14E4	0xD095      	BRA         L_USB_Interrupt_Proc76
;__Lib_USB_genHID.c,2936 :: 		
0x14E6	0xF05CCF6C  	MOVFF       USTAT, __Lib_USB_genHID_USTATcopy
;__Lib_USB_genHID.c,2937 :: 		
0x14EA	0x0EF7      	MOVLW       247
0x14EC	0x1668      	ANDWF       UIR, 1 
;__Lib_USB_genHID.c,2944 :: 		
0x14EE	0x0E78      	MOVLW       120
0x14F0	0x145C      	ANDWF       __Lib_USB_genHID_USTATcopy, 0 
0x14F2	0x6E01      	MOVWF       R1 
0x14F4	0x5001      	MOVF        R1, 0 
0x14F6	0x0A00      	XORLW       0
0x14F8	0xA4D8      	BTFSS       STATUS, 2 
0x14FA	0xD089      	BRA         L_USB_Interrupt_Proc77
;__Lib_USB_genHID.c,2946 :: 		
0x14FC	0x0EFD      	MOVLW       253
0x14FE	0x145C      	ANDWF       __Lib_USB_genHID_USTATcopy, 0 
0x1500	0x6E01      	MOVWF       R1 
0x1502	0x6A02      	CLRF        R2 
0x1504	0x0EFF      	MOVLW       255
0x1506	0x1602      	ANDWF       R2, 1 
0x1508	0x0E00      	MOVLW       0
0x150A	0x1802      	XORWF       R2, 0 
0x150C	0xE102      	BNZ         L__USB_Interrupt_Proc295
0x150E	0x0E00      	MOVLW       0
0x1510	0x1801      	XORWF       R1, 0 
L__USB_Interrupt_Proc295:
0x1512	0xE16E      	BNZ         L_USB_Interrupt_Proc78
0x1514	0x0E7E      	MOVLW       126
0x1516	0x145C      	ANDWF       __Lib_USB_genHID_USTATcopy, 0 
0x1518	0x6E01      	MOVWF       R1 
0x151A	0xF003C001  	MOVFF       R1, R3
0x151E	0x3203      	RRCF        R3, 1 
0x1520	0x9E03      	BCF         R3, 7 
0x1522	0xF000C003  	MOVFF       R3, R0
0x1526	0x0E00      	MOVLW       0
0x1528	0x6E01      	MOVWF       R1 
0x152A	0x3600      	RLCF        R0, 1 
0x152C	0x9000      	BCF         R0, 0 
0x152E	0x3601      	RLCF        R1, 1 
0x1530	0x3600      	RLCF        R0, 1 
0x1532	0x9000      	BCF         R0, 0 
0x1534	0x3601      	RLCF        R1, 1 
0x1536	0x0E00      	MOVLW       __Lib_USB_genHID_BDT
0x1538	0x2400      	ADDWF       R0, 0 
0x153A	0x6E02      	MOVWF       R2 
0x153C	0x0E04      	MOVLW       hi_addr(__Lib_USB_genHID_BDT)
0x153E	0x2001      	ADDWFC      R1, 0 
0x1540	0x6E03      	MOVWF       R3 
0x1542	0xF04FC002  	MOVFF       R2, __Lib_USB_genHID_BDTEntry_EP0Out_CurrentPtr
0x1546	0xF050C003  	MOVFF       R3, __Lib_USB_genHID_BDTEntry_EP0Out_CurrentPtr+1
0x154A	0xF05DC002  	MOVFF       R2, __Lib_USB_genHID_BDTEntry_EP0Out_NextPtr
0x154E	0xF05EC003  	MOVFF       R3, __Lib_USB_genHID_BDTEntry_EP0Out_NextPtr+1
0x1552	0x0E04      	MOVLW       4
0x1554	0x185D      	XORWF       __Lib_USB_genHID_BDTEntry_EP0Out_NextPtr, 0 
0x1556	0x6E00      	MOVWF       R0 
0x1558	0xF05DC000  	MOVFF       R0, __Lib_USB_genHID_BDTEntry_EP0Out_NextPtr
0x155C	0xFFE9C002  	MOVFF       R2, FSR0L
0x1560	0xFFEAC003  	MOVFF       R3, FSR0H
0x1564	0xF000CFEE  	MOVFF       POSTINC0, R0
0x1568	0xF001C000  	MOVFF       R0, R1
0x156C	0x0E3C      	MOVLW       60
0x156E	0x1601      	ANDWF       R1, 1 
0x1570	0x3201      	RRCF        R1, 1 
0x1572	0x9E01      	BCF         R1, 7 
0x1574	0x3201      	RRCF        R1, 1 
0x1576	0x9E01      	BCF         R1, 7 
0x1578	0x5001      	MOVF        R1, 0 
0x157A	0x0A0D      	XORLW       13
0x157C	0xE136      	BNZ         L_USB_Interrupt_Proc79
0x157E	0x0E02      	MOVLW       2
0x1580	0x244F      	ADDWF       __Lib_USB_genHID_BDTEntry_EP0Out_CurrentPtr, 0 
0x1582	0x6EE9      	MOVWF       FSR0L 
0x1584	0x0E00      	MOVLW       0
0x1586	0x2050      	ADDWFC      __Lib_USB_genHID_BDTEntry_EP0Out_CurrentPtr+1, 0 
0x1588	0x6EEA      	MOVWF       FSR0L+1 
0x158A	0xF001CFEE  	MOVFF       POSTINC0, R1
0x158E	0xF002CFEE  	MOVFF       POSTINC0, R2
0x1592	0x5002      	MOVF        R2, 0 
0x1594	0x0A04      	XORLW       hi_addr(__Lib_USB_genHID_CtrlTrfData)
0x1596	0xE102      	BNZ         L__USB_Interrupt_Proc296
0x1598	0x0E28      	MOVLW       __Lib_USB_genHID_CtrlTrfData
0x159A	0x1801      	XORWF       R1, 0 
L__USB_Interrupt_Proc296:
0x159C	0xE123      	BNZ         L_USB_Interrupt_Proc80
0x159E	0x0100      	MOVLB       0
0x15A0	0x0E02      	MOVLW       2
0x15A2	0x244F      	ADDWF       __Lib_USB_genHID_BDTEntry_EP0Out_CurrentPtr, 0 
0x15A4	0x6EE1      	MOVWF       FSR1L 
0x15A6	0x0E00      	MOVLW       0
0x15A8	0x2050      	ADDWFC      __Lib_USB_genHID_BDTEntry_EP0Out_CurrentPtr+1, 0 
0x15AA	0x6EE2      	MOVWF       FSR1L+1 
0x15AC	0x0E20      	MOVLW       __Lib_USB_genHID_SetupPkt
0x15AE	0x6EE6      	MOVWF       POSTINC1 
0x15B0	0x0E04      	MOVLW       hi_addr(__Lib_USB_genHID_SetupPkt)
0x15B2	0x6EE6      	MOVWF       POSTINC1 
0x15B4	0x6B7F      	CLRF        USB_Interrupt_Proc_setup_cnt_L8, 1
L_USB_Interrupt_Proc81:
0x15B6	0x0E08      	MOVLW       8
0x15B8	0x5D7F      	SUBWF       USB_Interrupt_Proc_setup_cnt_L8, 0, 1
0x15BA	0xE214      	BC          L_USB_Interrupt_Proc82
0x15BC	0x0E20      	MOVLW       __Lib_USB_genHID_SetupPkt
0x15BE	0x6EE1      	MOVWF       FSR1L 
0x15C0	0x0E04      	MOVLW       hi_addr(__Lib_USB_genHID_SetupPkt)
0x15C2	0x6EE2      	MOVWF       FSR1L+1 
0x15C4	0x517F      	MOVF        USB_Interrupt_Proc_setup_cnt_L8, 0, 1
0x15C6	0x26E1      	ADDWF       FSR1L, 1 
0x15C8	0xB0D8      	BTFSC       STATUS, 0 
0x15CA	0x2AE2      	INCF        FSR1L+1, 1 
0x15CC	0x0E28      	MOVLW       __Lib_USB_genHID_CtrlTrfData
0x15CE	0x6EE9      	MOVWF       FSR0L 
0x15D0	0x0E04      	MOVLW       hi_addr(__Lib_USB_genHID_CtrlTrfData)
0x15D2	0x6EEA      	MOVWF       FSR0L+1 
0x15D4	0x517F      	MOVF        USB_Interrupt_Proc_setup_cnt_L8, 0, 1
0x15D6	0x26E9      	ADDWF       FSR0L, 1 
0x15D8	0xB0D8      	BTFSC       STATUS, 0 
0x15DA	0x2AEA      	INCF        FSR0L+1, 1 
0x15DC	0xFFE6CFEE  	MOVFF       POSTINC0, POSTINC1
0x15E0	0x2B7F      	INCF        USB_Interrupt_Proc_setup_cnt_L8, 1, 1
0x15E2	0xD7E9      	BRA         L_USB_Interrupt_Proc81
L_USB_Interrupt_Proc82:
L_USB_Interrupt_Proc80:
0x15E4	0xF006EC94  	CALL        __Lib_USB_genHID_USB_CtrlTrf_Setup_Handler, 0
0x15E8	0xD002      	BRA         L_USB_Interrupt_Proc84
L_USB_Interrupt_Proc79:
0x15EA	0xF006EC31  	CALL        __Lib_USB_genHID_USB_CtrlTrf_Out_Handler, 0
L_USB_Interrupt_Proc84:
0x15EE	0xD00E      	BRA         L_USB_Interrupt_Proc85
L_USB_Interrupt_Proc78:
0x15F0	0x0EFD      	MOVLW       253
0x15F2	0x145C      	ANDWF       __Lib_USB_genHID_USTATcopy, 0 
0x15F4	0x6E01      	MOVWF       R1 
0x15F6	0x6A02      	CLRF        R2 
0x15F8	0x0EFF      	MOVLW       255
0x15FA	0x1602      	ANDWF       R2, 1 
0x15FC	0x0E00      	MOVLW       0
0x15FE	0x1802      	XORWF       R2, 0 
0x1600	0xE102      	BNZ         L__USB_Interrupt_Proc297
0x1602	0x0E04      	MOVLW       4
0x1604	0x1801      	XORWF       R1, 0 
L__USB_Interrupt_Proc297:
0x1606	0xE102      	BNZ         L_USB_Interrupt_Proc86
0x1608	0xF005ECBF  	CALL        __Lib_USB_genHID_USB_CtrlTrf_In_Handler, 0
L_USB_Interrupt_Proc86:
L_USB_Interrupt_Proc85:
;__Lib_USB_genHID.c,2947 :: 		
0x160C	0xD000      	BRA         L_USB_Interrupt_Proc87
L_USB_Interrupt_Proc77:
;__Lib_USB_genHID.c,2954 :: 		
L_USB_Interrupt_Proc87:
;__Lib_USB_genHID.c,2955 :: 		
0x160E	0xD001      	BRA         L_USB_Interrupt_Proc88
L_USB_Interrupt_Proc76:
;__Lib_USB_genHID.c,2957 :: 		
0x1610	0xD003      	BRA         L_USB_Interrupt_Proc74
L_USB_Interrupt_Proc88:
;__Lib_USB_genHID.c,2928 :: 		
0x1612	0x0100      	MOVLB       0
0x1614	0x2B80      	INCF        USB_Interrupt_Proc_i_L0, 1, 1
;__Lib_USB_genHID.c,2958 :: 		
0x1616	0xD761      	BRA         L_USB_Interrupt_Proc73
L_USB_Interrupt_Proc74:
;__Lib_USB_genHID.c,2959 :: 		
L_USB_Interrupt_Proc72:
;__Lib_USB_genHID.c,2961 :: 		
0x1618	0xF005ECBD  	CALL        __Lib_USB_genHID_USB_Clear_Interrupt, 0
;__Lib_USB_genHID.c,2962 :: 		
L_end_USB_Interrupt_Proc:
0x161C	0x0012      	RETURN      0
; end of _USB_Interrupt_Proc
_HID_Enable:
;__Lib_USB_genHID.c,4643 :: 		
;__Lib_USB_genHID.c,4644 :: 		
0x161E	0xDEEC      	RCALL       __Lib_USB_genHID_GetMaxStrignDscIndex
0x1620	0xF068C000  	MOVFF       R0, __Lib_USB_genHID_maxDescriptorIndex
;__Lib_USB_genHID.c,4645 :: 		
0x1624	0x0E01      	MOVLW       1
0x1626	0x6F6B      	MOVWF       __Lib_USB_genHID__Is_HID, 1
;__Lib_USB_genHID.c,4646 :: 		
0x1628	0xF034C06E  	MOVFF       FARG_HID_Enable_readbuff, __Lib_USB_genHID_USB_Read_Buffer
0x162C	0xF035C06F  	MOVFF       FARG_HID_Enable_readbuff+1, __Lib_USB_genHID_USB_Read_Buffer+1
;__Lib_USB_genHID.c,4647 :: 		
0x1630	0xF053C070  	MOVFF       FARG_HID_Enable_writebuff, __Lib_USB_genHID_USB_Write_Buffer
0x1634	0xF054C071  	MOVFF       FARG_HID_Enable_writebuff+1, __Lib_USB_genHID_USB_Write_Buffer+1
;__Lib_USB_genHID.c,4648 :: 		
0x1638	0xF006EC55  	CALL        __Lib_USB_genHID_USB_Device_Init, 0
;__Lib_USB_genHID.c,4649 :: 		
0x163C	0x0E01      	MOVLW       1
0x163E	0x6E01      	MOVWF       R1 
0x1640	0x5001      	MOVF        R1, 0 
0x1642	0x0A01      	XORLW       1
0x1644	0xE101      	BNZ         L_HID_Enable251
;__Lib_USB_genHID.c,4650 :: 		
0x1646	0xDE3A      	RCALL       __Lib_USB_genHID_USB_Attach_Device
L_HID_Enable251:
;__Lib_USB_genHID.c,4651 :: 		
L_end_HID_Enable:
0x1648	0x0012      	RETURN      0
; end of _HID_Enable
_HID_Read:
;__Lib_USB_genHID.c,4653 :: 		
;__Lib_USB_genHID.c,4654 :: 		
0x164A	0xF072C034  	MOVFF       __Lib_USB_genHID_USB_Read_Buffer, FARG_Gen_Read_readbuff
0x164E	0xF073C035  	MOVFF       __Lib_USB_genHID_USB_Read_Buffer+1, FARG_Gen_Read_readbuff+1
0x1652	0x0E40      	MOVLW       64
0x1654	0x0100      	MOVLB       0
0x1656	0x6F74      	MOVWF       FARG_Gen_Read_length, 1
0x1658	0x0E01      	MOVLW       1
0x165A	0x6F75      	MOVWF       FARG_Gen_Read_ep, 1
0x165C	0xDE3E      	RCALL       _Gen_Read
;__Lib_USB_genHID.c,4655 :: 		
L_end_HID_Read:
0x165E	0x0012      	RETURN      0
; end of _HID_Read
_HID_Write:
;__Lib_USB_genHID.c,4657 :: 		
;__Lib_USB_genHID.c,4658 :: 		
0x1660	0xF072C06E  	MOVFF       FARG_HID_Write_writebuff, FARG_Gen_Write_writebuff
0x1664	0xF073C06F  	MOVFF       FARG_HID_Write_writebuff+1, FARG_Gen_Write_writebuff+1
0x1668	0xF074C070  	MOVFF       FARG_HID_Write_len, FARG_Gen_Write_length
0x166C	0x0E01      	MOVLW       1
0x166E	0x0100      	MOVLB       0
0x1670	0x6F75      	MOVWF       FARG_Gen_Write_ep, 1
0x1672	0xDE6B      	RCALL       _Gen_Write
;__Lib_USB_genHID.c,4659 :: 		
L_end_HID_Write:
0x1674	0x0012      	RETURN      0
; end of _HID_Write
_main:
0x1676	0x0E02      	MOVLW       2
0x1678	0x6E29      	MOVWF       _SW_trigger 
0x167A	0x6A2A      	CLRF        _count_1 
;MyProject.c,44 :: 		void main(void)
;MyProject.c,46 :: 		ADCON1 = 0x0F;
0x167C	0x0E0F      	MOVLW       15
0x167E	0x6EC1      	MOVWF       ADCON1 
;MyProject.c,47 :: 		CMCON  = 0x07;
0x1680	0x0E07      	MOVLW       7
0x1682	0x6EB4      	MOVWF       CMCON 
;MyProject.c,50 :: 		PORTB = 0x00; LATB = 0x00;
0x1684	0x6A81      	CLRF        PORTB 
0x1686	0x6A8A      	CLRF        LATB 
;MyProject.c,51 :: 		TRISB.TRISB0 = 1;
0x1688	0x8093      	BSF         TRISB, 0 
;MyProject.c,52 :: 		TRISB.TRISB1 = 1;
0x168A	0x8293      	BSF         TRISB, 1 
;MyProject.c,53 :: 		TRISB.TRISB2 = 1;
0x168C	0x8493      	BSF         TRISB, 2 
;MyProject.c,54 :: 		INTCON2.RBPU = 0x07;
0x168E	0x8EF1      	BSF         INTCON2, 7 
;MyProject.c,57 :: 		PORTE = 0x00; LATE = 0x00;
0x1690	0x6A84      	CLRF        PORTE 
0x1692	0x6A8D      	CLRF        LATE 
;MyProject.c,58 :: 		TRISE.TRISE1 = 0;
0x1694	0x9296      	BCF         TRISE, 1 
;MyProject.c,59 :: 		TRISE.TRISE0 = 0;
0x1696	0x9096      	BCF         TRISE, 0 
;MyProject.c,62 :: 		HID_Enable(&readbuff,&writebuff);
0x1698	0x0E00      	MOVLW       _readbuff
0x169A	0x0100      	MOVLB       0
0x169C	0x6F6E      	MOVWF       FARG_HID_Enable_readbuff, 1
0x169E	0x0E05      	MOVLW       hi_addr(_readbuff)
0x16A0	0x6F6F      	MOVWF       FARG_HID_Enable_readbuff+1, 1
0x16A2	0x0E40      	MOVLW       _writebuff
0x16A4	0x6F70      	MOVWF       FARG_HID_Enable_writebuff, 1
0x16A6	0x0E05      	MOVLW       hi_addr(_writebuff)
0x16A8	0x6F71      	MOVWF       FARG_HID_Enable_writebuff+1, 1
0x16AA	0xDFB9      	RCALL       _HID_Enable
;MyProject.c,63 :: 		Delay_ms(100);
0x16AC	0x0E03      	MOVLW       3
0x16AE	0x6E0B      	MOVWF       R11, 0
0x16B0	0x0E8A      	MOVLW       138
0x16B2	0x6E0C      	MOVWF       R12, 0
0x16B4	0x0E55      	MOVLW       85
0x16B6	0x6E0D      	MOVWF       R13, 0
L_main3:
0x16B8	0x2E0D      	DECFSZ      R13, 1, 0
0x16BA	0xD7FE      	BRA         L_main3
0x16BC	0x2E0C      	DECFSZ      R12, 1, 0
0x16BE	0xD7FC      	BRA         L_main3
0x16C0	0x2E0B      	DECFSZ      R11, 1, 0
0x16C2	0xD7FA      	BRA         L_main3
0x16C4	0x0000      	NOP
0x16C6	0x0000      	NOP
;MyProject.c,66 :: 		INTCON.INT0IF = 0;
0x16C8	0x92F2      	BCF         INTCON, 1 
;MyProject.c,67 :: 		INTCON.INT0IE = 1;
0x16CA	0x88F2      	BSF         INTCON, 4 
;MyProject.c,68 :: 		INTCON2.INTEDG0 = 1;
0x16CC	0x8CF1      	BSF         INTCON2, 6 
;MyProject.c,70 :: 		INTCON3.INT1IF = 0;
0x16CE	0x90F0      	BCF         INTCON3, 0 
;MyProject.c,71 :: 		INTCON3.INT1IE = 1;
0x16D0	0x86F0      	BSF         INTCON3, 3 
;MyProject.c,72 :: 		INTCON2.INTEDG1 = 1;
0x16D2	0x8AF1      	BSF         INTCON2, 5 
;MyProject.c,75 :: 		PIR2.USBIF = 0;
0x16D4	0x9AA1      	BCF         PIR2, 5 
;MyProject.c,76 :: 		PIE2.USBIE = 1;
0x16D6	0x8AA0      	BSF         PIE2, 5 
;MyProject.c,78 :: 		UPUEN_bit = 1;
0x16D8	0x886F      	BSF         UPUEN_bit, BitPos(UPUEN_bit+0) 
;MyProject.c,79 :: 		FSEN_bit = 1;
0x16DA	0x846F      	BSF         FSEN_bit, BitPos(FSEN_bit+0) 
;MyProject.c,81 :: 		INTCON.GIE = 1;
0x16DC	0x8EF2      	BSF         INTCON, 7 
;MyProject.c,82 :: 		INTCON.PEIE = 1;
0x16DE	0x8CF2      	BSF         INTCON, 6 
;MyProject.c,84 :: 		while(1)
L_main4:
;MyProject.c,86 :: 		if (HID_Read() != 0)
0x16E0	0xDFB4      	RCALL       _HID_Read
0x16E2	0x5000      	MOVF        R0, 0 
0x16E4	0x0A00      	XORLW       0
0x16E6	0xE033      	BZ          L_main6
;MyProject.c,88 :: 		switch(readbuff[0]){
0x16E8	0xD01C      	BRA         L_main7
;MyProject.c,89 :: 		case 0:
L_main9:
;MyProject.c,90 :: 		LATE.LATE1 = led_off;
0x16EA	0x928D      	BCF         LATE, 1 
;MyProject.c,91 :: 		writebuff[8] = 'F';
0x16EC	0x0E46      	MOVLW       70
0x16EE	0x0105      	MOVLB       5
0x16F0	0x6F48      	MOVWF       1352, 1
;MyProject.c,92 :: 		break;
0x16F2	0xD025      	BRA         L_main8
;MyProject.c,94 :: 		case 1:
L_main10:
;MyProject.c,95 :: 		LATE.LATE1 = led_on;
0x16F4	0x828D      	BSF         LATE, 1 
;MyProject.c,96 :: 		writebuff[8] = 'O';
0x16F6	0x0E4F      	MOVLW       79
0x16F8	0x6F48      	MOVWF       1352, 1
;MyProject.c,97 :: 		break;
0x16FA	0xD021      	BRA         L_main8
;MyProject.c,99 :: 		case 2:
L_main11:
;MyProject.c,100 :: 		LATE.LATE0 = led_on;
0x16FC	0x808D      	BSF         LATE, 0 
;MyProject.c,101 :: 		if(PORTB.RB2 == 1){
0x16FE	0xA481      	BTFSS       PORTB, 2 
0x1700	0xD003      	BRA         L_main12
;MyProject.c,102 :: 		writebuff[8] = 'f';
0x1702	0x0E66      	MOVLW       102
0x1704	0x6F48      	MOVWF       1352, 1
;MyProject.c,103 :: 		}
0x1706	0xD002      	BRA         L_main13
L_main12:
;MyProject.c,105 :: 		writebuff[8] = 'o';
0x1708	0x0E6F      	MOVLW       111
0x170A	0x6F48      	MOVWF       1352, 1
;MyProject.c,106 :: 		}
L_main13:
;MyProject.c,107 :: 		break;
0x170C	0xD018      	BRA         L_main8
;MyProject.c,108 :: 		case 3:
L_main14:
;MyProject.c,109 :: 		LATE.LATE0 = led_off;
0x170E	0x908D      	BCF         LATE, 0 
;MyProject.c,110 :: 		if(PORTB.RB2 == 1){
0x1710	0xA481      	BTFSS       PORTB, 2 
0x1712	0xD003      	BRA         L_main15
;MyProject.c,111 :: 		writebuff[8] = 'f';
0x1714	0x0E66      	MOVLW       102
0x1716	0x6F48      	MOVWF       1352, 1
;MyProject.c,112 :: 		}
0x1718	0xD002      	BRA         L_main16
L_main15:
;MyProject.c,114 :: 		writebuff[8] = 'o';
0x171A	0x0E6F      	MOVLW       111
0x171C	0x6F48      	MOVWF       1352, 1
;MyProject.c,115 :: 		}
L_main16:
;MyProject.c,116 :: 		break;
0x171E	0xD00F      	BRA         L_main8
;MyProject.c,117 :: 		default: break;
L_main17:
0x1720	0xD00E      	BRA         L_main8
;MyProject.c,118 :: 		}
L_main7:
0x1722	0x0105      	MOVLB       5
0x1724	0x5100      	MOVF        _readbuff, 0, 1
0x1726	0x0A00      	XORLW       0
0x1728	0xE0E0      	BZ          L_main9
0x172A	0x5100      	MOVF        _readbuff, 0, 1
0x172C	0x0A01      	XORLW       1
0x172E	0xE0E2      	BZ          L_main10
0x1730	0x5100      	MOVF        _readbuff, 0, 1
0x1732	0x0A02      	XORLW       2
0x1734	0xE0E3      	BZ          L_main11
0x1736	0x5100      	MOVF        _readbuff, 0, 1
0x1738	0x0A03      	XORLW       3
0x173A	0xE0E9      	BZ          L_main14
0x173C	0xD7F1      	BRA         L_main17
L_main8:
;MyProject.c,119 :: 		HID_Write(&writebuff,out_size);
0x173E	0x0E40      	MOVLW       _writebuff
0x1740	0x0100      	MOVLB       0
0x1742	0x6F6E      	MOVWF       FARG_HID_Write_writebuff, 1
0x1744	0x0E05      	MOVLW       hi_addr(_writebuff)
0x1746	0x6F6F      	MOVWF       FARG_HID_Write_writebuff+1, 1
0x1748	0x0E40      	MOVLW       64
0x174A	0x6F70      	MOVWF       FARG_HID_Write_len, 1
0x174C	0xDF89      	RCALL       _HID_Write
;MyProject.c,120 :: 		}
L_main6:
;MyProject.c,122 :: 		if (SW_trigger == SW1)
0x174E	0x5029      	MOVF        _SW_trigger, 0 
0x1750	0x0A00      	XORLW       0
0x1752	0xE10A      	BNZ         L_main18
;MyProject.c,124 :: 		HID_Write(&writebuff,out_size);
0x1754	0x0E40      	MOVLW       _writebuff
0x1756	0x0100      	MOVLB       0
0x1758	0x6F6E      	MOVWF       FARG_HID_Write_writebuff, 1
0x175A	0x0E05      	MOVLW       hi_addr(_writebuff)
0x175C	0x6F6F      	MOVWF       FARG_HID_Write_writebuff+1, 1
0x175E	0x0E40      	MOVLW       64
0x1760	0x6F70      	MOVWF       FARG_HID_Write_len, 1
0x1762	0xDF7E      	RCALL       _HID_Write
;MyProject.c,125 :: 		SW_trigger = NONE;
0x1764	0x0E02      	MOVLW       2
0x1766	0x6E29      	MOVWF       _SW_trigger 
;MyProject.c,126 :: 		}
L_main18:
;MyProject.c,128 :: 		if (SW_trigger == SW2){
0x1768	0x5029      	MOVF        _SW_trigger, 0 
0x176A	0x0A01      	XORLW       1
0x176C	0xE113      	BNZ         L_main19
;MyProject.c,129 :: 		if(PORTB.RB2 == 1){
0x176E	0xA481      	BTFSS       PORTB, 2 
0x1770	0xD004      	BRA         L_main20
;MyProject.c,130 :: 		writebuff[8] = 'f';
0x1772	0x0E66      	MOVLW       102
0x1774	0x0105      	MOVLB       5
0x1776	0x6F48      	MOVWF       1352, 1
;MyProject.c,131 :: 		}
0x1778	0xD003      	BRA         L_main21
L_main20:
0x177A	0x0105      	MOVLB       5
;MyProject.c,133 :: 		writebuff[8] = 'o';
0x177C	0x0E6F      	MOVLW       111
0x177E	0x6F48      	MOVWF       1352, 1
;MyProject.c,134 :: 		}
L_main21:
;MyProject.c,135 :: 		SW_trigger = NONE;
0x1780	0x0E02      	MOVLW       2
0x1782	0x6E29      	MOVWF       _SW_trigger 
;MyProject.c,136 :: 		HID_Write(&writebuff,out_size);
0x1784	0x0E40      	MOVLW       _writebuff
0x1786	0x0100      	MOVLB       0
0x1788	0x6F6E      	MOVWF       FARG_HID_Write_writebuff, 1
0x178A	0x0E05      	MOVLW       hi_addr(_writebuff)
0x178C	0x6F6F      	MOVWF       FARG_HID_Write_writebuff+1, 1
0x178E	0x0E40      	MOVLW       64
0x1790	0x6F70      	MOVWF       FARG_HID_Write_len, 1
0x1792	0xDF66      	RCALL       _HID_Write
;MyProject.c,137 :: 		}
L_main19:
;MyProject.c,139 :: 		}
0x1794	0xD7A5      	BRA         L_main4
;MyProject.c,140 :: 		}
L_end_main:
0x1796	0xD7FF      	BRA         $+0
; end of _main
;USBdsc.c,50 :: _configDescriptor1
0x1798	0x0209 ;_configDescriptor1+0
0x179A	0x0029 ;_configDescriptor1+2
0x179C	0x0101 ;_configDescriptor1+4
0x179E	0x8000 ;_configDescriptor1+6
0x17A0	0x0932 ;_configDescriptor1+8
0x17A2	0x0004 ;_configDescriptor1+10
0x17A4	0x0200 ;_configDescriptor1+12
0x17A6	0x0003 ;_configDescriptor1+14
0x17A8	0x0000 ;_configDescriptor1+16
0x17AA	0x2109 ;_configDescriptor1+18
0x17AC	0x0101 ;_configDescriptor1+20
0x17AE	0x0100 ;_configDescriptor1+22
0x17B0	0x2122 ;_configDescriptor1+24
0x17B2	0x0700 ;_configDescriptor1+26
0x17B4	0x8105 ;_configDescriptor1+28
0x17B6	0x4003 ;_configDescriptor1+30
0x17B8	0x0100 ;_configDescriptor1+32
0x17BA	0x0507 ;_configDescriptor1+34
0x17BC	0x0301 ;_configDescriptor1+36
0x17BE	0x0040 ;_configDescriptor1+38
0x17C0	0x01 ;_configDescriptor1+40
; end of _configDescriptor1
;USBdsc.c,100 :: _hid_rpt_desc
0x17C1	0x0006 ;_hid_rpt_desc+0
0x17C3	0x09FF ;_hid_rpt_desc+2
0x17C5	0xA101 ;_hid_rpt_desc+4
0x17C7	0x1901 ;_hid_rpt_desc+6
0x17C9	0x2901 ;_hid_rpt_desc+8
0x17CB	0x1540 ;_hid_rpt_desc+10
0x17CD	0x2600 ;_hid_rpt_desc+12
0x17CF	0x00FF ;_hid_rpt_desc+14
0x17D1	0x0875 ;_hid_rpt_desc+16
0x17D3	0x4095 ;_hid_rpt_desc+18
0x17D5	0x0281 ;_hid_rpt_desc+20
0x17D7	0x0119 ;_hid_rpt_desc+22
0x17D9	0x4029 ;_hid_rpt_desc+24
0x17DB	0x0875 ;_hid_rpt_desc+26
0x17DD	0x4095 ;_hid_rpt_desc+28
0x17DF	0x0291 ;_hid_rpt_desc+30
0x17E1	0xC0 ;_hid_rpt_desc+32
; end of _hid_rpt_desc
;USBdsc.c,32 :: _device_dsc
0x17E2	0x0112 ;_device_dsc+0
0x17E4	0x0200 ;_device_dsc+2
0x17E6	0x0000 ;_device_dsc+4
0x17E8	0x0800 ;_device_dsc+6
0x17EA	0x04D8 ;_device_dsc+8
0x17EC	0x0001 ;_device_dsc+10
0x17EE	0x0100 ;_device_dsc+12
0x17F0	0x0201 ;_device_dsc+14
0x17F2	0x0100 ;_device_dsc+16
; end of _device_dsc
;USBdsc.c,150 :: _strd3
0x17F4	0x0312 ;_strd3+0
0x17F6	0x0055 ;_strd3+2
0x17F8	0x0053 ;_strd3+4
0x17FA	0x0042 ;_strd3+6
0x17FC	0x0028 ;_strd3+8
0x17FE	0x0048 ;_strd3+10
0x1800	0x0049 ;_strd3+12
0x1802	0x0044 ;_strd3+14
0x1804	0x0029 ;_strd3+16
; end of _strd3
;USBdsc.c,139 :: _strd2
0x1806	0x0312 ;_strd2+0
0x1808	0x006C ;_strd2+2
0x180A	0x0065 ;_strd2+4
0x180C	0x0061 ;_strd2+6
0x180E	0x006E ;_strd2+8
0x1810	0x0068 ;_strd2+10
0x1812	0x0064 ;_strd2+12
0x1814	0x0075 ;_strd2+14
0x1816	0x0063 ;_strd2+16
; end of _strd2
;USBdsc.c,127 :: _strd1
0x1818	0x0304 ;_strd1+0
0x181A	0x0409 ;_strd1+2
; end of _strd1
Symbol List:
//** Routines locations **
//ADDRESS    SIZE    PROCEDURE
//----------------------------------------------
0x0008     [206]    _interrupt
0x00D6     [198]    __Lib_USB_genHID_USB_CB_Init_EP
0x019C      [80]    _Mul_16X16_U
0x01EC     [202]    __Lib_USB_genHID_USB_Get_Status_Handler
0x02B6     [326]    __Lib_USB_genHID_USB_Std_Feature_Req_Handler
0x03FC      [30]    __Lib_USB_genHID_USB_Set_Cfg_Handler
0x041A     [242]    __Lib_USB_genHID_USB_Get_Dsc_Handler
0x050C     [300]    __Lib_USB_genHID_USB_Check_HID_Request
0x0638     [316]    __Lib_USB_genHID_USB_CtrlTrf_Tx_Service
0x0774     [210]    __Lib_USB_genHID_USB_Check_Std_Request
0x0846      [14]    __Lib_USB_genHID_USB_Configure
0x0854      [50]    _USB_Init_Desc
0x0886      [38]    __Lib_USB_genHID_USB_Prepare_Next_Setup_Trf
0x08AC      [10]    __Lib_USB_genHID_USB_CB_Check_Other_Req
0x08B6     [272]    __Lib_USB_genHID_USB_CtrlTrf_Rx_Service
0x09C6     [410]    __Lib_USB_genHID_USB_CtrlEP_Service_Complete
0x0B60      [16]    __Lib_USB_genHID_USB_Wake_From_Suspend
0x0B70      [10]    __Lib_USB_genHID_USB_Suspend
0x0B7A       [4]    __Lib_USB_genHID_USB_Clear_Interrupt
0x0B7E     [162]    __Lib_USB_genHID_USB_CtrlTrf_In_Handler
0x0C20      [66]    __Lib_USB_genHID_USB_Stall_Handler
0x0C62      [72]    __Lib_USB_genHID_USB_CtrlTrf_Out_Handler
0x0CAA     [126]    __Lib_USB_genHID_USB_Device_Init
0x0D28      [44]    __Lib_USB_genHID_USB_CtrlTrf_Setup_Handler
0x0D54     [290]    __Lib_USB_genHID_USB_Transfer_Packet
0x0E76     [190]    __Lib_USB_genHID_GetMaxIndexInDevDsc
0x0F34     [350]    __Lib_USB_genHID_GetMaxIndexInConfigDsc
0x1092      [44]    __Lib_USB_genHID_USB_Handle_Busy
0x10BE      [10]    __Lib_USB_genHID_USB_Enable_Interrupts
0x10C8     [500]    _USB_Polling_Proc
0x12BC      [30]    __Lib_USB_genHID_USB_Attach_Device
0x12DA     [112]    _Gen_Read
0x134A     [174]    _Gen_Write
0x13F8      [44]    __Lib_USB_genHID_GetMaxStrignDscIndex
0x1424      [16]    ___CC2DW
0x1434     [490]    _USB_Interrupt_Proc
0x161E      [44]    _HID_Enable
0x164A      [22]    _HID_Read
0x1660      [22]    _HID_Write
0x1676     [290]    _main
//** Variables locations ** 
//ADDRESS    SIZE    VARIABLE
//----------------------------------------------
0x0000       [1]    R0
0x0001       [1]    __Lib_USB_genHID_?FLOC____Lib_USB_genHID_USB_Handle_BusyT1
0x0001       [1]    R1
0x0002       [1]    __Lib_USB_genHID_USB_CtrlTrf_Rx_Service_byteToRead_L0
0x0002       [1]    R2
0x0003       [1]    __Lib_USB_genHID_USB_CtrlTrf_Rx_Service_i_L0
0x0003       [2]    __Lib_USB_genHID_USB_CtrlTrf_Tx_Service_byteToSend_L0
0x0003       [1]    R3
0x0004       [2]    __Lib_USB_genHID_USB_Std_Feature_Req_Handler_p_L0
0x0004       [1]    __Lib_USB_genHID_GetMaxIndexInDevDsc_index_L0
0x0004       [2]    __Lib_USB_genHID_USB_Transfer_Packet_handle_L0
0x0004       [2]    __Lib_USB_genHID_USB_Get_Status_Handler_p_L2
0x0004       [1]    R4
0x0005       [1]    R5
0x0006       [1]    R6
0x0006       [2]    __Lib_USB_genHID_GetMaxIndexInConfigDsc_totalLen_L0
0x0007       [1]    R7
0x0008       [3]    __Lib_USB_genHID_GetMaxIndexInConfigDsc_ptr_L0
0x0008       [1]    R8
0x0009       [1]    R9
0x000A       [1]    R10
0x000B       [1]    R11
0x000C       [1]    R12
0x000D       [1]    R13
0x000E       [1]    R14
0x000F       [1]    R15
0x0010       [1]    R16
0x0011       [1]    R17
0x0012       [1]    R18
0x0013       [1]    R19
0x0014       [1]    R20
0x0029       [1]    _SW_trigger
0x002A       [1]    _count_1
0x002B       [4]    __Lib_USB_genHID_BDTEntry_InPtr
0x002F       [4]    __Lib_USB_genHID_BDTEntry_OutPtr
0x0033       [1]    __Lib_USB_genHID_RemoteWakeup
0x0034       [2]    __Lib_USB_genHID_USB_Read_Buffer
0x0036       [1]    __Lib_USB_genHID_controlTransferState
0x0037       [1]    __Lib_USB_genHID_shortPacketStatus
0x0038       [2]    __Lib_USB_genHID_USB_Out_Handle
0x003A       [9]    _USB_string_dsc_ptr
0x0043       [3]    _USB_config_dsc_ptr
0x0046       [6]    __Lib_USB_genHID_inPipes
0x004C       [1]    __Lib_USB_genHID_USBDeviceState
0x004D       [1]    __Lib_USB_genHID_USBActiveConfiguration
0x004E       [1]    __Lib_USB_genHID_USBAlternateInterface
0x004F       [2]    __Lib_USB_genHID_BDTEntry_EP0Out_CurrentPtr
0x0051       [2]    __Lib_USB_genHID_USB_In_Handle
0x0053       [2]    __Lib_USB_genHID_USB_Write_Buffer
0x0055       [1]    __Lib_USB_genHID_active_protocol
0x0056       [2]    __Lib_USB_genHID___USB_Device_i_cnt
0x0058       [4]    __Lib_USB_genHID__USB_Stop_Waiting
0x005C       [1]    __Lib_USB_genHID_USTATcopy
0x005D       [2]    __Lib_USB_genHID_BDTEntry_EP0Out_NextPtr
0x005F       [9]    __Lib_USB_genHID_outPipes
0x0068       [1]    __Lib_USB_genHID_maxDescriptorIndex
0x0069       [1]    __Lib_USB_genHID_BothEP0OutUOWNsSet
0x006A       [1]    __Lib_USB_genHID_idle_rate
0x006B       [1]    __Lib_USB_genHID__Is_HID
0x006C       [2]    __Lib_USB_genHID_pDst
0x006E       [2]    FARG_HID_Enable_readbuff
0x006E       [2]    FARG_HID_Write_writebuff
0x0070       [1]    FARG_HID_Write_len
0x0070       [2]    FARG_HID_Enable_writebuff
0x0072       [2]    FARG_Gen_Write_writebuff
0x0072       [1]    __Lib_USB_genHID_GetMaxStrignDscIndex_dev_L0
0x0072       [2]    FARG_Gen_Read_readbuff
0x0073       [1]    __Lib_USB_genHID_GetMaxStrignDscIndex_cfg_L0
0x0074       [1]    FARG_Gen_Write_length
0x0074       [1]    FARG_Gen_Read_length
0x0075       [1]    FARG_Gen_Write_ep
0x0075       [1]    FARG_Gen_Read_ep
0x0076       [2]    Gen_Write_handle_L0
0x0076       [2]    Gen_Read_handle_L0
0x0078       [1]    Gen_Read_read_bytes_L0
0x0079       [1]    USB_Polling_Proc_setup_cnt_L8
0x0079       [3]    FARG___Lib_USB_genHID_GetMaxIndexInConfigDsc_cfgDsc
0x0079       [1]    FARG___Lib_USB_genHID_USB_Transfer_Packet_ep
0x0079       [2]    FARG___Lib_USB_genHID_USB_Handle_Busy_handle
0x007A       [1]    USB_Polling_Proc_i_L0
0x007A       [1]    FARG___Lib_USB_genHID_USB_Transfer_Packet_dir
0x007B       [2]    FARG___Lib_USB_genHID_USB_Transfer_Packet_data_
0x007C       [1]    __Lib_USB_genHID_GetMaxIndexInConfigDsc_index_L0
0x007D       [1]    FARG___Lib_USB_genHID_USB_Transfer_Packet_len
0x007D       [2]    __Lib_USB_genHID_GetMaxIndexInConfigDsc_i_L0
0x007F       [1]    USB_Interrupt_Proc_setup_cnt_L8
0x0080       [1]    USB_Interrupt_Proc_i_L0
0x0400      [32]    __Lib_USB_genHID_BDT
0x0420       [8]    __Lib_USB_genHID_SetupPkt
0x0428       [8]    __Lib_USB_genHID_CtrlTrfData
0x0500      [64]    _readbuff
0x0540      [64]    _writebuff
0x0F68       [0]    ACTVIF_bit
0x0F68       [1]    UIR
0x0F68       [0]    URSTIF_bit
0x0F68       [0]    UERRIF_bit
0x0F68       [0]    SOFIF_bit
0x0F68       [0]    STALLIF_bit
0x0F68       [0]    TRNIF_bit
0x0F68       [0]    IDLEIF_bit
0x0F69       [0]    URSTIE_bit
0x0F69       [0]    UERRIE_bit
0x0F69       [0]    ACTVIE_bit
0x0F69       [0]    TRNIE_bit
0x0F69       [0]    SOFIE_bit
0x0F69       [1]    UIE
0x0F69       [0]    IDLEIE_bit
0x0F69       [0]    STALLIE_bit
0x0F6A       [1]    UEIR
0x0F6B       [1]    UEIE
0x0F6C       [1]    USTAT
0x0F6D       [1]    UCON
0x0F6D       [0]    PPBRST_bit
0x0F6D       [0]    SUSPND_bit
0x0F6D       [0]    PKTDIS_bit
0x0F6D       [0]    USBEN_bit
0x0F6D       [0]    SE0_bit
0x0F6E       [1]    UADDR
0x0F6F       [0]    FSEN_bit
0x0F6F       [1]    UCFG
0x0F6F       [0]    UPUEN_bit
0x0F70       [1]    UEP0
0x0F70       [0]    EPSTALL_bit
0x0F71       [1]    UEP1
0x0F81       [1]    PORTB
0x0F84       [1]    PORTE
0x0F8A       [1]    LATB
0x0F8D       [1]    LATE
0x0F93       [1]    TRISB
0x0F96       [1]    TRISE
0x0FA0       [0]    USBIE_bit
0x0FA0       [1]    PIE2
0x0FA1       [1]    PIR2
0x0FA1       [0]    USBIF_bit
0x0FA2       [0]    USBIP_bit
0x0FB4       [1]    CMCON
0x0FC1       [1]    ADCON1
0x0FD0       [0]    IPEN_bit
0x0FD8       [1]    STATUS
0x0FD9       [1]    FSR2L
0x0FDA       [1]    FSR2H
0x0FDE       [1]    POSTINC2
0x0FE0       [1]    BSR
0x0FE1       [1]    FSR1L
0x0FE2       [1]    FSR1H
0x0FE4       [1]    PREINC1
0x0FE6       [1]    POSTINC1
0x0FE7       [1]    INDF1
0x0FE8       [1]    WREG
0x0FE9       [1]    FSR0L
0x0FEA       [1]    FSR0H
0x0FEE       [1]    POSTINC0
0x0FF0       [1]    INTCON3
0x0FF1       [1]    INTCON2
0x0FF2       [0]    GIEH_bit
0x0FF2       [1]    INTCON
0x0FF3       [1]    PRODL
0x0FF4       [1]    PRODH
0x0FF5       [1]    TABLAT
0x0FF6       [1]    TBLPTRL
0x0FF6       [3]    TBLPTR
0x0FF7       [1]    TBLPTRH
0x0FF8       [1]    TBLPTRU
//** Constants locations ** 
//ADDRESS    SIZE    CONSTANT
//----------------------------------------------
0x1798      [41]    _configDescriptor1
0x17C1      [33]    _hid_rpt_desc
0x17E2      [18]    _device_dsc
0x17F4      [18]    _strd3
0x1806      [18]    _strd2
0x1818       [4]    _strd1
