;  LST file generated by mikroListExporter - v.2.0 
; Date/Time: 24/03/2026 2:32:19 AM
;----------------------------------------------

;Address Opcode 	ASM
0x0000	0xF01FEFB0  	GOTO        16224
_interrupt:
;LAB1.c,29 :: 		void interrupt(){
0x0008	0xF017C000  	MOVFF       R0, 23
0x000C	0xF016C001  	MOVFF       R1, 22
0x0010	0xF015C002  	MOVFF       R2, 21
;LAB1.c,30 :: 		if(INTCON3.INT1IF){
0x0014	0xF018CFE1  	MOVFF       FSR1L, 24
0x0018	0xF019CFE2  	MOVFF       FSR1H, 25
0x001C	0xA0F0      	BTFSS       INTCON3, 0 
0x001E	0xD00B      	BRA         L_interrupt0
;LAB1.c,31 :: 		INTCON3.INT1IF = 0;
0x0020	0x90F0      	BCF         INTCON3, 0 
;LAB1.c,32 :: 		LATE.LATE0 = ~LATE.LATE0;
0x0022	0x708D      	BTG         LATE, 0 
;LAB1.c,33 :: 		if(PORTB.RB2 == 1)
0x0024	0xA481      	BTFSS       PORTB, 2 
0x0026	0xD004      	BRA         L_interrupt1
;LAB1.c,34 :: 		LED_State = OFF;
0x0028	0x0E01      	MOVLW       1
0x002A	0x0100      	MOVLB       0
0x002C	0x6F9F      	MOVWF       _LED_State, 1
0x002E	0xD002      	BRA         L_interrupt2
L_interrupt1:
0x0030	0x0100      	MOVLB       0
;LAB1.c,36 :: 		LED_State = ON;
0x0032	0x6B9F      	CLRF        _LED_State, 1
L_interrupt2:
;LAB1.c,37 :: 		}
0x0034	0xD06F      	BRA         L_interrupt3
L_interrupt0:
;LAB1.c,39 :: 		else if(INTCON.INT0IF){
0x0036	0xA2F2      	BTFSS       INTCON, 1 
0x0038	0xD018      	BRA         L_interrupt4
;LAB1.c,40 :: 		INTCON.INT0IF = 0;
0x003A	0x92F2      	BCF         INTCON, 1 
;LAB1.c,41 :: 		if(countSW > 255) countSW = 0;
0x003C	0x0E00      	MOVLW       0
0x003E	0x6E00      	MOVWF       R0 
0x0040	0x505A      	MOVF        _countSW+1, 0 
0x0042	0x5C00      	SUBWF       R0, 0 
0x0044	0xE102      	BNZ         L__interrupt44
0x0046	0x5059      	MOVF        _countSW, 0 
0x0048	0x08FF      	SUBLW       255
L__interrupt44:
0x004A	0xE202      	BC          L_interrupt5
0x004C	0x6A59      	CLRF        _countSW 
0x004E	0x6A5A      	CLRF        _countSW+1 
L_interrupt5:
;LAB1.c,42 :: 		countSW++;
0x0050	0x0E01      	MOVLW       1
0x0052	0x2459      	ADDWF       _countSW, 0 
0x0054	0x6E00      	MOVWF       R0 
0x0056	0x0E00      	MOVLW       0
0x0058	0x205A      	ADDWFC      _countSW+1, 0 
0x005A	0x6E01      	MOVWF       R1 
0x005C	0xF059C000  	MOVFF       R0, _countSW
0x0060	0xF05AC001  	MOVFF       R1, _countSW+1
;LAB1.c,43 :: 		SW_RB0_Pressed = 1;
0x0064	0x0E01      	MOVLW       1
0x0066	0x6E5B      	MOVWF       _SW_RB0_Pressed 
;LAB1.c,44 :: 		}
0x0068	0xD055      	BRA         L_interrupt6
L_interrupt4:
;LAB1.c,46 :: 		else if(INTCON3.INT2IF){
0x006A	0xA2F0      	BTFSS       INTCON3, 1 
0x006C	0xD002      	BRA         L_interrupt7
;LAB1.c,47 :: 		INTCON3.INT2IF = 0;
0x006E	0x92F0      	BCF         INTCON3, 1 
;LAB1.c,48 :: 		}
0x0070	0xD051      	BRA         L_interrupt8
L_interrupt7:
;LAB1.c,50 :: 		else if(PIR1.RCIF){
0x0072	0xAA9E      	BTFSS       PIR1, 5 
0x0074	0xD04F      	BRA         L_interrupt9
;LAB1.c,51 :: 		char c = UART_Read();
0x0076	0xF01EECCD  	CALL        _UART_Read, 0
0x007A	0xF110C000  	MOVFF       R0, interrupt_c_L1
;LAB1.c,52 :: 		switch(State){
0x007E	0xD042      	BRA         L_interrupt10
;LAB1.c,53 :: 		case IDLE:
L_interrupt12:
;LAB1.c,54 :: 		if(c == '@'){
0x0080	0x0101      	MOVLB       1
0x0082	0x5110      	MOVF        interrupt_c_L1, 0, 1
0x0084	0x0A40      	XORLW       64
0x0086	0xE113      	BNZ         L_interrupt13
;LAB1.c,55 :: 		receiveIndex = 0;
0x0088	0x0100      	MOVLB       0
0x008A	0x6B66      	CLRF        _receiveIndex, 1
;LAB1.c,56 :: 		receiveData[receiveIndex++] = c;
0x008C	0x0EAD      	MOVLW       _receiveData
0x008E	0x6EE1      	MOVWF       FSR1L 
0x0090	0x0E00      	MOVLW       hi_addr(_receiveData)
0x0092	0x6EE2      	MOVWF       FSR1L+1 
0x0094	0x5166      	MOVF        _receiveIndex, 0, 1
0x0096	0x26E1      	ADDWF       FSR1L, 1 
0x0098	0xB0D8      	BTFSC       STATUS, 0 
0x009A	0x2AE2      	INCF        FSR1L+1, 1 
0x009C	0xFFE6C110  	MOVFF       interrupt_c_L1, POSTINC1
0x00A0	0x5166      	MOVF        _receiveIndex, 0, 1
0x00A2	0x0F01      	ADDLW       1
0x00A4	0x6E00      	MOVWF       R0 
0x00A6	0xF066C000  	MOVFF       R0, _receiveIndex
;LAB1.c,57 :: 		State = RECEIVING;
0x00AA	0x0E01      	MOVLW       1
0x00AC	0x6F67      	MOVWF       _State, 1
;LAB1.c,58 :: 		}
L_interrupt13:
;LAB1.c,59 :: 		break;
0x00AE	0xD032      	BRA         L_interrupt11
;LAB1.c,60 :: 		case RECEIVING:
L_interrupt14:
0x00B0	0x0100      	MOVLB       0
;LAB1.c,61 :: 		if(receiveIndex < RX_MAX){
0x00B2	0x0E0C      	MOVLW       12
0x00B4	0x5D66      	SUBWF       _receiveIndex, 0, 1
0x00B6	0xE210      	BC          L_interrupt15
;LAB1.c,62 :: 		receiveData[receiveIndex++] = c;
0x00B8	0x0EAD      	MOVLW       _receiveData
0x00BA	0x6EE1      	MOVWF       FSR1L 
0x00BC	0x0E00      	MOVLW       hi_addr(_receiveData)
0x00BE	0x6EE2      	MOVWF       FSR1L+1 
0x00C0	0x5166      	MOVF        _receiveIndex, 0, 1
0x00C2	0x26E1      	ADDWF       FSR1L, 1 
0x00C4	0xB0D8      	BTFSC       STATUS, 0 
0x00C6	0x2AE2      	INCF        FSR1L+1, 1 
0x00C8	0xFFE6C110  	MOVFF       interrupt_c_L1, POSTINC1
0x00CC	0x5166      	MOVF        _receiveIndex, 0, 1
0x00CE	0x0F01      	ADDLW       1
0x00D0	0x6E00      	MOVWF       R0 
0x00D2	0xF066C000  	MOVFF       R0, _receiveIndex
;LAB1.c,63 :: 		}
0x00D6	0xD003      	BRA         L_interrupt16
L_interrupt15:
;LAB1.c,65 :: 		receiveIndex = 0;
0x00D8	0x6B66      	CLRF        _receiveIndex, 1
;LAB1.c,66 :: 		State = IDLE;
0x00DA	0x6B67      	CLRF        _State, 1
;LAB1.c,67 :: 		break;
0x00DC	0xD01B      	BRA         L_interrupt11
;LAB1.c,68 :: 		}
L_interrupt16:
;LAB1.c,69 :: 		if(c == '&'){
0x00DE	0x0101      	MOVLB       1
0x00E0	0x5110      	MOVF        interrupt_c_L1, 0, 1
0x00E2	0x0A26      	XORLW       38
0x00E4	0xE10D      	BNZ         L_interrupt17
;LAB1.c,70 :: 		receiveData[receiveIndex] = '\0';
0x00E6	0x0EAD      	MOVLW       _receiveData
0x00E8	0x6EE1      	MOVWF       FSR1L 
0x00EA	0x0E00      	MOVLW       hi_addr(_receiveData)
0x00EC	0x6EE2      	MOVWF       FSR1L+1 
0x00EE	0x0100      	MOVLB       0
0x00F0	0x5166      	MOVF        _receiveIndex, 0, 1
0x00F2	0x26E1      	ADDWF       FSR1L, 1 
0x00F4	0xB0D8      	BTFSC       STATUS, 0 
0x00F6	0x2AE2      	INCF        FSR1L+1, 1 
0x00F8	0x6AE6      	CLRF        POSTINC1 
;LAB1.c,71 :: 		frameComplete = 1;
0x00FA	0x0E01      	MOVLW       1
0x00FC	0x6E5C      	MOVWF       _frameComplete 
;LAB1.c,72 :: 		State = IDLE;
0x00FE	0x6B67      	CLRF        _State, 1
;LAB1.c,73 :: 		}
L_interrupt17:
;LAB1.c,74 :: 		break;
0x0100	0xD009      	BRA         L_interrupt11
;LAB1.c,75 :: 		default: break;
L_interrupt18:
0x0102	0xD008      	BRA         L_interrupt11
;LAB1.c,76 :: 		}
L_interrupt10:
0x0104	0x0100      	MOVLB       0
0x0106	0x5167      	MOVF        _State, 0, 1
0x0108	0x0A00      	XORLW       0
0x010A	0xE0BA      	BZ          L_interrupt12
0x010C	0x5167      	MOVF        _State, 0, 1
0x010E	0x0A01      	XORLW       1
0x0110	0xE0CF      	BZ          L_interrupt14
0x0112	0xD7F7      	BRA         L_interrupt18
L_interrupt11:
;LAB1.c,77 :: 		}
L_interrupt9:
L_interrupt8:
L_interrupt6:
L_interrupt3:
;LAB1.c,78 :: 		}
L_end_interrupt:
L__interrupt43:
0x0114	0xF000C017  	MOVFF       23, R0
0x0118	0xF001C016  	MOVFF       22, R1
0x011C	0xF002C015  	MOVFF       21, R2
0x0120	0xFFE1C018  	MOVFF       24, FSR1L
0x0124	0xFFE2C019  	MOVFF       25, FSR1H
0x0128	0x0011      	RETFIE      1
; end of _interrupt
_SETFOV32:
;__Lib_MathDouble.c,82 :: 		
;__Lib_MathDouble.c,90 :: 		
0x012A	0x820B      	BSF         R11, 1, 0
;__Lib_MathDouble.c,91 :: 		
0x012C	0xAE0B      	BTFSS       R11, 7, 0
;__Lib_MathDouble.c,92 :: 		
0x012E	0xF000EF9F  	GOTO        SETFOV32EEE
;__Lib_MathDouble.c,94 :: 		
0x0132	0x6803      	SETF        R3, 0
;__Lib_MathDouble.c,95 :: 		
0x0134	0x6802      	SETF        R2, 0
;__Lib_MathDouble.c,96 :: 		
0x0136	0x6801      	SETF        R1, 0
;__Lib_MathDouble.c,97 :: 		
0x0138	0x6800      	SETF        R0, 0
;__Lib_MathDouble.c,98 :: 		
0x013A	0x360A      	RLCF        R10, 1, 0
;__Lib_MathDouble.c,99 :: 		
0x013C	0x3202      	RRCF        R2, 1, 0
;__Lib_MathDouble.c,100 :: 		
SETFOV32EEE:
;__Lib_MathDouble.c,101 :: 		
0x013E	0x0EFF      	MOVLW       255
;__Lib_MathDouble.c,103 :: 		
L_end_SETFOV32:
0x0140	0x0012      	RETURN      0
; end of _SETFOV32
_FIXSIGN32:
;__Lib_MathDouble.c,117 :: 		
;__Lib_MathDouble.c,121 :: 		
0x0142	0xAE0A      	BTFSS       R10, 7, 0
;__Lib_MathDouble.c,122 :: 		
0x0144	0x9E02      	BCF         R2, 7, 0
;__Lib_MathDouble.c,123 :: 		
0x0146	0x0E00      	MOVLW       0
;__Lib_MathDouble.c,125 :: 		
L_end_FIXSIGN32:
0x0148	0x0012      	RETURN      0
; end of _FIXSIGN32
_SETFUN32:
;__Lib_MathDouble.c,144 :: 		
;__Lib_MathDouble.c,152 :: 		
0x014A	0x840B      	BSF         R11, 2, 0
;__Lib_MathDouble.c,153 :: 		
0x014C	0xAE0B      	BTFSS       R11, 7, 0
;__Lib_MathDouble.c,154 :: 		
0x014E	0xF000EFB0  	GOTO        SETFUN32EEE
;__Lib_MathDouble.c,156 :: 		
0x0152	0x0E01      	MOVLW       1
;__Lib_MathDouble.c,157 :: 		
0x0154	0x6E03      	MOVWF       R3, 0
;__Lib_MathDouble.c,158 :: 		
0x0156	0x6A02      	CLRF        R2, 0
;__Lib_MathDouble.c,159 :: 		
0x0158	0x6A01      	CLRF        R1, 0
;__Lib_MathDouble.c,160 :: 		
0x015A	0x6A00      	CLRF        R0, 0
;__Lib_MathDouble.c,161 :: 		
0x015C	0x360A      	RLCF        R10, 1, 0
;__Lib_MathDouble.c,162 :: 		
0x015E	0x3202      	RRCF        R2, 1, 0
;__Lib_MathDouble.c,163 :: 		
SETFUN32EEE:
;__Lib_MathDouble.c,164 :: 		
0x0160	0x0EFF      	MOVLW       255
;__Lib_MathDouble.c,166 :: 		
L_end_SETFUN32:
0x0162	0x0012      	RETURN      0
; end of _SETFUN32
_RES032:
;__Lib_MathDouble.c,128 :: 		
;__Lib_MathDouble.c,134 :: 		
0x0164	0x6A02      	CLRF        R2, 0
;__Lib_MathDouble.c,135 :: 		
0x0166	0x6A01      	CLRF        R1, 0
;__Lib_MathDouble.c,136 :: 		
0x0168	0x6A00      	CLRF        R0, 0
;__Lib_MathDouble.c,137 :: 		
0x016A	0x6A08      	CLRF        R8, 0
;__Lib_MathDouble.c,138 :: 		
0x016C	0x6A03      	CLRF        R3, 0
;__Lib_MathDouble.c,139 :: 		
0x016E	0x0E00      	MOVLW       0
;__Lib_MathDouble.c,141 :: 		
L_end_RES032:
0x0170	0x0012      	RETURN      0
; end of _RES032
_NRM4032:
;__Lib_MathDouble.c,174 :: 		
;__Lib_MathDouble.c,183 :: 		
0x0172	0xB00C      	BTFSC       R12, 0, 0
;__Lib_MathDouble.c,184 :: 		
0x0174	0xF000EFFB  	GOTO        NRMRND4032
;__Lib_MathDouble.c,185 :: 		
0x0178	0xA20C      	BTFSS       R12, 1, 0
;__Lib_MathDouble.c,186 :: 		
0x017A	0xF001EFA1  	GOTO        NRM40JPSETFOV32
;__Lib_MathDouble.c,188 :: 		
0x017E	0x6A0E      	CLRF        R14, 0
;__Lib_MathDouble.c,189 :: 		
0x0180	0x0E00      	MOVLW       0
;__Lib_MathDouble.c,190 :: 		
0x0182	0x6402      	CPFSGT      R2, 0
;__Lib_MathDouble.c,191 :: 		
0x0184	0xF001EF12  	GOTO        NRM4032A
;__Lib_MathDouble.c,194 :: 		
0x0188	0x0EF0      	MOVLW       240
;__Lib_MathDouble.c,195 :: 		
0x018A	0x1402      	ANDWF       R2, 0, 0
;__Lib_MathDouble.c,196 :: 		
0x018C	0xA4D8      	BTFSS       STATUS, 2, 0
;__Lib_MathDouble.c,197 :: 		
0x018E	0xF000EFDD  	GOTO        NORM4032
;__Lib_MathDouble.c,199 :: 		
0x0192	0x3A02      	SWAPF       R2, 1, 0
;__Lib_MathDouble.c,200 :: 		
0x0194	0x3801      	SWAPF       R1, 0, 0
;__Lib_MathDouble.c,201 :: 		
0x0196	0x0B0F      	ANDLW       15
;__Lib_MathDouble.c,202 :: 		
0x0198	0x2602      	ADDWF       R2, 1, 0
;__Lib_MathDouble.c,204 :: 		
0x019A	0x3801      	SWAPF       R1, 0, 0
;__Lib_MathDouble.c,205 :: 		
0x019C	0x0BF0      	ANDLW       240
;__Lib_MathDouble.c,206 :: 		
0x019E	0x6E01      	MOVWF       R1, 0
;__Lib_MathDouble.c,207 :: 		
0x01A0	0x3800      	SWAPF       R0, 0, 0
;__Lib_MathDouble.c,208 :: 		
0x01A2	0x0B0F      	ANDLW       15
;__Lib_MathDouble.c,209 :: 		
0x01A4	0x2601      	ADDWF       R1, 1, 0
;__Lib_MathDouble.c,211 :: 		
0x01A6	0x3800      	SWAPF       R0, 0, 0
;__Lib_MathDouble.c,212 :: 		
0x01A8	0x0BF0      	ANDLW       240
;__Lib_MathDouble.c,213 :: 		
0x01AA	0x6E00      	MOVWF       R0, 0
;__Lib_MathDouble.c,214 :: 		
0x01AC	0x3808      	SWAPF       R8, 0, 0
;__Lib_MathDouble.c,215 :: 		
0x01AE	0x0B0F      	ANDLW       15
;__Lib_MathDouble.c,216 :: 		
0x01B0	0x2600      	ADDWF       R0, 1, 0
;__Lib_MathDouble.c,218 :: 		
0x01B2	0x3808      	SWAPF       R8, 0, 0
;__Lib_MathDouble.c,219 :: 		
0x01B4	0x0BF0      	ANDLW       240
;__Lib_MathDouble.c,220 :: 		
0x01B6	0x6E08      	MOVWF       R8, 0
;__Lib_MathDouble.c,222 :: 		
0x01B8	0x840E      	BSF         R14, 2, 0
;__Lib_MathDouble.c,224 :: 		
NORM4032:
;__Lib_MathDouble.c,225 :: 		
0x01BA	0x90D8      	BCF         STATUS, 0, 0
;__Lib_MathDouble.c,227 :: 		
0x01BC	0xBE02      	BTFSC       R2, 7, 0
;__Lib_MathDouble.c,228 :: 		
0x01BE	0xF000EFF6  	GOTO        TNORMUN4032
;__Lib_MathDouble.c,229 :: 		
0x01C2	0x3608      	RLCF        R8, 1, 0
;__Lib_MathDouble.c,230 :: 		
0x01C4	0x3600      	RLCF        R0, 1, 0
;__Lib_MathDouble.c,231 :: 		
0x01C6	0x3601      	RLCF        R1, 1, 0
;__Lib_MathDouble.c,232 :: 		
0x01C8	0x3602      	RLCF        R2, 1, 0
;__Lib_MathDouble.c,233 :: 		
0x01CA	0x2A0E      	INCF        R14, 1, 0
;__Lib_MathDouble.c,234 :: 		
0x01CC	0xBE02      	BTFSC       R2, 7, 0
;__Lib_MathDouble.c,235 :: 		
0x01CE	0xF000EFF6  	GOTO        TNORMUN4032
;__Lib_MathDouble.c,236 :: 		
0x01D2	0x3608      	RLCF        R8, 1, 0
;__Lib_MathDouble.c,237 :: 		
0x01D4	0x3600      	RLCF        R0, 1, 0
;__Lib_MathDouble.c,238 :: 		
0x01D6	0x3601      	RLCF        R1, 1, 0
;__Lib_MathDouble.c,239 :: 		
0x01D8	0x3602      	RLCF        R2, 1, 0
;__Lib_MathDouble.c,240 :: 		
0x01DA	0x2A0E      	INCF        R14, 1, 0
;__Lib_MathDouble.c,241 :: 		
0x01DC	0xBE02      	BTFSC       R2, 7, 0
;__Lib_MathDouble.c,242 :: 		
0x01DE	0xF000EFF6  	GOTO        TNORMUN4032
;__Lib_MathDouble.c,243 :: 		
0x01E2	0x3608      	RLCF        R8, 1, 0
;__Lib_MathDouble.c,244 :: 		
0x01E4	0x3600      	RLCF        R0, 1, 0
;__Lib_MathDouble.c,245 :: 		
0x01E6	0x3601      	RLCF        R1, 1, 0
;__Lib_MathDouble.c,246 :: 		
0x01E8	0x3602      	RLCF        R2, 1, 0
;__Lib_MathDouble.c,247 :: 		
0x01EA	0x2A0E      	INCF        R14, 1, 0
;__Lib_MathDouble.c,249 :: 		
TNORMUN4032:
;__Lib_MathDouble.c,250 :: 		
0x01EC	0x500E      	MOVF        R14, 0, 0
;__Lib_MathDouble.c,251 :: 		
0x01EE	0x6403      	CPFSGT      R3, 0
;__Lib_MathDouble.c,252 :: 		
0x01F0	0xF001EF97  	GOTO        NRM40JPSETFUN32
;__Lib_MathDouble.c,253 :: 		
0x01F4	0x5E03      	SUBWF       R3, 1, 0
;__Lib_MathDouble.c,255 :: 		
NRMRND4032:
;__Lib_MathDouble.c,256 :: 		
0x01F6	0xBC0B      	BTFSC       R11, 6, 0
;__Lib_MathDouble.c,257 :: 		
0x01F8	0xAE08      	BTFSS       R8, 7, 0
;__Lib_MathDouble.c,258 :: 		
0x01FA	0xF001EF9C  	GOTO        NRM40JPFIXSIGN32
;__Lib_MathDouble.c,259 :: 		
0x01FE	0x80D8      	BSF         STATUS, 0, 0
;__Lib_MathDouble.c,260 :: 		
0x0200	0x0E80      	MOVLW       128
;__Lib_MathDouble.c,261 :: 		
0x0202	0x6408      	CPFSGT      R8, 0
;__Lib_MathDouble.c,262 :: 		
0x0204	0x3000      	RRCF        R0, 0, 0
;__Lib_MathDouble.c,263 :: 		
0x0206	0x0E00      	MOVLW       0
;__Lib_MathDouble.c,264 :: 		
0x0208	0x2200      	ADDWFC      R0, 1, 0
;__Lib_MathDouble.c,265 :: 		
0x020A	0x2201      	ADDWFC      R1, 1, 0
;__Lib_MathDouble.c,266 :: 		
0x020C	0x2202      	ADDWFC      R2, 1, 0
;__Lib_MathDouble.c,268 :: 		
0x020E	0xA0D8      	BTFSS       STATUS, 0, 0
;__Lib_MathDouble.c,269 :: 		
0x0210	0xF001EF9C  	GOTO        NRM40JPFIXSIGN32
;__Lib_MathDouble.c,270 :: 		
0x0214	0x3202      	RRCF        R2, 1, 0
;__Lib_MathDouble.c,271 :: 		
0x0216	0x3201      	RRCF        R1, 1, 0
;__Lib_MathDouble.c,272 :: 		
0x0218	0x3200      	RRCF        R0, 1, 0
;__Lib_MathDouble.c,273 :: 		
0x021A	0x4A03      	INFSNZ      R3, 1, 0
;__Lib_MathDouble.c,274 :: 		
0x021C	0xF001EFA1  	GOTO        NRM40JPSETFOV32
;__Lib_MathDouble.c,275 :: 		
0x0220	0xF001EF9C  	GOTO        NRM40JPFIXSIGN32
;__Lib_MathDouble.c,277 :: 		
NRM4032A:
;__Lib_MathDouble.c,278 :: 		
0x0224	0xF002C001  	MOVFF       R1, R2
;__Lib_MathDouble.c,279 :: 		
0x0228	0xF001C000  	MOVFF       R0, R1
;__Lib_MathDouble.c,280 :: 		
0x022C	0xF000C008  	MOVFF       R8, R0
;__Lib_MathDouble.c,281 :: 		
0x0230	0x6A08      	CLRF        R8, 0
;__Lib_MathDouble.c,282 :: 		
0x0232	0x0E00      	MOVLW       0
;__Lib_MathDouble.c,283 :: 		
0x0234	0x860E      	BSF         R14, 3, 0
;__Lib_MathDouble.c,284 :: 		
0x0236	0x6402      	CPFSGT      R2, 0
;__Lib_MathDouble.c,285 :: 		
0x0238	0xF001EF49  	GOTO        NRM4032B
;__Lib_MathDouble.c,288 :: 		
0x023C	0x0EF0      	MOVLW       240
;__Lib_MathDouble.c,289 :: 		
0x023E	0x1402      	ANDWF       R2, 0, 0
;__Lib_MathDouble.c,290 :: 		
0x0240	0xA4D8      	BTFSS       STATUS, 2, 0
;__Lib_MathDouble.c,291 :: 		
0x0242	0xF001EF31  	GOTO        NORM4032A
;__Lib_MathDouble.c,292 :: 		
0x0246	0x3A02      	SWAPF       R2, 1, 0
;__Lib_MathDouble.c,293 :: 		
0x0248	0x3801      	SWAPF       R1, 0, 0
;__Lib_MathDouble.c,294 :: 		
0x024A	0x0B0F      	ANDLW       15
;__Lib_MathDouble.c,295 :: 		
0x024C	0x2602      	ADDWF       R2, 1, 0
;__Lib_MathDouble.c,297 :: 		
0x024E	0x3801      	SWAPF       R1, 0, 0
;__Lib_MathDouble.c,298 :: 		
0x0250	0x0BF0      	ANDLW       240
;__Lib_MathDouble.c,299 :: 		
0x0252	0x6E01      	MOVWF       R1, 0
;__Lib_MathDouble.c,300 :: 		
0x0254	0x3800      	SWAPF       R0, 0, 0
;__Lib_MathDouble.c,301 :: 		
0x0256	0x0B0F      	ANDLW       15
;__Lib_MathDouble.c,302 :: 		
0x0258	0x2601      	ADDWF       R1, 1, 0
;__Lib_MathDouble.c,304 :: 		
0x025A	0x3800      	SWAPF       R0, 0, 0
;__Lib_MathDouble.c,305 :: 		
0x025C	0x0BF0      	ANDLW       240
;__Lib_MathDouble.c,306 :: 		
0x025E	0x6E00      	MOVWF       R0, 0
;__Lib_MathDouble.c,308 :: 		
0x0260	0x840E      	BSF         R14, 2, 0
;__Lib_MathDouble.c,310 :: 		
NORM4032A:
;__Lib_MathDouble.c,311 :: 		
0x0262	0x90D8      	BCF         STATUS, 0, 0
;__Lib_MathDouble.c,313 :: 		
0x0264	0xBE02      	BTFSC       R2, 7, 0
;__Lib_MathDouble.c,314 :: 		
0x0266	0xF000EFF6  	GOTO        TNORMUN4032
;__Lib_MathDouble.c,315 :: 		
0x026A	0x3600      	RLCF        R0, 1, 0
;__Lib_MathDouble.c,316 :: 		
0x026C	0x3601      	RLCF        R1, 1, 0
;__Lib_MathDouble.c,317 :: 		
0x026E	0x3602      	RLCF        R2, 1, 0
;__Lib_MathDouble.c,318 :: 		
0x0270	0x2A0E      	INCF        R14, 1, 0
;__Lib_MathDouble.c,319 :: 		
0x0272	0xBE02      	BTFSC       R2, 7, 0
;__Lib_MathDouble.c,320 :: 		
0x0274	0xF000EFF6  	GOTO        TNORMUN4032
;__Lib_MathDouble.c,321 :: 		
0x0278	0x3600      	RLCF        R0, 1, 0
;__Lib_MathDouble.c,322 :: 		
0x027A	0x3601      	RLCF        R1, 1, 0
;__Lib_MathDouble.c,323 :: 		
0x027C	0x3602      	RLCF        R2, 1, 0
;__Lib_MathDouble.c,324 :: 		
0x027E	0x2A0E      	INCF        R14, 1, 0
;__Lib_MathDouble.c,325 :: 		
0x0280	0xBE02      	BTFSC       R2, 7, 0
;__Lib_MathDouble.c,326 :: 		
0x0282	0xF000EFF6  	GOTO        TNORMUN4032
;__Lib_MathDouble.c,327 :: 		
0x0286	0x3600      	RLCF        R0, 1, 0
;__Lib_MathDouble.c,328 :: 		
0x0288	0x3601      	RLCF        R1, 1, 0
;__Lib_MathDouble.c,329 :: 		
0x028A	0x3602      	RLCF        R2, 1, 0
;__Lib_MathDouble.c,330 :: 		
0x028C	0x2A0E      	INCF        R14, 1, 0
;__Lib_MathDouble.c,331 :: 		
0x028E	0xF000EFF6  	GOTO        TNORMUN4032
;__Lib_MathDouble.c,333 :: 		
NRM4032B:
;__Lib_MathDouble.c,334 :: 		
0x0292	0xF002C001  	MOVFF       R1, R2
;__Lib_MathDouble.c,335 :: 		
0x0296	0xF001C000  	MOVFF       R0, R1
;__Lib_MathDouble.c,336 :: 		
0x029A	0x6A00      	CLRF        R0, 0
;__Lib_MathDouble.c,337 :: 		
0x029C	0x0E00      	MOVLW       0
;__Lib_MathDouble.c,338 :: 		
0x029E	0x960E      	BCF         R14, 3, 0
;__Lib_MathDouble.c,339 :: 		
0x02A0	0x880E      	BSF         R14, 4, 0
;__Lib_MathDouble.c,340 :: 		
0x02A2	0x6402      	CPFSGT      R2, 0
;__Lib_MathDouble.c,341 :: 		
0x02A4	0xF001EF76  	GOTO        NRM4032C
;__Lib_MathDouble.c,344 :: 		
0x02A8	0x0EF0      	MOVLW       240
;__Lib_MathDouble.c,345 :: 		
0x02AA	0x1402      	ANDWF       R2, 0, 0
;__Lib_MathDouble.c,346 :: 		
0x02AC	0xA4D8      	BTFSS       STATUS, 2, 0
;__Lib_MathDouble.c,347 :: 		
0x02AE	0xF001EF61  	GOTO        NORM4032B
;__Lib_MathDouble.c,349 :: 		
0x02B2	0x3A02      	SWAPF       R2, 1, 0
;__Lib_MathDouble.c,350 :: 		
0x02B4	0x3801      	SWAPF       R1, 0, 0
;__Lib_MathDouble.c,351 :: 		
0x02B6	0x0B0F      	ANDLW       15
;__Lib_MathDouble.c,352 :: 		
0x02B8	0x2602      	ADDWF       R2, 1, 0
;__Lib_MathDouble.c,354 :: 		
0x02BA	0x3801      	SWAPF       R1, 0, 0
;__Lib_MathDouble.c,355 :: 		
0x02BC	0x0BF0      	ANDLW       240
;__Lib_MathDouble.c,356 :: 		
0x02BE	0x6E01      	MOVWF       R1, 0
;__Lib_MathDouble.c,358 :: 		
0x02C0	0x840E      	BSF         R14, 2, 0
;__Lib_MathDouble.c,360 :: 		
NORM4032B:
;__Lib_MathDouble.c,361 :: 		
0x02C2	0x90D8      	BCF         STATUS, 0, 0
;__Lib_MathDouble.c,362 :: 		
0x02C4	0xBE02      	BTFSC       R2, 7, 0
;__Lib_MathDouble.c,363 :: 		
0x02C6	0xF000EFF6  	GOTO        TNORMUN4032
;__Lib_MathDouble.c,364 :: 		
0x02CA	0x3601      	RLCF        R1, 1, 0
;__Lib_MathDouble.c,365 :: 		
0x02CC	0x3602      	RLCF        R2, 1, 0
;__Lib_MathDouble.c,366 :: 		
0x02CE	0x2A0E      	INCF        R14, 1, 0
;__Lib_MathDouble.c,367 :: 		
0x02D0	0xBE02      	BTFSC       R2, 7, 0
;__Lib_MathDouble.c,368 :: 		
0x02D2	0xF000EFF6  	GOTO        TNORMUN4032
;__Lib_MathDouble.c,369 :: 		
0x02D6	0x3601      	RLCF        R1, 1, 0
;__Lib_MathDouble.c,370 :: 		
0x02D8	0x3602      	RLCF        R2, 1, 0
;__Lib_MathDouble.c,371 :: 		
0x02DA	0x2A0E      	INCF        R14, 1, 0
;__Lib_MathDouble.c,372 :: 		
0x02DC	0xBE02      	BTFSC       R2, 7, 0
;__Lib_MathDouble.c,373 :: 		
0x02DE	0xF000EFF6  	GOTO        TNORMUN4032
;__Lib_MathDouble.c,374 :: 		
0x02E2	0x3601      	RLCF        R1, 1, 0
;__Lib_MathDouble.c,375 :: 		
0x02E4	0x3602      	RLCF        R2, 1, 0
;__Lib_MathDouble.c,376 :: 		
0x02E6	0x2A0E      	INCF        R14, 1, 0
;__Lib_MathDouble.c,377 :: 		
0x02E8	0xF000EFF6  	GOTO        TNORMUN4032
;__Lib_MathDouble.c,379 :: 		
NRM4032C:
;__Lib_MathDouble.c,380 :: 		
0x02EC	0xF002C001  	MOVFF       R1, R2
;__Lib_MathDouble.c,381 :: 		
0x02F0	0x6A01      	CLRF        R1, 0
;__Lib_MathDouble.c,382 :: 		
0x02F2	0x0E00      	MOVLW       0
;__Lib_MathDouble.c,383 :: 		
0x02F4	0x860E      	BSF         R14, 3, 0
;__Lib_MathDouble.c,384 :: 		
0x02F6	0x6402      	CPFSGT      R2, 0
;__Lib_MathDouble.c,385 :: 		
0x02F8	0xF001EFA6  	GOTO        NRM40JPRES032
;__Lib_MathDouble.c,388 :: 		
0x02FC	0x0EF0      	MOVLW       240
;__Lib_MathDouble.c,389 :: 		
0x02FE	0x1402      	ANDWF       R2, 0, 0
;__Lib_MathDouble.c,390 :: 		
0x0300	0xA4D8      	BTFSS       STATUS, 2, 0
;__Lib_MathDouble.c,391 :: 		
0x0302	0xF001EF85  	GOTO        NORM4032C
;__Lib_MathDouble.c,392 :: 		
0x0306	0x3A02      	SWAPF       R2, 1, 0
;__Lib_MathDouble.c,394 :: 		
0x0308	0x840E      	BSF         R14, 2, 0
;__Lib_MathDouble.c,396 :: 		
NORM4032C:
;__Lib_MathDouble.c,397 :: 		
0x030A	0x90D8      	BCF         STATUS, 0, 0
;__Lib_MathDouble.c,399 :: 		
0x030C	0xBE02      	BTFSC       R2, 7, 0
;__Lib_MathDouble.c,400 :: 		
0x030E	0xF000EFF6  	GOTO        TNORMUN4032
;__Lib_MathDouble.c,401 :: 		
0x0312	0x3602      	RLCF        R2, 1, 0
;__Lib_MathDouble.c,402 :: 		
0x0314	0x2A0E      	INCF        R14, 1, 0
;__Lib_MathDouble.c,403 :: 		
0x0316	0xBE02      	BTFSC       R2, 7, 0
;__Lib_MathDouble.c,404 :: 		
0x0318	0xF000EFF6  	GOTO        TNORMUN4032
;__Lib_MathDouble.c,405 :: 		
0x031C	0x3602      	RLCF        R2, 1, 0
;__Lib_MathDouble.c,406 :: 		
0x031E	0x2A0E      	INCF        R14, 1, 0
;__Lib_MathDouble.c,407 :: 		
0x0320	0xBE02      	BTFSC       R2, 7, 0
;__Lib_MathDouble.c,408 :: 		
0x0322	0xF000EFF6  	GOTO        TNORMUN4032
;__Lib_MathDouble.c,409 :: 		
0x0326	0x3602      	RLCF        R2, 1, 0
;__Lib_MathDouble.c,410 :: 		
0x0328	0x2A0E      	INCF        R14, 1, 0
;__Lib_MathDouble.c,411 :: 		
0x032A	0xF000EFF6  	GOTO        TNORMUN4032
;__Lib_MathDouble.c,413 :: 		
NRM40JPSETFUN32:
;__Lib_MathDouble.c,414 :: 		
0x032E	0x0E01      	MOVLW       1
;__Lib_MathDouble.c,415 :: 		
0x0330	0x6E0C      	MOVWF       R12, 0
;__Lib_MathDouble.c,417 :: 		
0x0332	0xDF0B      	RCALL       _SETFUN32
;__Lib_MathDouble.c,419 :: 		
0x0334	0xF001EFA9  	GOTO        NRM40EEE
;__Lib_MathDouble.c,420 :: 		
NRM40JPFIXSIGN32:
;__Lib_MathDouble.c,421 :: 		
0x0338	0x0E02      	MOVLW       2
;__Lib_MathDouble.c,422 :: 		
0x033A	0x6E0C      	MOVWF       R12, 0
;__Lib_MathDouble.c,424 :: 		
0x033C	0xDF02      	RCALL       _FIXSIGN32
;__Lib_MathDouble.c,426 :: 		
0x033E	0xF001EFA9  	GOTO        NRM40EEE
;__Lib_MathDouble.c,427 :: 		
NRM40JPSETFOV32:
;__Lib_MathDouble.c,428 :: 		
0x0342	0x0E04      	MOVLW       4
;__Lib_MathDouble.c,429 :: 		
0x0344	0x6E0C      	MOVWF       R12, 0
;__Lib_MathDouble.c,431 :: 		
0x0346	0xDEF1      	RCALL       _SETFOV32
;__Lib_MathDouble.c,433 :: 		
0x0348	0xF001EFA9  	GOTO        NRM40EEE
;__Lib_MathDouble.c,434 :: 		
NRM40JPRES032:
;__Lib_MathDouble.c,435 :: 		
0x034C	0x0E08      	MOVLW       8
;__Lib_MathDouble.c,436 :: 		
0x034E	0x6E0C      	MOVWF       R12, 0
;__Lib_MathDouble.c,438 :: 		
0x0350	0xDF09      	RCALL       _RES032
;__Lib_MathDouble.c,440 :: 		
NRM40EEE:
;__Lib_MathDouble.c,448 :: 		
L_end_NRM4032:
0x0352	0x0012      	RETURN      0
; end of _NRM4032
_Div_8X8_S:
;__Lib_Math.c,326 :: 		
;__Lib_Math.c,335 :: 		
0x0354	0x6A0D      	CLRF        R13, 0
;__Lib_Math.c,336 :: 		
0x0356	0x6A08      	CLRF        R8, 0
;__Lib_Math.c,337 :: 		
0x0358	0x5000      	MOVF        R0, 0, 0
;__Lib_Math.c,338 :: 		
0x035A	0xB4D8      	BTFSC       STATUS, 2, 0
;__Lib_Math.c,339 :: 		
0x035C	0x0C00      	RETLW       0
;__Lib_Math.c,340 :: 		
0x035E	0x1804      	XORWF       R4, 0, 0
;__Lib_Math.c,341 :: 		
0x0360	0x6E0A      	MOVWF       R10, 0
;__Lib_Math.c,342 :: 		
0x0362	0xBE0A      	BTFSC       R10, 7, 0
;__Lib_Math.c,343 :: 		
0x0364	0x1E0D      	COMF        R13, 1, 0
;__Lib_Math.c,344 :: 		
0x0366	0x6A0B      	CLRF        R11, 0
;__Lib_Math.c,345 :: 		
0x0368	0xAE04      	BTFSS       R4, 7, 0
;__Lib_Math.c,346 :: 		
0x036A	0xD002      	BRA         $+6
;__Lib_Math.c,347 :: 		
0x036C	0x1E04      	COMF        R4, 1, 0
;__Lib_Math.c,348 :: 		
0x036E	0x2A04      	INCF        R4, 1, 0
;__Lib_Math.c,349 :: 		
0x0370	0xAE00      	BTFSS       R0, 7, 0
;__Lib_Math.c,350 :: 		
0x0372	0xD002      	BRA         $+6
;__Lib_Math.c,351 :: 		
0x0374	0x1E00      	COMF        R0, 1, 0
;__Lib_Math.c,352 :: 		
0x0376	0x2A00      	INCF        R0, 1, 0
;__Lib_Math.c,353 :: 		
0x0378	0x5000      	MOVF        R0, 0, 0
;__Lib_Math.c,354 :: 		
0x037A	0x1004      	IORWF       R4, 0, 0
;__Lib_Math.c,355 :: 		
0x037C	0x6E0A      	MOVWF       R10, 0
;__Lib_Math.c,356 :: 		
0x037E	0xBE0A      	BTFSC       R10, 7, 0
;__Lib_Math.c,357 :: 		
0x0380	0xD01F      	BRA         $+64
;__Lib_Math.c,358 :: 		
0x0382	0x5004      	MOVF        R4, 0, 0
;__Lib_Math.c,359 :: 		
0x0384	0x5E08      	SUBWF       R8, 1, 0
;__Lib_Math.c,360 :: 		
0x0386	0x3600      	RLCF        R0, 1, 0
;__Lib_Math.c,361 :: 		
0x0388	0x3400      	RLCF        R0, 0, 0
;__Lib_Math.c,362 :: 		
0x038A	0x3608      	RLCF        R8, 1, 0
;__Lib_Math.c,363 :: 		
0x038C	0x5004      	MOVF        R4, 0, 0
;__Lib_Math.c,364 :: 		
0x038E	0x2608      	ADDWF       R8, 1, 0
;__Lib_Math.c,365 :: 		
0x0390	0x3600      	RLCF        R0, 1, 0
;__Lib_Math.c,366 :: 		
0x0392	0x0E06      	MOVLW       6
;__Lib_Math.c,367 :: 		
0x0394	0x6E0C      	MOVWF       R12, 0
;__Lib_Math.c,368 :: 		
0x0396	0x3400      	RLCF        R0, 0, 0
;__Lib_Math.c,369 :: 		
0x0398	0x3608      	RLCF        R8, 1, 0
;__Lib_Math.c,370 :: 		
0x039A	0x5004      	MOVF        R4, 0, 0
;__Lib_Math.c,371 :: 		
0x039C	0xB000      	BTFSC       R0, 0, 0
;__Lib_Math.c,372 :: 		
0x039E	0x5E08      	SUBWF       R8, 1, 0
;__Lib_Math.c,373 :: 		
0x03A0	0xA000      	BTFSS       R0, 0, 0
;__Lib_Math.c,374 :: 		
0x03A2	0x2608      	ADDWF       R8, 1, 0
;__Lib_Math.c,375 :: 		
0x03A4	0x3600      	RLCF        R0, 1, 0
;__Lib_Math.c,376 :: 		
0x03A6	0x2E0C      	DECFSZ      R12, 1, 0
;__Lib_Math.c,377 :: 		
0x03A8	0xD7F6      	BRA         $-18
;__Lib_Math.c,378 :: 		
0x03AA	0xA000      	BTFSS       R0, 0, 0
;__Lib_Math.c,379 :: 		
0x03AC	0x2608      	ADDWF       R8, 1, 0
;__Lib_Math.c,380 :: 		
0x03AE	0xB00B      	BTFSC       R11, 0, 0
;__Lib_Math.c,381 :: 		
0x03B0	0xD015      	BRA         $+44
;__Lib_Math.c,382 :: 		
0x03B2	0xAE0D      	BTFSS       R13, 7, 0
;__Lib_Math.c,383 :: 		
0x03B4	0x0C00      	RETLW       0
;__Lib_Math.c,384 :: 		
0x03B6	0x1E00      	COMF        R0, 1, 0
;__Lib_Math.c,385 :: 		
0x03B8	0x2A00      	INCF        R0, 1, 0
;__Lib_Math.c,386 :: 		
0x03BA	0x1E08      	COMF        R8, 1, 0
;__Lib_Math.c,387 :: 		
0x03BC	0x2A08      	INCF        R8, 1, 0
;__Lib_Math.c,388 :: 		
0x03BE	0x0C00      	RETLW       0
;__Lib_Math.c,389 :: 		
0x03C0	0xAE04      	BTFSS       R4, 7, 0
;__Lib_Math.c,390 :: 		
0x03C2	0xD009      	BRA         $+20
;__Lib_Math.c,391 :: 		
0x03C4	0xBE00      	BTFSC       R0, 7, 0
;__Lib_Math.c,392 :: 		
0x03C6	0xD004      	BRA         $+10
;__Lib_Math.c,393 :: 		
0x03C8	0x5000      	MOVF        R0, 0, 0
;__Lib_Math.c,394 :: 		
0x03CA	0x6E08      	MOVWF       R8, 0
;__Lib_Math.c,395 :: 		
0x03CC	0x6A00      	CLRF        R0, 0
;__Lib_Math.c,396 :: 		
0x03CE	0xD7F1      	BRA         $-28
;__Lib_Math.c,397 :: 		
0x03D0	0x6A00      	CLRF        R0, 0
;__Lib_Math.c,398 :: 		
0x03D2	0x2A00      	INCF        R0, 1, 0
;__Lib_Math.c,399 :: 		
0x03D4	0x0C00      	RETLW       0
;__Lib_Math.c,400 :: 		
0x03D6	0x1E00      	COMF        R0, 1, 0
;__Lib_Math.c,401 :: 		
0x03D8	0x2A0B      	INCF        R11, 1, 0
;__Lib_Math.c,402 :: 		
0x03DA	0xD7D3      	BRA         $-88
;__Lib_Math.c,403 :: 		
0x03DC	0x2A08      	INCF        R8, 1, 0
;__Lib_Math.c,404 :: 		
0x03DE	0x5004      	MOVF        R4, 0, 0
;__Lib_Math.c,405 :: 		
0x03E0	0x5C08      	SUBWF       R8, 0, 0
;__Lib_Math.c,406 :: 		
0x03E2	0xA4D8      	BTFSS       STATUS, 2, 0
;__Lib_Math.c,407 :: 		
0x03E4	0xD7E6      	BRA         $-50
;__Lib_Math.c,408 :: 		
0x03E6	0x6A08      	CLRF        R8, 0
;__Lib_Math.c,409 :: 		
0x03E8	0x2A00      	INCF        R0, 1, 0
;__Lib_Math.c,410 :: 		
0x03EA	0xAE00      	BTFSS       R0, 7, 0
;__Lib_Math.c,411 :: 		
0x03EC	0xD7E2      	BRA         $-58
;__Lib_Math.c,412 :: 		
0x03EE	0x0CFF      	RETLW       255
;__Lib_Math.c,414 :: 		
L_end_Div_8X8_S:
0x03F0	0x0012      	RETURN      0
; end of _Div_8X8_S
_Div_8X8_U:
;__Lib_Math.c,77 :: 		
;__Lib_Math.c,84 :: 		
0x03F2	0x6A08      	CLRF        R8, 0
;__Lib_Math.c,85 :: 		
0x03F4	0x0E08      	MOVLW       8
;__Lib_Math.c,86 :: 		
0x03F6	0x6E0C      	MOVWF       R12, 0
;__Lib_Math.c,87 :: 		
0x03F8	0x3400      	RLCF        R0, 0, 0
;__Lib_Math.c,88 :: 		
0x03FA	0x3608      	RLCF        R8, 1, 0
;__Lib_Math.c,89 :: 		
0x03FC	0x5004      	MOVF        R4, 0, 0
;__Lib_Math.c,90 :: 		
0x03FE	0x5E08      	SUBWF       R8, 1, 0
;__Lib_Math.c,91 :: 		
0x0400	0xB0D8      	BTFSC       STATUS, 0, 0
;__Lib_Math.c,92 :: 		
0x0402	0xD002      	BRA         $+6
;__Lib_Math.c,93 :: 		
0x0404	0x2608      	ADDWF       R8, 1, 0
;__Lib_Math.c,94 :: 		
0x0406	0x90D8      	BCF         STATUS, 0, 0
;__Lib_Math.c,95 :: 		
0x0408	0x3600      	RLCF        R0, 1, 0
;__Lib_Math.c,96 :: 		
0x040A	0x2E0C      	DECFSZ      R12, 1, 0
;__Lib_Math.c,97 :: 		
0x040C	0xD7F5      	BRA         $-20
;__Lib_Math.c,99 :: 		
L_end_Div_8X8_U:
0x040E	0x0012      	RETURN      0
; end of _Div_8X8_U
_Add_32x32_FP:
;__Lib_MathDouble.c,563 :: 		
;__Lib_MathDouble.c,578 :: 		
0x0410	0x5002      	MOVF        R2, 0, 0
;__Lib_MathDouble.c,579 :: 		
0x0412	0x1806      	XORWF       R6, 0, 0
;__Lib_MathDouble.c,580 :: 		
0x0414	0x6E0E      	MOVWF       R14, 0
;__Lib_MathDouble.c,582 :: 		
0x0416	0x6A08      	CLRF        R8, 0
;__Lib_MathDouble.c,583 :: 		
0x0418	0x6A09      	CLRF        R9, 0
;__Lib_MathDouble.c,584 :: 		
0x041A	0x6A0B      	CLRF        R11, 0
;__Lib_MathDouble.c,586 :: 		
0x041C	0x5003      	MOVF        R3, 0, 0
;__Lib_MathDouble.c,587 :: 		
0x041E	0x6407      	CPFSGT      R7, 0
;__Lib_MathDouble.c,588 :: 		
0x0420	0xF002EFFB  	GOTO        USEA32
;__Lib_MathDouble.c,591 :: 		
0x0424	0x5006      	MOVF        R6, 0, 0
;__Lib_MathDouble.c,592 :: 		
0x0426	0x6E0A      	MOVWF       R10, 0
;__Lib_MathDouble.c,593 :: 		
0x0428	0x8E06      	BSF         R6, 7, 0
;__Lib_MathDouble.c,594 :: 		
0x042A	0x8E02      	BSF         R2, 7, 0
;__Lib_MathDouble.c,596 :: 		
0x042C	0x5003      	MOVF        R3, 0, 0
;__Lib_MathDouble.c,597 :: 		
0x042E	0x6E0B      	MOVWF       R11, 0
;__Lib_MathDouble.c,598 :: 		
0x0430	0x5007      	MOVF        R7, 0, 0
;__Lib_MathDouble.c,599 :: 		
0x0432	0x6E03      	MOVWF       R3, 0
;__Lib_MathDouble.c,601 :: 		
0x0434	0x0E00      	MOVLW       0
;__Lib_MathDouble.c,602 :: 		
0x0436	0x640B      	CPFSGT      R11, 0
;__Lib_MathDouble.c,603 :: 		
0x0438	0xF002EF4B  	GOTO        BRETURN32
;__Lib_MathDouble.c,604 :: 		
0x043C	0x500B      	MOVF        R11, 0, 0
;__Lib_MathDouble.c,605 :: 		
0x043E	0x5E07      	SUBWF       R7, 1, 0
;__Lib_MathDouble.c,606 :: 		
0x0440	0xB4D8      	BTFSC       STATUS, 2, 0
;__Lib_MathDouble.c,607 :: 		
0x0442	0xF002EFEC  	GOTO        BLIGNED32
;__Lib_MathDouble.c,609 :: 		
0x0446	0x0E07      	MOVLW       7
;__Lib_MathDouble.c,610 :: 		
0x0448	0x6407      	CPFSGT      R7, 0
;__Lib_MathDouble.c,611 :: 		
0x044A	0xF002EFBA  	GOTO        BNIB32
;__Lib_MathDouble.c,613 :: 		
0x044E	0x5E07      	SUBWF       R7, 1, 0
;__Lib_MathDouble.c,614 :: 		
0x0450	0xF008C000  	MOVFF       R0, R8
;__Lib_MathDouble.c,615 :: 		
0x0454	0xF000C001  	MOVFF       R1, R0
;__Lib_MathDouble.c,616 :: 		
0x0458	0xF001C002  	MOVFF       R2, R1
;__Lib_MathDouble.c,617 :: 		
0x045C	0x6A02      	CLRF        R2, 0
;__Lib_MathDouble.c,618 :: 		
0x045E	0x4E07      	DCFSNZ      R7, 1, 0
;__Lib_MathDouble.c,619 :: 		
0x0460	0xF002EFEC  	GOTO        BLIGNED32
;__Lib_MathDouble.c,621 :: 		
0x0464	0x6407      	CPFSGT      R7, 0
;__Lib_MathDouble.c,622 :: 		
0x0466	0xF002EF8F  	GOTO        BNIB32A
;__Lib_MathDouble.c,623 :: 		
0x046A	0x5E07      	SUBWF       R7, 1, 0
;__Lib_MathDouble.c,624 :: 		
0x046C	0xF008C000  	MOVFF       R0, R8
;__Lib_MathDouble.c,625 :: 		
0x0470	0xF000C001  	MOVFF       R1, R0
;__Lib_MathDouble.c,626 :: 		
0x0474	0x6A01      	CLRF        R1, 0
;__Lib_MathDouble.c,627 :: 		
0x0476	0x4E07      	DCFSNZ      R7, 1, 0
;__Lib_MathDouble.c,628 :: 		
0x0478	0xF002EFEC  	GOTO        BLIGNED32
;__Lib_MathDouble.c,630 :: 		
0x047C	0x6407      	CPFSGT      R7, 0
;__Lib_MathDouble.c,631 :: 		
0x047E	0xF002EF6D  	GOTO        BNIB32B
;__Lib_MathDouble.c,632 :: 		
0x0482	0x5E07      	SUBWF       R7, 1, 0
;__Lib_MathDouble.c,633 :: 		
0x0484	0xF008C000  	MOVFF       R0, R8
;__Lib_MathDouble.c,634 :: 		
0x0488	0x6A00      	CLRF        R0, 0
;__Lib_MathDouble.c,635 :: 		
0x048A	0x4E07      	DCFSNZ      R7, 1, 0
;__Lib_MathDouble.c,636 :: 		
0x048C	0xF002EFEC  	GOTO        BLIGNED32
;__Lib_MathDouble.c,638 :: 		
0x0490	0x6407      	CPFSGT      R7, 0
;__Lib_MathDouble.c,639 :: 		
0x0492	0xF002EF54  	GOTO        BNIB32C
;__Lib_MathDouble.c,641 :: 		
BRETURN32:
;__Lib_MathDouble.c,642 :: 		
0x0496	0xF002C00A  	MOVFF       R10, R2
;__Lib_MathDouble.c,643 :: 		
0x049A	0xF001C005  	MOVFF       R5, R1
;__Lib_MathDouble.c,644 :: 		
0x049E	0xF000C004  	MOVFF       R4, R0
;__Lib_MathDouble.c,645 :: 		
0x04A2	0x6A08      	CLRF        R8, 0
;__Lib_MathDouble.c,646 :: 		
0x04A4	0xF004EF15  	GOTO        ADDEOK
;__Lib_MathDouble.c,648 :: 		
BNIB32C:
;__Lib_MathDouble.c,649 :: 		
0x04A8	0x0E03      	MOVLW       3
;__Lib_MathDouble.c,650 :: 		
0x04AA	0x6407      	CPFSGT      R7, 0
;__Lib_MathDouble.c,651 :: 		
0x04AC	0xF002EF5F  	GOTO        BLOOP32C
;__Lib_MathDouble.c,652 :: 		
0x04B0	0x5E07      	SUBWF       R7, 1, 0
;__Lib_MathDouble.c,653 :: 		
0x04B2	0x3808      	SWAPF       R8, 0, 0
;__Lib_MathDouble.c,654 :: 		
0x04B4	0x0B0F      	ANDLW       15
;__Lib_MathDouble.c,655 :: 		
0x04B6	0x6E08      	MOVWF       R8, 0
;__Lib_MathDouble.c,656 :: 		
0x04B8	0x4E07      	DCFSNZ      R7, 1, 0
;__Lib_MathDouble.c,657 :: 		
0x04BA	0xF002EFEC  	GOTO        BLIGNED32
;__Lib_MathDouble.c,659 :: 		
BLOOP32C:
;__Lib_MathDouble.c,660 :: 		
0x04BE	0x90D8      	BCF         STATUS, 0, 0
;__Lib_MathDouble.c,661 :: 		
0x04C0	0x3208      	RRCF        R8, 1, 0
;__Lib_MathDouble.c,662 :: 		
0x04C2	0x4E07      	DCFSNZ      R7, 1, 0
;__Lib_MathDouble.c,663 :: 		
0x04C4	0xF002EFEC  	GOTO        BLIGNED32
;__Lib_MathDouble.c,664 :: 		
0x04C8	0x90D8      	BCF         STATUS, 0, 0
;__Lib_MathDouble.c,665 :: 		
0x04CA	0x3208      	RRCF        R8, 1, 0
;__Lib_MathDouble.c,666 :: 		
0x04CC	0x4E07      	DCFSNZ      R7, 1, 0
;__Lib_MathDouble.c,667 :: 		
0x04CE	0xF002EFEC  	GOTO        BLIGNED32
;__Lib_MathDouble.c,668 :: 		
0x04D2	0x90D8      	BCF         STATUS, 0, 0
;__Lib_MathDouble.c,669 :: 		
0x04D4	0x3208      	RRCF        R8, 1, 0
;__Lib_MathDouble.c,670 :: 		
0x04D6	0xF002EFEC  	GOTO        BLIGNED32
;__Lib_MathDouble.c,672 :: 		
BNIB32B:
;__Lib_MathDouble.c,673 :: 		
0x04DA	0x0E03      	MOVLW       3
;__Lib_MathDouble.c,674 :: 		
0x04DC	0x6407      	CPFSGT      R7, 0
;__Lib_MathDouble.c,675 :: 		
0x04DE	0xF002EF7E  	GOTO        BLOOP32B
;__Lib_MathDouble.c,676 :: 		
0x04E2	0x5E07      	SUBWF       R7, 1, 0
;__Lib_MathDouble.c,677 :: 		
0x04E4	0x3808      	SWAPF       R8, 0, 0
;__Lib_MathDouble.c,678 :: 		
0x04E6	0x0B0F      	ANDLW       15
;__Lib_MathDouble.c,679 :: 		
0x04E8	0x6E08      	MOVWF       R8, 0
;__Lib_MathDouble.c,680 :: 		
0x04EA	0x3800      	SWAPF       R0, 0, 0
;__Lib_MathDouble.c,681 :: 		
0x04EC	0x0BF0      	ANDLW       240
;__Lib_MathDouble.c,682 :: 		
0x04EE	0x2608      	ADDWF       R8, 1, 0
;__Lib_MathDouble.c,683 :: 		
0x04F0	0x3800      	SWAPF       R0, 0, 0
;__Lib_MathDouble.c,684 :: 		
0x04F2	0x0B0F      	ANDLW       15
;__Lib_MathDouble.c,685 :: 		
0x04F4	0x6E00      	MOVWF       R0, 0
;__Lib_MathDouble.c,686 :: 		
0x04F6	0x4E07      	DCFSNZ      R7, 1, 0
;__Lib_MathDouble.c,687 :: 		
0x04F8	0xF002EFEC  	GOTO        BLIGNED32
;__Lib_MathDouble.c,689 :: 		
BLOOP32B:
;__Lib_MathDouble.c,690 :: 		
0x04FC	0x90D8      	BCF         STATUS, 0, 0
;__Lib_MathDouble.c,691 :: 		
0x04FE	0x3200      	RRCF        R0, 1, 0
;__Lib_MathDouble.c,692 :: 		
0x0500	0x3208      	RRCF        R8, 1, 0
;__Lib_MathDouble.c,693 :: 		
0x0502	0x4E07      	DCFSNZ      R7, 1, 0
;__Lib_MathDouble.c,694 :: 		
0x0504	0xF002EFEC  	GOTO        BLIGNED32
;__Lib_MathDouble.c,695 :: 		
0x0508	0x90D8      	BCF         STATUS, 0, 0
;__Lib_MathDouble.c,696 :: 		
0x050A	0x3200      	RRCF        R0, 1, 0
;__Lib_MathDouble.c,697 :: 		
0x050C	0x3208      	RRCF        R8, 1, 0
;__Lib_MathDouble.c,698 :: 		
0x050E	0x4E07      	DCFSNZ      R7, 1, 0
;__Lib_MathDouble.c,699 :: 		
0x0510	0xF002EFEC  	GOTO        BLIGNED32
;__Lib_MathDouble.c,700 :: 		
0x0514	0x90D8      	BCF         STATUS, 0, 0
;__Lib_MathDouble.c,701 :: 		
0x0516	0x3200      	RRCF        R0, 1, 0
;__Lib_MathDouble.c,702 :: 		
0x0518	0x3208      	RRCF        R8, 1, 0
;__Lib_MathDouble.c,703 :: 		
0x051A	0xF002EFEC  	GOTO        BLIGNED32
;__Lib_MathDouble.c,705 :: 		
BNIB32A:
;__Lib_MathDouble.c,706 :: 		
0x051E	0x0E03      	MOVLW       3
;__Lib_MathDouble.c,707 :: 		
0x0520	0x6407      	CPFSGT      R7, 0
;__Lib_MathDouble.c,708 :: 		
0x0522	0xF002EFA6  	GOTO        BLOOP32A
;__Lib_MathDouble.c,709 :: 		
0x0526	0x5E07      	SUBWF       R7, 1, 0
;__Lib_MathDouble.c,710 :: 		
0x0528	0x3808      	SWAPF       R8, 0, 0
;__Lib_MathDouble.c,711 :: 		
0x052A	0x0B0F      	ANDLW       15
;__Lib_MathDouble.c,712 :: 		
0x052C	0x6E08      	MOVWF       R8, 0
;__Lib_MathDouble.c,713 :: 		
0x052E	0x3800      	SWAPF       R0, 0, 0
;__Lib_MathDouble.c,714 :: 		
0x0530	0x0BF0      	ANDLW       240
;__Lib_MathDouble.c,715 :: 		
0x0532	0x2608      	ADDWF       R8, 1, 0
;__Lib_MathDouble.c,716 :: 		
0x0534	0x3800      	SWAPF       R0, 0, 0
;__Lib_MathDouble.c,717 :: 		
0x0536	0x0B0F      	ANDLW       15
;__Lib_MathDouble.c,718 :: 		
0x0538	0x6E00      	MOVWF       R0, 0
;__Lib_MathDouble.c,719 :: 		
0x053A	0x3801      	SWAPF       R1, 0, 0
;__Lib_MathDouble.c,720 :: 		
0x053C	0x0BF0      	ANDLW       240
;__Lib_MathDouble.c,721 :: 		
0x053E	0x2600      	ADDWF       R0, 1, 0
;__Lib_MathDouble.c,722 :: 		
0x0540	0x3801      	SWAPF       R1, 0, 0
;__Lib_MathDouble.c,723 :: 		
0x0542	0x0B0F      	ANDLW       15
;__Lib_MathDouble.c,724 :: 		
0x0544	0x6E01      	MOVWF       R1, 0
;__Lib_MathDouble.c,725 :: 		
0x0546	0x4E07      	DCFSNZ      R7, 1, 0
;__Lib_MathDouble.c,726 :: 		
0x0548	0xF002EFEC  	GOTO        BLIGNED32
;__Lib_MathDouble.c,728 :: 		
BLOOP32A:
;__Lib_MathDouble.c,729 :: 		
0x054C	0x90D8      	BCF         STATUS, 0, 0
;__Lib_MathDouble.c,730 :: 		
0x054E	0x3201      	RRCF        R1, 1, 0
;__Lib_MathDouble.c,731 :: 		
0x0550	0x3200      	RRCF        R0, 1, 0
;__Lib_MathDouble.c,732 :: 		
0x0552	0x3208      	RRCF        R8, 1, 0
;__Lib_MathDouble.c,733 :: 		
0x0554	0x4E07      	DCFSNZ      R7, 1, 0
;__Lib_MathDouble.c,734 :: 		
0x0556	0xF002EFEC  	GOTO        BLIGNED32
;__Lib_MathDouble.c,735 :: 		
0x055A	0x90D8      	BCF         STATUS, 0, 0
;__Lib_MathDouble.c,736 :: 		
0x055C	0x3201      	RRCF        R1, 1, 0
;__Lib_MathDouble.c,737 :: 		
0x055E	0x3200      	RRCF        R0, 1, 0
;__Lib_MathDouble.c,738 :: 		
0x0560	0x3208      	RRCF        R8, 1, 0
;__Lib_MathDouble.c,739 :: 		
0x0562	0x4E07      	DCFSNZ      R7, 1, 0
;__Lib_MathDouble.c,740 :: 		
0x0564	0xF002EFEC  	GOTO        BLIGNED32
;__Lib_MathDouble.c,741 :: 		
0x0568	0x90D8      	BCF         STATUS, 0, 0
;__Lib_MathDouble.c,742 :: 		
0x056A	0x3201      	RRCF        R1, 1, 0
;__Lib_MathDouble.c,743 :: 		
0x056C	0x3200      	RRCF        R0, 1, 0
;__Lib_MathDouble.c,744 :: 		
0x056E	0x3208      	RRCF        R8, 1, 0
;__Lib_MathDouble.c,745 :: 		
0x0570	0xF002EFEC  	GOTO        BLIGNED32
;__Lib_MathDouble.c,747 :: 		
BNIB32:
;__Lib_MathDouble.c,748 :: 		
0x0574	0x0E03      	MOVLW       3
;__Lib_MathDouble.c,749 :: 		
0x0576	0x6407      	CPFSGT      R7, 0
;__Lib_MathDouble.c,750 :: 		
0x0578	0xF002EFD7  	GOTO        BLOOP32
;__Lib_MathDouble.c,751 :: 		
0x057C	0x5E07      	SUBWF       R7, 1, 0
;__Lib_MathDouble.c,752 :: 		
0x057E	0x3808      	SWAPF       R8, 0, 0
;__Lib_MathDouble.c,753 :: 		
0x0580	0x0B0F      	ANDLW       15
;__Lib_MathDouble.c,754 :: 		
0x0582	0x6E08      	MOVWF       R8, 0
;__Lib_MathDouble.c,755 :: 		
0x0584	0x3800      	SWAPF       R0, 0, 0
;__Lib_MathDouble.c,756 :: 		
0x0586	0x0BF0      	ANDLW       240
;__Lib_MathDouble.c,757 :: 		
0x0588	0x2608      	ADDWF       R8, 1, 0
;__Lib_MathDouble.c,758 :: 		
0x058A	0x3800      	SWAPF       R0, 0, 0
;__Lib_MathDouble.c,759 :: 		
0x058C	0x0B0F      	ANDLW       15
;__Lib_MathDouble.c,760 :: 		
0x058E	0x6E00      	MOVWF       R0, 0
;__Lib_MathDouble.c,761 :: 		
0x0590	0x3801      	SWAPF       R1, 0, 0
;__Lib_MathDouble.c,762 :: 		
0x0592	0x0BF0      	ANDLW       240
;__Lib_MathDouble.c,763 :: 		
0x0594	0x2600      	ADDWF       R0, 1, 0
;__Lib_MathDouble.c,764 :: 		
0x0596	0x3801      	SWAPF       R1, 0, 0
;__Lib_MathDouble.c,765 :: 		
0x0598	0x0B0F      	ANDLW       15
;__Lib_MathDouble.c,766 :: 		
0x059A	0x6E01      	MOVWF       R1, 0
;__Lib_MathDouble.c,767 :: 		
0x059C	0x3802      	SWAPF       R2, 0, 0
;__Lib_MathDouble.c,768 :: 		
0x059E	0x0BF0      	ANDLW       240
;__Lib_MathDouble.c,769 :: 		
0x05A0	0x2601      	ADDWF       R1, 1, 0
;__Lib_MathDouble.c,770 :: 		
0x05A2	0x3802      	SWAPF       R2, 0, 0
;__Lib_MathDouble.c,771 :: 		
0x05A4	0x0B0F      	ANDLW       15
;__Lib_MathDouble.c,772 :: 		
0x05A6	0x6E02      	MOVWF       R2, 0
;__Lib_MathDouble.c,773 :: 		
0x05A8	0x4E07      	DCFSNZ      R7, 1, 0
;__Lib_MathDouble.c,774 :: 		
0x05AA	0xF002EFEC  	GOTO        BLIGNED32
;__Lib_MathDouble.c,776 :: 		
BLOOP32:
;__Lib_MathDouble.c,777 :: 		
0x05AE	0x90D8      	BCF         STATUS, 0, 0
;__Lib_MathDouble.c,778 :: 		
0x05B0	0x3202      	RRCF        R2, 1, 0
;__Lib_MathDouble.c,779 :: 		
0x05B2	0x3201      	RRCF        R1, 1, 0
;__Lib_MathDouble.c,780 :: 		
0x05B4	0x3200      	RRCF        R0, 1, 0
;__Lib_MathDouble.c,781 :: 		
0x05B6	0x3208      	RRCF        R8, 1, 0
;__Lib_MathDouble.c,782 :: 		
0x05B8	0x4E07      	DCFSNZ      R7, 1, 0
;__Lib_MathDouble.c,783 :: 		
0x05BA	0xF002EFEC  	GOTO        BLIGNED32
;__Lib_MathDouble.c,784 :: 		
0x05BE	0x90D8      	BCF         STATUS, 0, 0
;__Lib_MathDouble.c,785 :: 		
0x05C0	0x3202      	RRCF        R2, 1, 0
;__Lib_MathDouble.c,786 :: 		
0x05C2	0x3201      	RRCF        R1, 1, 0
;__Lib_MathDouble.c,787 :: 		
0x05C4	0x3200      	RRCF        R0, 1, 0
;__Lib_MathDouble.c,788 :: 		
0x05C6	0x3208      	RRCF        R8, 1, 0
;__Lib_MathDouble.c,789 :: 		
0x05C8	0x4E07      	DCFSNZ      R7, 1, 0
;__Lib_MathDouble.c,790 :: 		
0x05CA	0xF002EFEC  	GOTO        BLIGNED32
;__Lib_MathDouble.c,791 :: 		
0x05CE	0x90D8      	BCF         STATUS, 0, 0
;__Lib_MathDouble.c,792 :: 		
0x05D0	0x3202      	RRCF        R2, 1, 0
;__Lib_MathDouble.c,793 :: 		
0x05D2	0x3201      	RRCF        R1, 1, 0
;__Lib_MathDouble.c,794 :: 		
0x05D4	0x3200      	RRCF        R0, 1, 0
;__Lib_MathDouble.c,795 :: 		
0x05D6	0x3208      	RRCF        R8, 1, 0
;__Lib_MathDouble.c,797 :: 		
BLIGNED32:
;__Lib_MathDouble.c,798 :: 		
0x05D8	0x6A09      	CLRF        R9, 0
;__Lib_MathDouble.c,799 :: 		
0x05DA	0x0E00      	MOVLW       0
;__Lib_MathDouble.c,800 :: 		
0x05DC	0xAE0E      	BTFSS       R14, 7, 0
;__Lib_MathDouble.c,801 :: 		
0x05DE	0xF003EFE0  	GOTO        AOK32
;__Lib_MathDouble.c,802 :: 		
0x05E2	0x1E08      	COMF        R8, 1, 0
;__Lib_MathDouble.c,803 :: 		
0x05E4	0x1E00      	COMF        R0, 1, 0
;__Lib_MathDouble.c,804 :: 		
0x05E6	0x1E01      	COMF        R1, 1, 0
;__Lib_MathDouble.c,805 :: 		
0x05E8	0x1E02      	COMF        R2, 1, 0
;__Lib_MathDouble.c,806 :: 		
0x05EA	0x2A08      	INCF        R8, 1, 0
;__Lib_MathDouble.c,807 :: 		
0x05EC	0x2200      	ADDWFC      R0, 1, 0
;__Lib_MathDouble.c,808 :: 		
0x05EE	0x2201      	ADDWFC      R1, 1, 0
;__Lib_MathDouble.c,809 :: 		
0x05F0	0x2202      	ADDWFC      R2, 1, 0
;__Lib_MathDouble.c,810 :: 		
0x05F2	0xF003EFE0  	GOTO        AOK32
;__Lib_MathDouble.c,812 :: 		
USEA32:
;__Lib_MathDouble.c,813 :: 		
0x05F6	0x5007      	MOVF        R7, 0, 0
;__Lib_MathDouble.c,814 :: 		
0x05F8	0xA4D8      	BTFSS       STATUS, 2, 0
;__Lib_MathDouble.c,815 :: 		
0x05FA	0xF003EF01  	GOTO        BNE032
;__Lib_MathDouble.c,816 :: 		
0x05FE	0xF004EF15  	GOTO        ADDEOK
;__Lib_MathDouble.c,818 :: 		
BNE032:
;__Lib_MathDouble.c,819 :: 		
0x0602	0x6A09      	CLRF        R9, 0
;__Lib_MathDouble.c,820 :: 		
0x0604	0xF00AC002  	MOVFF       R2, R10
;__Lib_MathDouble.c,821 :: 		
0x0608	0x8E02      	BSF         R2, 7, 0
;__Lib_MathDouble.c,822 :: 		
0x060A	0x8E06      	BSF         R6, 7, 0
;__Lib_MathDouble.c,824 :: 		
0x060C	0x5007      	MOVF        R7, 0, 0
;__Lib_MathDouble.c,825 :: 		
0x060E	0x5C03      	SUBWF       R3, 0, 0
;__Lib_MathDouble.c,826 :: 		
0x0610	0x6E07      	MOVWF       R7, 0
;__Lib_MathDouble.c,827 :: 		
0x0612	0xB4D8      	BTFSC       STATUS, 2, 0
;__Lib_MathDouble.c,828 :: 		
0x0614	0xF003EFD3  	GOTO        ALIGNED32
;__Lib_MathDouble.c,830 :: 		
0x0618	0x0E07      	MOVLW       7
;__Lib_MathDouble.c,831 :: 		
0x061A	0x6407      	CPFSGT      R7, 0
;__Lib_MathDouble.c,832 :: 		
0x061C	0xF003EFA1  	GOTO        ANIB32
;__Lib_MathDouble.c,833 :: 		
0x0620	0x5E07      	SUBWF       R7, 1, 0
;__Lib_MathDouble.c,834 :: 		
0x0622	0x5004      	MOVF        R4, 0, 0
;__Lib_MathDouble.c,835 :: 		
0x0624	0x6E09      	MOVWF       R9, 0
;__Lib_MathDouble.c,836 :: 		
0x0626	0x5005      	MOVF        R5, 0, 0
;__Lib_MathDouble.c,837 :: 		
0x0628	0x6E04      	MOVWF       R4, 0
;__Lib_MathDouble.c,838 :: 		
0x062A	0x5006      	MOVF        R6, 0, 0
;__Lib_MathDouble.c,839 :: 		
0x062C	0x6E05      	MOVWF       R5, 0
;__Lib_MathDouble.c,840 :: 		
0x062E	0x6A06      	CLRF        R6, 0
;__Lib_MathDouble.c,841 :: 		
0x0630	0x4E07      	DCFSNZ      R7, 1, 0
;__Lib_MathDouble.c,842 :: 		
0x0632	0xF003EFD3  	GOTO        ALIGNED32
;__Lib_MathDouble.c,844 :: 		
0x0636	0x0E07      	MOVLW       7
;__Lib_MathDouble.c,845 :: 		
0x0638	0x6407      	CPFSGT      R7, 0
;__Lib_MathDouble.c,846 :: 		
0x063A	0xF003EF76  	GOTO        ANIB32A
;__Lib_MathDouble.c,847 :: 		
0x063E	0x5E07      	SUBWF       R7, 1, 0
;__Lib_MathDouble.c,848 :: 		
0x0640	0x5004      	MOVF        R4, 0, 0
;__Lib_MathDouble.c,849 :: 		
0x0642	0x6E09      	MOVWF       R9, 0
;__Lib_MathDouble.c,850 :: 		
0x0644	0x5005      	MOVF        R5, 0, 0
;__Lib_MathDouble.c,851 :: 		
0x0646	0x6E04      	MOVWF       R4, 0
;__Lib_MathDouble.c,852 :: 		
0x0648	0x6A05      	CLRF        R5, 0
;__Lib_MathDouble.c,853 :: 		
0x064A	0x4E07      	DCFSNZ      R7, 1, 0
;__Lib_MathDouble.c,854 :: 		
0x064C	0xF003EFD3  	GOTO        ALIGNED32
;__Lib_MathDouble.c,856 :: 		
0x0650	0x0E07      	MOVLW       7
;__Lib_MathDouble.c,857 :: 		
0x0652	0x6407      	CPFSGT      R7, 0
;__Lib_MathDouble.c,858 :: 		
0x0654	0xF003EF54  	GOTO        ANIB32B
;__Lib_MathDouble.c,859 :: 		
0x0658	0x5E07      	SUBWF       R7, 1, 0
;__Lib_MathDouble.c,860 :: 		
0x065A	0x5004      	MOVF        R4, 0, 0
;__Lib_MathDouble.c,861 :: 		
0x065C	0x6E09      	MOVWF       R9, 0
;__Lib_MathDouble.c,862 :: 		
0x065E	0x6A04      	CLRF        R4, 0
;__Lib_MathDouble.c,863 :: 		
0x0660	0x4E07      	DCFSNZ      R7, 1, 0
;__Lib_MathDouble.c,864 :: 		
0x0662	0xF003EFD3  	GOTO        ALIGNED32
;__Lib_MathDouble.c,866 :: 		
0x0666	0x0E07      	MOVLW       7
;__Lib_MathDouble.c,867 :: 		
0x0668	0x6407      	CPFSGT      R7, 0
;__Lib_MathDouble.c,868 :: 		
0x066A	0xF003EF3B  	GOTO        ANIB32C
;__Lib_MathDouble.c,870 :: 		
0x066E	0xF002C00A  	MOVFF       R10, R2
;__Lib_MathDouble.c,871 :: 		
0x0672	0xF004EF15  	GOTO        ADDEOK
;__Lib_MathDouble.c,873 :: 		
ANIB32C:
;__Lib_MathDouble.c,874 :: 		
0x0676	0x0E03      	MOVLW       3
;__Lib_MathDouble.c,875 :: 		
0x0678	0x6407      	CPFSGT      R7, 0
;__Lib_MathDouble.c,876 :: 		
0x067A	0xF003EF46  	GOTO        ALOOP32C
;__Lib_MathDouble.c,877 :: 		
0x067E	0x5E07      	SUBWF       R7, 1, 0
;__Lib_MathDouble.c,878 :: 		
0x0680	0x3809      	SWAPF       R9, 0, 0
;__Lib_MathDouble.c,879 :: 		
0x0682	0x0B0F      	ANDLW       15
;__Lib_MathDouble.c,880 :: 		
0x0684	0x6E09      	MOVWF       R9, 0
;__Lib_MathDouble.c,881 :: 		
0x0686	0x4E07      	DCFSNZ      R7, 1, 0
;__Lib_MathDouble.c,882 :: 		
0x0688	0xF003EFD3  	GOTO        ALIGNED32
;__Lib_MathDouble.c,884 :: 		
ALOOP32C:
;__Lib_MathDouble.c,885 :: 		
0x068C	0x90D8      	BCF         STATUS, 0, 0
;__Lib_MathDouble.c,886 :: 		
0x068E	0x3209      	RRCF        R9, 1, 0
;__Lib_MathDouble.c,887 :: 		
0x0690	0x4E07      	DCFSNZ      R7, 1, 0
;__Lib_MathDouble.c,888 :: 		
0x0692	0xF003EFD3  	GOTO        ALIGNED32
;__Lib_MathDouble.c,889 :: 		
0x0696	0x90D8      	BCF         STATUS, 0, 0
;__Lib_MathDouble.c,890 :: 		
0x0698	0x3209      	RRCF        R9, 1, 0
;__Lib_MathDouble.c,891 :: 		
0x069A	0x4E07      	DCFSNZ      R7, 1, 0
;__Lib_MathDouble.c,892 :: 		
0x069C	0xF003EFD3  	GOTO        ALIGNED32
;__Lib_MathDouble.c,893 :: 		
0x06A0	0x90D8      	BCF         STATUS, 0, 0
;__Lib_MathDouble.c,894 :: 		
0x06A2	0x3209      	RRCF        R9, 1, 0
;__Lib_MathDouble.c,895 :: 		
0x06A4	0xF003EFD3  	GOTO        ALIGNED32
;__Lib_MathDouble.c,897 :: 		
ANIB32B:
;__Lib_MathDouble.c,898 :: 		
0x06A8	0x0E03      	MOVLW       3
;__Lib_MathDouble.c,899 :: 		
0x06AA	0x6407      	CPFSGT      R7, 0
;__Lib_MathDouble.c,900 :: 		
0x06AC	0xF003EF65  	GOTO        ALOOP32B
;__Lib_MathDouble.c,901 :: 		
0x06B0	0x5E07      	SUBWF       R7, 1, 0
;__Lib_MathDouble.c,902 :: 		
0x06B2	0x3809      	SWAPF       R9, 0, 0
;__Lib_MathDouble.c,903 :: 		
0x06B4	0x0B0F      	ANDLW       15
;__Lib_MathDouble.c,904 :: 		
0x06B6	0x6E09      	MOVWF       R9, 0
;__Lib_MathDouble.c,905 :: 		
0x06B8	0x3804      	SWAPF       R4, 0, 0
;__Lib_MathDouble.c,906 :: 		
0x06BA	0x0BF0      	ANDLW       240
;__Lib_MathDouble.c,907 :: 		
0x06BC	0x2609      	ADDWF       R9, 1, 0
;__Lib_MathDouble.c,908 :: 		
0x06BE	0x3804      	SWAPF       R4, 0, 0
;__Lib_MathDouble.c,909 :: 		
0x06C0	0x0B0F      	ANDLW       15
;__Lib_MathDouble.c,910 :: 		
0x06C2	0x6E04      	MOVWF       R4, 0
;__Lib_MathDouble.c,911 :: 		
0x06C4	0x4E07      	DCFSNZ      R7, 1, 0
;__Lib_MathDouble.c,912 :: 		
0x06C6	0xF003EFD3  	GOTO        ALIGNED32
;__Lib_MathDouble.c,914 :: 		
ALOOP32B:
;__Lib_MathDouble.c,915 :: 		
0x06CA	0x90D8      	BCF         STATUS, 0, 0
;__Lib_MathDouble.c,916 :: 		
0x06CC	0x3204      	RRCF        R4, 1, 0
;__Lib_MathDouble.c,917 :: 		
0x06CE	0x3209      	RRCF        R9, 1, 0
;__Lib_MathDouble.c,918 :: 		
0x06D0	0x4E07      	DCFSNZ      R7, 1, 0
;__Lib_MathDouble.c,919 :: 		
0x06D2	0xF003EFD3  	GOTO        ALIGNED32
;__Lib_MathDouble.c,920 :: 		
0x06D6	0x90D8      	BCF         STATUS, 0, 0
;__Lib_MathDouble.c,921 :: 		
0x06D8	0x3204      	RRCF        R4, 1, 0
;__Lib_MathDouble.c,922 :: 		
0x06DA	0x3209      	RRCF        R9, 1, 0
;__Lib_MathDouble.c,923 :: 		
0x06DC	0x4E07      	DCFSNZ      R7, 1, 0
;__Lib_MathDouble.c,924 :: 		
0x06DE	0xF003EFD3  	GOTO        ALIGNED32
;__Lib_MathDouble.c,925 :: 		
0x06E2	0x90D8      	BCF         STATUS, 0, 0
;__Lib_MathDouble.c,926 :: 		
0x06E4	0x3204      	RRCF        R4, 1, 0
;__Lib_MathDouble.c,927 :: 		
0x06E6	0x3209      	RRCF        R9, 1, 0
;__Lib_MathDouble.c,928 :: 		
0x06E8	0xF003EFD3  	GOTO        ALIGNED32
;__Lib_MathDouble.c,930 :: 		
ANIB32A:
;__Lib_MathDouble.c,931 :: 		
0x06EC	0x0E03      	MOVLW       3
;__Lib_MathDouble.c,932 :: 		
0x06EE	0x6407      	CPFSGT      R7, 0
;__Lib_MathDouble.c,933 :: 		
0x06F0	0xF003EF8D  	GOTO        ALOOP32A
;__Lib_MathDouble.c,934 :: 		
0x06F4	0x5E07      	SUBWF       R7, 1, 0
;__Lib_MathDouble.c,935 :: 		
0x06F6	0x3809      	SWAPF       R9, 0, 0
;__Lib_MathDouble.c,936 :: 		
0x06F8	0x0B0F      	ANDLW       15
;__Lib_MathDouble.c,937 :: 		
0x06FA	0x6E09      	MOVWF       R9, 0
;__Lib_MathDouble.c,938 :: 		
0x06FC	0x3804      	SWAPF       R4, 0, 0
;__Lib_MathDouble.c,939 :: 		
0x06FE	0x0BF0      	ANDLW       240
;__Lib_MathDouble.c,940 :: 		
0x0700	0x2609      	ADDWF       R9, 1, 0
;__Lib_MathDouble.c,941 :: 		
0x0702	0x3804      	SWAPF       R4, 0, 0
;__Lib_MathDouble.c,942 :: 		
0x0704	0x0B0F      	ANDLW       15
;__Lib_MathDouble.c,943 :: 		
0x0706	0x6E04      	MOVWF       R4, 0
;__Lib_MathDouble.c,944 :: 		
0x0708	0x3805      	SWAPF       R5, 0, 0
;__Lib_MathDouble.c,945 :: 		
0x070A	0x0BF0      	ANDLW       240
;__Lib_MathDouble.c,946 :: 		
0x070C	0x2604      	ADDWF       R4, 1, 0
;__Lib_MathDouble.c,947 :: 		
0x070E	0x3805      	SWAPF       R5, 0, 0
;__Lib_MathDouble.c,948 :: 		
0x0710	0x0B0F      	ANDLW       15
;__Lib_MathDouble.c,949 :: 		
0x0712	0x6E05      	MOVWF       R5, 0
;__Lib_MathDouble.c,950 :: 		
0x0714	0x4E07      	DCFSNZ      R7, 1, 0
;__Lib_MathDouble.c,951 :: 		
0x0716	0xF003EFD3  	GOTO        ALIGNED32
;__Lib_MathDouble.c,953 :: 		
ALOOP32A:
;__Lib_MathDouble.c,954 :: 		
0x071A	0x90D8      	BCF         STATUS, 0, 0
;__Lib_MathDouble.c,955 :: 		
0x071C	0x3205      	RRCF        R5, 1, 0
;__Lib_MathDouble.c,956 :: 		
0x071E	0x3204      	RRCF        R4, 1, 0
;__Lib_MathDouble.c,957 :: 		
0x0720	0x3209      	RRCF        R9, 1, 0
;__Lib_MathDouble.c,958 :: 		
0x0722	0x4E07      	DCFSNZ      R7, 1, 0
;__Lib_MathDouble.c,959 :: 		
0x0724	0xF003EFD3  	GOTO        ALIGNED32
;__Lib_MathDouble.c,960 :: 		
0x0728	0x90D8      	BCF         STATUS, 0, 0
;__Lib_MathDouble.c,961 :: 		
0x072A	0x3205      	RRCF        R5, 1, 0
;__Lib_MathDouble.c,962 :: 		
0x072C	0x3204      	RRCF        R4, 1, 0
;__Lib_MathDouble.c,963 :: 		
0x072E	0x3209      	RRCF        R9, 1, 0
;__Lib_MathDouble.c,964 :: 		
0x0730	0x4E07      	DCFSNZ      R7, 1, 0
;__Lib_MathDouble.c,965 :: 		
0x0732	0xF003EFD3  	GOTO        ALIGNED32
;__Lib_MathDouble.c,966 :: 		
0x0736	0x90D8      	BCF         STATUS, 0, 0
;__Lib_MathDouble.c,967 :: 		
0x0738	0x3205      	RRCF        R5, 1, 0
;__Lib_MathDouble.c,968 :: 		
0x073A	0x3204      	RRCF        R4, 1, 0
;__Lib_MathDouble.c,969 :: 		
0x073C	0x3209      	RRCF        R9, 1, 0
;__Lib_MathDouble.c,970 :: 		
0x073E	0xF003EFD3  	GOTO        ALIGNED32
;__Lib_MathDouble.c,972 :: 		
ANIB32:
;__Lib_MathDouble.c,973 :: 		
0x0742	0x0E03      	MOVLW       3
;__Lib_MathDouble.c,974 :: 		
0x0744	0x6407      	CPFSGT      R7, 0
;__Lib_MathDouble.c,975 :: 		
0x0746	0xF003EFBE  	GOTO        ALOOP32
;__Lib_MathDouble.c,976 :: 		
0x074A	0x5E07      	SUBWF       R7, 1, 0
;__Lib_MathDouble.c,977 :: 		
0x074C	0x3809      	SWAPF       R9, 0, 0
;__Lib_MathDouble.c,978 :: 		
0x074E	0x0B0F      	ANDLW       15
;__Lib_MathDouble.c,979 :: 		
0x0750	0x6E09      	MOVWF       R9, 0
;__Lib_MathDouble.c,980 :: 		
0x0752	0x3804      	SWAPF       R4, 0, 0
;__Lib_MathDouble.c,981 :: 		
0x0754	0x0BF0      	ANDLW       240
;__Lib_MathDouble.c,982 :: 		
0x0756	0x2609      	ADDWF       R9, 1, 0
;__Lib_MathDouble.c,983 :: 		
0x0758	0x3804      	SWAPF       R4, 0, 0
;__Lib_MathDouble.c,984 :: 		
0x075A	0x0B0F      	ANDLW       15
;__Lib_MathDouble.c,985 :: 		
0x075C	0x6E04      	MOVWF       R4, 0
;__Lib_MathDouble.c,986 :: 		
0x075E	0x3805      	SWAPF       R5, 0, 0
;__Lib_MathDouble.c,987 :: 		
0x0760	0x0BF0      	ANDLW       240
;__Lib_MathDouble.c,988 :: 		
0x0762	0x2604      	ADDWF       R4, 1, 0
;__Lib_MathDouble.c,989 :: 		
0x0764	0x3805      	SWAPF       R5, 0, 0
;__Lib_MathDouble.c,990 :: 		
0x0766	0x0B0F      	ANDLW       15
;__Lib_MathDouble.c,991 :: 		
0x0768	0x6E05      	MOVWF       R5, 0
;__Lib_MathDouble.c,992 :: 		
0x076A	0x3806      	SWAPF       R6, 0, 0
;__Lib_MathDouble.c,993 :: 		
0x076C	0x0BF0      	ANDLW       240
;__Lib_MathDouble.c,994 :: 		
0x076E	0x2605      	ADDWF       R5, 1, 0
;__Lib_MathDouble.c,995 :: 		
0x0770	0x3806      	SWAPF       R6, 0, 0
;__Lib_MathDouble.c,996 :: 		
0x0772	0x0B0F      	ANDLW       15
;__Lib_MathDouble.c,997 :: 		
0x0774	0x6E06      	MOVWF       R6, 0
;__Lib_MathDouble.c,998 :: 		
0x0776	0x4E07      	DCFSNZ      R7, 1, 0
;__Lib_MathDouble.c,999 :: 		
0x0778	0xF003EFD3  	GOTO        ALIGNED32
;__Lib_MathDouble.c,1001 :: 		
ALOOP32:
;__Lib_MathDouble.c,1002 :: 		
0x077C	0x90D8      	BCF         STATUS, 0, 0
;__Lib_MathDouble.c,1003 :: 		
0x077E	0x3206      	RRCF        R6, 1, 0
;__Lib_MathDouble.c,1004 :: 		
0x0780	0x3205      	RRCF        R5, 1, 0
;__Lib_MathDouble.c,1005 :: 		
0x0782	0x3204      	RRCF        R4, 1, 0
;__Lib_MathDouble.c,1006 :: 		
0x0784	0x3209      	RRCF        R9, 1, 0
;__Lib_MathDouble.c,1007 :: 		
0x0786	0x4E07      	DCFSNZ      R7, 1, 0
;__Lib_MathDouble.c,1008 :: 		
0x0788	0xF003EFD3  	GOTO        ALIGNED32
;__Lib_MathDouble.c,1009 :: 		
0x078C	0x90D8      	BCF         STATUS, 0, 0
;__Lib_MathDouble.c,1010 :: 		
0x078E	0x3206      	RRCF        R6, 1, 0
;__Lib_MathDouble.c,1011 :: 		
0x0790	0x3205      	RRCF        R5, 1, 0
;__Lib_MathDouble.c,1012 :: 		
0x0792	0x3204      	RRCF        R4, 1, 0
;__Lib_MathDouble.c,1013 :: 		
0x0794	0x3209      	RRCF        R9, 1, 0
;__Lib_MathDouble.c,1014 :: 		
0x0796	0x4E07      	DCFSNZ      R7, 1, 0
;__Lib_MathDouble.c,1015 :: 		
0x0798	0xF003EFD3  	GOTO        ALIGNED32
;__Lib_MathDouble.c,1016 :: 		
0x079C	0x90D8      	BCF         STATUS, 0, 0
;__Lib_MathDouble.c,1017 :: 		
0x079E	0x3206      	RRCF        R6, 1, 0
;__Lib_MathDouble.c,1018 :: 		
0x07A0	0x3205      	RRCF        R5, 1, 0
;__Lib_MathDouble.c,1019 :: 		
0x07A2	0x3204      	RRCF        R4, 1, 0
;__Lib_MathDouble.c,1020 :: 		
0x07A4	0x3209      	RRCF        R9, 1, 0
;__Lib_MathDouble.c,1022 :: 		
ALIGNED32:
;__Lib_MathDouble.c,1023 :: 		
0x07A6	0x6A08      	CLRF        R8, 0
;__Lib_MathDouble.c,1024 :: 		
0x07A8	0x0E00      	MOVLW       0
;__Lib_MathDouble.c,1025 :: 		
0x07AA	0xAE0E      	BTFSS       R14, 7, 0
;__Lib_MathDouble.c,1026 :: 		
0x07AC	0xF003EFE0  	GOTO        AOK32
;__Lib_MathDouble.c,1027 :: 		
0x07B0	0x1E09      	COMF        R9, 1, 0
;__Lib_MathDouble.c,1028 :: 		
0x07B2	0x1E04      	COMF        R4, 1, 0
;__Lib_MathDouble.c,1029 :: 		
0x07B4	0x1E05      	COMF        R5, 1, 0
;__Lib_MathDouble.c,1030 :: 		
0x07B6	0x1E06      	COMF        R6, 1, 0
;__Lib_MathDouble.c,1031 :: 		
0x07B8	0x2A09      	INCF        R9, 1, 0
;__Lib_MathDouble.c,1032 :: 		
0x07BA	0x2204      	ADDWFC      R4, 1, 0
;__Lib_MathDouble.c,1033 :: 		
0x07BC	0x2205      	ADDWFC      R5, 1, 0
;__Lib_MathDouble.c,1034 :: 		
0x07BE	0x2206      	ADDWFC      R6, 1, 0
;__Lib_MathDouble.c,1036 :: 		
AOK32:
;__Lib_MathDouble.c,1037 :: 		
0x07C0	0x5009      	MOVF        R9, 0, 0
;__Lib_MathDouble.c,1038 :: 		
0x07C2	0x2608      	ADDWF       R8, 1, 0
;__Lib_MathDouble.c,1039 :: 		
0x07C4	0x5004      	MOVF        R4, 0, 0
;__Lib_MathDouble.c,1040 :: 		
0x07C6	0x2200      	ADDWFC      R0, 1, 0
;__Lib_MathDouble.c,1041 :: 		
0x07C8	0x5005      	MOVF        R5, 0, 0
;__Lib_MathDouble.c,1042 :: 		
0x07CA	0x2201      	ADDWFC      R1, 1, 0
;__Lib_MathDouble.c,1043 :: 		
0x07CC	0x5006      	MOVF        R6, 0, 0
;__Lib_MathDouble.c,1044 :: 		
0x07CE	0x2202      	ADDWFC      R2, 1, 0
;__Lib_MathDouble.c,1046 :: 		
0x07D0	0xBE0E      	BTFSC       R14, 7, 0
;__Lib_MathDouble.c,1047 :: 		
0x07D2	0xF003EFF7  	GOTO        ACOMP32
;__Lib_MathDouble.c,1048 :: 		
0x07D6	0xA0D8      	BTFSS       STATUS, 0, 0
;__Lib_MathDouble.c,1049 :: 		
0x07D8	0xF004EF06  	GOTO        ADDJPNRMRND4032
;__Lib_MathDouble.c,1051 :: 		
0x07DC	0x3202      	RRCF        R2, 1, 0
;__Lib_MathDouble.c,1052 :: 		
0x07DE	0x3201      	RRCF        R1, 1, 0
;__Lib_MathDouble.c,1053 :: 		
0x07E0	0x3200      	RRCF        R0, 1, 0
;__Lib_MathDouble.c,1054 :: 		
0x07E2	0x3208      	RRCF        R8, 1, 0
;__Lib_MathDouble.c,1055 :: 		
0x07E4	0x3E03      	INCFSZ      R3, 1, 0
;__Lib_MathDouble.c,1056 :: 		
0x07E6	0xF004EF06  	GOTO        ADDJPNRMRND4032
;__Lib_MathDouble.c,1057 :: 		
0x07EA	0xF004EF10  	GOTO        ADDJPSETFOV32
;__Lib_MathDouble.c,1059 :: 		
ACOMP32:
;__Lib_MathDouble.c,1060 :: 		
0x07EE	0xB0D8      	BTFSC       STATUS, 0, 0
;__Lib_MathDouble.c,1061 :: 		
0x07F0	0xF004EF0B  	GOTO        ADDJPNRM4032
;__Lib_MathDouble.c,1062 :: 		
0x07F4	0x0E00      	MOVLW       0
;__Lib_MathDouble.c,1063 :: 		
0x07F6	0x1E08      	COMF        R8, 1, 0
;__Lib_MathDouble.c,1064 :: 		
0x07F8	0x1E00      	COMF        R0, 1, 0
;__Lib_MathDouble.c,1065 :: 		
0x07FA	0x1E01      	COMF        R1, 1, 0
;__Lib_MathDouble.c,1066 :: 		
0x07FC	0x1E02      	COMF        R2, 1, 0
;__Lib_MathDouble.c,1067 :: 		
0x07FE	0x2A08      	INCF        R8, 1, 0
;__Lib_MathDouble.c,1068 :: 		
0x0800	0x2200      	ADDWFC      R0, 1, 0
;__Lib_MathDouble.c,1069 :: 		
0x0802	0x2201      	ADDWFC      R1, 1, 0
;__Lib_MathDouble.c,1070 :: 		
0x0804	0x2202      	ADDWFC      R2, 1, 0
;__Lib_MathDouble.c,1071 :: 		
0x0806	0x7E0A      	BTG         R10, 7, 0
;__Lib_MathDouble.c,1072 :: 		
0x0808	0xF004EF0B  	GOTO        ADDJPNRM4032
;__Lib_MathDouble.c,1074 :: 		
ADDJPNRMRND4032:
;__Lib_MathDouble.c,1075 :: 		
0x080C	0x0E01      	MOVLW       1
;__Lib_MathDouble.c,1076 :: 		
0x080E	0x6E0C      	MOVWF       R12, 0
;__Lib_MathDouble.c,1078 :: 		
0x0810	0xDCB0      	RCALL       _NRM4032
;__Lib_MathDouble.c,1080 :: 		
0x0812	0xF004EF17  	GOTO        ADDEEE
;__Lib_MathDouble.c,1081 :: 		
ADDJPNRM4032:
;__Lib_MathDouble.c,1082 :: 		
0x0816	0x0E02      	MOVLW       2
;__Lib_MathDouble.c,1083 :: 		
0x0818	0x6E0C      	MOVWF       R12, 0
;__Lib_MathDouble.c,1085 :: 		
0x081A	0xDCAB      	RCALL       _NRM4032
;__Lib_MathDouble.c,1087 :: 		
0x081C	0xF004EF17  	GOTO        ADDEEE
;__Lib_MathDouble.c,1088 :: 		
ADDJPSETFOV32:
;__Lib_MathDouble.c,1089 :: 		
0x0820	0x0E04      	MOVLW       4
;__Lib_MathDouble.c,1090 :: 		
0x0822	0x6E0C      	MOVWF       R12, 0
;__Lib_MathDouble.c,1092 :: 		
0x0824	0xDC82      	RCALL       _SETFOV32
;__Lib_MathDouble.c,1094 :: 		
0x0826	0xF004EF17  	GOTO        ADDEEE
;__Lib_MathDouble.c,1095 :: 		
ADDEOK:
;__Lib_MathDouble.c,1096 :: 		
0x082A	0x0E00      	MOVLW       0
;__Lib_MathDouble.c,1097 :: 		
0x082C	0x6E0C      	MOVWF       R12, 0
;__Lib_MathDouble.c,1098 :: 		
ADDEEE:
;__Lib_MathDouble.c,1105 :: 		
L_end_Add_32x32_FP:
0x082E	0x0012      	RETURN      0
; end of _Add_32x32_FP
_Mul_32x32_FP:
;__Lib_MathDouble.c,1130 :: 		
;__Lib_MathDouble.c,1148 :: 		
0x0830	0x6A08      	CLRF        R8, 0
;__Lib_MathDouble.c,1149 :: 		
0x0832	0x6A09      	CLRF        R9, 0
;__Lib_MathDouble.c,1151 :: 		
0x0834	0x0E00      	MOVLW       0
;__Lib_MathDouble.c,1152 :: 		
0x0836	0x6207      	CPFSEQ      R7, 0
;__Lib_MathDouble.c,1153 :: 		
0x0838	0x6403      	CPFSGT      R3, 0
;__Lib_MathDouble.c,1154 :: 		
0x083A	0xF004EF9D  	GOTO        MULJPRES032
;__Lib_MathDouble.c,1157 :: 		
0x083E	0x5002      	MOVF        R2, 0, 0
;__Lib_MathDouble.c,1158 :: 		
0x0840	0x1806      	XORWF       R6, 0, 0
;__Lib_MathDouble.c,1159 :: 		
0x0842	0x6E0A      	MOVWF       R10, 0
;__Lib_MathDouble.c,1161 :: 		
0x0844	0x5007      	MOVF        R7, 0, 0
;__Lib_MathDouble.c,1162 :: 		
0x0846	0x2603      	ADDWF       R3, 1, 0
;__Lib_MathDouble.c,1163 :: 		
0x0848	0x0E7E      	MOVLW       126
;__Lib_MathDouble.c,1164 :: 		
0x084A	0xA0D8      	BTFSS       STATUS, 0, 0
;__Lib_MathDouble.c,1165 :: 		
0x084C	0xF004EF2E  	GOTO        MTUN32
;__Lib_MathDouble.c,1167 :: 		
0x0850	0x5E03      	SUBWF       R3, 1, 0
;__Lib_MathDouble.c,1168 :: 		
0x0852	0xB0D8      	BTFSC       STATUS, 0, 0
;__Lib_MathDouble.c,1169 :: 		
0x0854	0xF004EFA1  	GOTO        MULJPSETFOV32
;__Lib_MathDouble.c,1170 :: 		
0x0858	0xF004EF32  	GOTO        MOK32
;__Lib_MathDouble.c,1172 :: 		
MTUN32:
;__Lib_MathDouble.c,1173 :: 		
0x085C	0x5E03      	SUBWF       R3, 1, 0
;__Lib_MathDouble.c,1174 :: 		
0x085E	0xA0D8      	BTFSS       STATUS, 0, 0
;__Lib_MathDouble.c,1175 :: 		
0x0860	0xF004EFA6  	GOTO        MULJPSETFUN32
;__Lib_MathDouble.c,1177 :: 		
MOK32:
;__Lib_MathDouble.c,1178 :: 		
0x0864	0x8E02      	BSF         R2, 7, 0
;__Lib_MathDouble.c,1179 :: 		
0x0866	0x8E06      	BSF         R6, 7, 0
;__Lib_MathDouble.c,1181 :: 		
0x0868	0xF00EC002  	MOVFF       R2, R14
;__Lib_MathDouble.c,1182 :: 		
0x086C	0xF00BC001  	MOVFF       R1, R11
;__Lib_MathDouble.c,1183 :: 		
0x0870	0xF00DC000  	MOVFF       R0, R13
;__Lib_MathDouble.c,1185 :: 		
0x0874	0x5000      	MOVF        R0, 0, 0
;__Lib_MathDouble.c,1186 :: 		
0x0876	0x0204      	MULWF       R4, 0
;__Lib_MathDouble.c,1187 :: 		
0x0878	0xF00CCFF4  	MOVFF       PRODH, R12
;__Lib_MathDouble.c,1189 :: 		
0x087C	0x5001      	MOVF        R1, 0, 0
;__Lib_MathDouble.c,1190 :: 		
0x087E	0x0205      	MULWF       R5, 0
;__Lib_MathDouble.c,1191 :: 		
0x0880	0xF000CFF4  	MOVFF       PRODH, R0
;__Lib_MathDouble.c,1192 :: 		
0x0884	0xF008CFF3  	MOVFF       PRODL, R8
;__Lib_MathDouble.c,1194 :: 		
0x0888	0x0204      	MULWF       R4, 0
;__Lib_MathDouble.c,1195 :: 		
0x088A	0x50F3      	MOVF        PRODL, 0, 0
;__Lib_MathDouble.c,1196 :: 		
0x088C	0x260C      	ADDWF       R12, 1, 0
;__Lib_MathDouble.c,1197 :: 		
0x088E	0x50F4      	MOVF        PRODH, 0, 0
;__Lib_MathDouble.c,1198 :: 		
0x0890	0x2208      	ADDWFC      R8, 1, 0
;__Lib_MathDouble.c,1199 :: 		
0x0892	0x0E00      	MOVLW       0
;__Lib_MathDouble.c,1200 :: 		
0x0894	0x2200      	ADDWFC      R0, 1, 0
;__Lib_MathDouble.c,1202 :: 		
0x0896	0x500D      	MOVF        R13, 0, 0
;__Lib_MathDouble.c,1203 :: 		
0x0898	0x0205      	MULWF       R5, 0
;__Lib_MathDouble.c,1204 :: 		
0x089A	0x50F3      	MOVF        PRODL, 0, 0
;__Lib_MathDouble.c,1205 :: 		
0x089C	0x260C      	ADDWF       R12, 1, 0
;__Lib_MathDouble.c,1206 :: 		
0x089E	0x50F4      	MOVF        PRODH, 0, 0
;__Lib_MathDouble.c,1207 :: 		
0x08A0	0x2208      	ADDWFC      R8, 1, 0
;__Lib_MathDouble.c,1208 :: 		
0x08A2	0x0E00      	MOVLW       0
;__Lib_MathDouble.c,1209 :: 		
0x08A4	0x2200      	ADDWFC      R0, 1, 0
;__Lib_MathDouble.c,1211 :: 		
0x08A6	0x5002      	MOVF        R2, 0, 0
;__Lib_MathDouble.c,1212 :: 		
0x08A8	0x0204      	MULWF       R4, 0
;__Lib_MathDouble.c,1213 :: 		
0x08AA	0x50F3      	MOVF        PRODL, 0, 0
;__Lib_MathDouble.c,1214 :: 		
0x08AC	0x2608      	ADDWF       R8, 1, 0
;__Lib_MathDouble.c,1215 :: 		
0x08AE	0x50F4      	MOVF        PRODH, 0, 0
;__Lib_MathDouble.c,1216 :: 		
0x08B0	0x2200      	ADDWFC      R0, 1, 0
;__Lib_MathDouble.c,1217 :: 		
0x08B2	0x5002      	MOVF        R2, 0, 0
;__Lib_MathDouble.c,1218 :: 		
0x08B4	0x0205      	MULWF       R5, 0
;__Lib_MathDouble.c,1219 :: 		
0x08B6	0x6A01      	CLRF        R1, 0
;__Lib_MathDouble.c,1220 :: 		
0x08B8	0x0E00      	MOVLW       0
;__Lib_MathDouble.c,1221 :: 		
0x08BA	0x2201      	ADDWFC      R1, 1, 0
;__Lib_MathDouble.c,1222 :: 		
0x08BC	0x50F3      	MOVF        PRODL, 0, 0
;__Lib_MathDouble.c,1223 :: 		
0x08BE	0x2600      	ADDWF       R0, 1, 0
;__Lib_MathDouble.c,1224 :: 		
0x08C0	0x50F4      	MOVF        PRODH, 0, 0
;__Lib_MathDouble.c,1225 :: 		
0x08C2	0x2201      	ADDWFC      R1, 1, 0
;__Lib_MathDouble.c,1227 :: 		
0x08C4	0x500D      	MOVF        R13, 0, 0
;__Lib_MathDouble.c,1228 :: 		
0x08C6	0x0206      	MULWF       R6, 0
;__Lib_MathDouble.c,1229 :: 		
0x08C8	0x50F3      	MOVF        PRODL, 0, 0
;__Lib_MathDouble.c,1230 :: 		
0x08CA	0x2608      	ADDWF       R8, 1, 0
;__Lib_MathDouble.c,1231 :: 		
0x08CC	0x50F4      	MOVF        PRODH, 0, 0
;__Lib_MathDouble.c,1232 :: 		
0x08CE	0x2200      	ADDWFC      R0, 1, 0
;__Lib_MathDouble.c,1233 :: 		
0x08D0	0x6A02      	CLRF        R2, 0
;__Lib_MathDouble.c,1234 :: 		
0x08D2	0x0E00      	MOVLW       0
;__Lib_MathDouble.c,1235 :: 		
0x08D4	0x2201      	ADDWFC      R1, 1, 0
;__Lib_MathDouble.c,1236 :: 		
0x08D6	0x2202      	ADDWFC      R2, 1, 0
;__Lib_MathDouble.c,1238 :: 		
0x08D8	0x500B      	MOVF        R11, 0, 0
;__Lib_MathDouble.c,1239 :: 		
0x08DA	0x0206      	MULWF       R6, 0
;__Lib_MathDouble.c,1240 :: 		
0x08DC	0x50F3      	MOVF        PRODL, 0, 0
;__Lib_MathDouble.c,1241 :: 		
0x08DE	0x2600      	ADDWF       R0, 1, 0
;__Lib_MathDouble.c,1242 :: 		
0x08E0	0x50F4      	MOVF        PRODH, 0, 0
;__Lib_MathDouble.c,1243 :: 		
0x08E2	0x2201      	ADDWFC      R1, 1, 0
;__Lib_MathDouble.c,1244 :: 		
0x08E4	0x0E00      	MOVLW       0
;__Lib_MathDouble.c,1245 :: 		
0x08E6	0x2202      	ADDWFC      R2, 1, 0
;__Lib_MathDouble.c,1247 :: 		
0x08E8	0x500E      	MOVF        R14, 0, 0
;__Lib_MathDouble.c,1248 :: 		
0x08EA	0x0206      	MULWF       R6, 0
;__Lib_MathDouble.c,1249 :: 		
0x08EC	0x50F3      	MOVF        PRODL, 0, 0
;__Lib_MathDouble.c,1250 :: 		
0x08EE	0x2601      	ADDWF       R1, 1, 0
;__Lib_MathDouble.c,1251 :: 		
0x08F0	0x50F4      	MOVF        PRODH, 0, 0
;__Lib_MathDouble.c,1252 :: 		
0x08F2	0x2202      	ADDWFC      R2, 1, 0
;__Lib_MathDouble.c,1254 :: 		
0x08F4	0xBE02      	BTFSC       R2, 7, 0
;__Lib_MathDouble.c,1255 :: 		
0x08F6	0xF004EF85  	GOTO        MROUND32
;__Lib_MathDouble.c,1256 :: 		
0x08FA	0x3608      	RLCF        R8, 1, 0
;__Lib_MathDouble.c,1257 :: 		
0x08FC	0x3600      	RLCF        R0, 1, 0
;__Lib_MathDouble.c,1258 :: 		
0x08FE	0x3601      	RLCF        R1, 1, 0
;__Lib_MathDouble.c,1259 :: 		
0x0900	0x3602      	RLCF        R2, 1, 0
;__Lib_MathDouble.c,1260 :: 		
0x0902	0x0603      	DECF        R3, 1, 0
;__Lib_MathDouble.c,1261 :: 		
0x0904	0xB4D8      	BTFSC       STATUS, 2, 0
;__Lib_MathDouble.c,1262 :: 		
0x0906	0xF004EFA6  	GOTO        MULJPSETFUN32
;__Lib_MathDouble.c,1264 :: 		
MROUND32:
;__Lib_MathDouble.c,1267 :: 		
0x090A	0xF004EF98  	GOTO        MUL32OK
;__Lib_MathDouble.c,1268 :: 		
0x090E	0x80D8      	BSF         STATUS, 0, 0
;__Lib_MathDouble.c,1269 :: 		
0x0910	0x0E80      	MOVLW       128
;__Lib_MathDouble.c,1270 :: 		
0x0912	0x6408      	CPFSGT      R8, 0
;__Lib_MathDouble.c,1271 :: 		
0x0914	0x3000      	RRCF        R0, 0, 0
;__Lib_MathDouble.c,1272 :: 		
0x0916	0x0E00      	MOVLW       0
;__Lib_MathDouble.c,1273 :: 		
0x0918	0x2200      	ADDWFC      R0, 1, 0
;__Lib_MathDouble.c,1274 :: 		
0x091A	0x2201      	ADDWFC      R1, 1, 0
;__Lib_MathDouble.c,1275 :: 		
0x091C	0x2202      	ADDWFC      R2, 1, 0
;__Lib_MathDouble.c,1277 :: 		
0x091E	0xA0D8      	BTFSS       STATUS, 0, 0
;__Lib_MathDouble.c,1278 :: 		
0x0920	0xF004EF98  	GOTO        MUL32OK
;__Lib_MathDouble.c,1279 :: 		
0x0924	0x3202      	RRCF        R2, 1, 0
;__Lib_MathDouble.c,1280 :: 		
0x0926	0x3201      	RRCF        R1, 1, 0
;__Lib_MathDouble.c,1281 :: 		
0x0928	0x3200      	RRCF        R0, 1, 0
;__Lib_MathDouble.c,1282 :: 		
0x092A	0x4A03      	INFSNZ      R3, 1, 0
;__Lib_MathDouble.c,1283 :: 		
0x092C	0xF004EFA1  	GOTO        MULJPSETFOV32
;__Lib_MathDouble.c,1285 :: 		
MUL32OK:
;__Lib_MathDouble.c,1286 :: 		
0x0930	0xAE0A      	BTFSS       R10, 7, 0
;__Lib_MathDouble.c,1287 :: 		
0x0932	0x9E02      	BCF         R2, 7, 0
;__Lib_MathDouble.c,1289 :: 		
0x0934	0x0E00      	MOVLW       0
;__Lib_MathDouble.c,1290 :: 		
0x0936	0xF004EFA9  	GOTO        MULEEE
;__Lib_MathDouble.c,1291 :: 		
MULJPRES032:
;__Lib_MathDouble.c,1292 :: 		
0x093A	0x0E01      	MOVLW       1
;__Lib_MathDouble.c,1295 :: 		
0x093C	0xDC13      	RCALL       _RES032
;__Lib_MathDouble.c,1297 :: 		
0x093E	0xF004EFA9  	GOTO        MULEEE
;__Lib_MathDouble.c,1298 :: 		
MULJPSETFOV32:
;__Lib_MathDouble.c,1299 :: 		
0x0942	0x0E02      	MOVLW       2
;__Lib_MathDouble.c,1302 :: 		
0x0944	0xF000EC95  	CALL        _SETFOV32, 0
;__Lib_MathDouble.c,1304 :: 		
0x0948	0xF004EFA9  	GOTO        MULEEE
;__Lib_MathDouble.c,1305 :: 		
MULJPSETFUN32:
;__Lib_MathDouble.c,1306 :: 		
0x094C	0x0E04      	MOVLW       4
;__Lib_MathDouble.c,1309 :: 		
0x094E	0xF000ECA5  	CALL        _SETFUN32, 0
;__Lib_MathDouble.c,1311 :: 		
MULEEE:
;__Lib_MathDouble.c,1318 :: 		
L_end_Mul_32x32_FP:
0x0952	0x0012      	RETURN      0
; end of _Mul_32x32_FP
_Div_16x16_S_L:
;__Lib_Math.c,139 :: 		
;__Lib_Math.c,146 :: 		
0x0954	0x3401      	RLCF        R1, 0, 0
;__Lib_Math.c,147 :: 		
0x0956	0x3608      	RLCF        R8, 1, 0
;__Lib_Math.c,148 :: 		
0x0958	0x3609      	RLCF        R9, 1, 0
;__Lib_Math.c,149 :: 		
0x095A	0x5004      	MOVF        R4, 0, 0
;__Lib_Math.c,150 :: 		
0x095C	0x5E08      	SUBWF       R8, 1, 0
;__Lib_Math.c,151 :: 		
0x095E	0x5005      	MOVF        R5, 0, 0
;__Lib_Math.c,152 :: 		
0x0960	0xA0D8      	BTFSS       STATUS, 0, 0
;__Lib_Math.c,153 :: 		
0x0962	0x3C05      	INCFSZ      R5, 0, 0
;__Lib_Math.c,154 :: 		
0x0964	0x5E09      	SUBWF       R9, 1, 0
;__Lib_Math.c,155 :: 		
0x0966	0x3600      	RLCF        R0, 1, 0
;__Lib_Math.c,156 :: 		
0x0968	0x3601      	RLCF        R1, 1, 0
;__Lib_Math.c,158 :: 		
0x096A	0x0E0F      	MOVLW       15
;__Lib_Math.c,159 :: 		
0x096C	0x6E0C      	MOVWF       R12, 0
;__Lib_Math.c,161 :: 		
0x096E	0x3401      	RLCF        R1, 0, 0
;__Lib_Math.c,162 :: 		
0x0970	0x3608      	RLCF        R8, 1, 0
;__Lib_Math.c,163 :: 		
0x0972	0x3609      	RLCF        R9, 1, 0
;__Lib_Math.c,164 :: 		
0x0974	0x5004      	MOVF        R4, 0, 0
;__Lib_Math.c,166 :: 		
0x0976	0xA000      	BTFSS       R0, 0, 0
;__Lib_Math.c,167 :: 		
0x0978	0xD006      	BRA         $+14
;__Lib_Math.c,168 :: 		
0x097A	0x5E08      	SUBWF       R8, 1, 0
;__Lib_Math.c,169 :: 		
0x097C	0x5005      	MOVF        R5, 0, 0
;__Lib_Math.c,170 :: 		
0x097E	0xA0D8      	BTFSS       STATUS, 0, 0
;__Lib_Math.c,171 :: 		
0x0980	0x3C05      	INCFSZ      R5, 0, 0
;__Lib_Math.c,172 :: 		
0x0982	0x5E09      	SUBWF       R9, 1, 0
;__Lib_Math.c,173 :: 		
0x0984	0xD005      	BRA         $+12
;__Lib_Math.c,175 :: 		
0x0986	0x2608      	ADDWF       R8, 1, 0
;__Lib_Math.c,176 :: 		
0x0988	0x5005      	MOVF        R5, 0, 0
;__Lib_Math.c,177 :: 		
0x098A	0xB0D8      	BTFSC       STATUS, 0, 0
;__Lib_Math.c,178 :: 		
0x098C	0x3C05      	INCFSZ      R5, 0, 0
;__Lib_Math.c,179 :: 		
0x098E	0x2609      	ADDWF       R9, 1, 0
;__Lib_Math.c,181 :: 		
0x0990	0x3600      	RLCF        R0, 1, 0
;__Lib_Math.c,182 :: 		
0x0992	0x3601      	RLCF        R1, 1, 0
;__Lib_Math.c,184 :: 		
0x0994	0x2E0C      	DECFSZ      R12, 1, 0
;__Lib_Math.c,185 :: 		
0x0996	0xD7EB      	BRA         $-40
;__Lib_Math.c,187 :: 		
0x0998	0xB000      	BTFSC       R0, 0, 0
;__Lib_Math.c,188 :: 		
0x099A	0xD006      	BRA         $+14
;__Lib_Math.c,189 :: 		
0x099C	0x5004      	MOVF        R4, 0, 0
;__Lib_Math.c,190 :: 		
0x099E	0x2608      	ADDWF       R8, 1, 0
;__Lib_Math.c,191 :: 		
0x09A0	0x5005      	MOVF        R5, 0, 0
;__Lib_Math.c,192 :: 		
0x09A2	0xB0D8      	BTFSC       STATUS, 0, 0
;__Lib_Math.c,193 :: 		
0x09A4	0x3C05      	INCFSZ      R5, 0, 0
;__Lib_Math.c,194 :: 		
0x09A6	0x2609      	ADDWF       R9, 1, 0
;__Lib_Math.c,195 :: 		
0x09A8	0x0000      	NOP
;__Lib_Math.c,197 :: 		
L_end_Div_16x16_S_L:
0x09AA	0x0012      	RETURN      0
; end of _Div_16x16_S_L
_UART1_Write:
;__Lib_UART_c67.c,58 :: 		
;__Lib_UART_c67.c,59 :: 		
L_UART1_Write3:
0x09AC	0xB2AC      	BTFSC       TXSTA, 1 
0x09AE	0xD002      	BRA         L_UART1_Write4
;__Lib_UART_c67.c,60 :: 		
0x09B0	0x0000      	NOP
0x09B2	0xD7FC      	BRA         L_UART1_Write3
L_UART1_Write4:
;__Lib_UART_c67.c,61 :: 		
0x09B4	0xFFADC10F  	MOVFF       FARG_UART1_Write_data_, TXREG
;__Lib_UART_c67.c,62 :: 		
L_end_UART1_Write:
0x09B8	0x0012      	RETURN      0
; end of _UART1_Write
_SETFDZ32:
;__Lib_MathDouble.c,106 :: 		
;__Lib_MathDouble.c,110 :: 		
0x09BA	0x6A0B      	CLRF        R11, 0
;__Lib_MathDouble.c,111 :: 		
0x09BC	0x860B      	BSF         R11, 3, 0
;__Lib_MathDouble.c,112 :: 		
0x09BE	0x0EFF      	MOVLW       255
;__Lib_MathDouble.c,114 :: 		
L_end_SETFDZ32:
0x09C0	0x0012      	RETURN      0
; end of _SETFDZ32
_SETIOV3224:
;__Lib_MathDouble.c,530 :: 		
;__Lib_MathDouble.c,537 :: 		
0x09C2	0x800B      	BSF         R11, 0, 0
;__Lib_MathDouble.c,538 :: 		
0x09C4	0xAE0B      	BTFSS       R11, 7, 0
;__Lib_MathDouble.c,539 :: 		
0x09C6	0xF004EFED  	GOTO        SETIOV3224EEE
;__Lib_MathDouble.c,541 :: 		
0x09CA	0x6A02      	CLRF        R2, 0
;__Lib_MathDouble.c,542 :: 		
0x09CC	0xAE0A      	BTFSS       R10, 7, 0
;__Lib_MathDouble.c,543 :: 		
0x09CE	0x0EFF      	MOVLW       255
;__Lib_MathDouble.c,544 :: 		
0x09D0	0x6E02      	MOVWF       R2, 0
;__Lib_MathDouble.c,545 :: 		
0x09D2	0x6E01      	MOVWF       R1, 0
;__Lib_MathDouble.c,546 :: 		
0x09D4	0x6E00      	MOVWF       R0, 0
;__Lib_MathDouble.c,547 :: 		
0x09D6	0x360A      	RLCF        R10, 1, 0
;__Lib_MathDouble.c,548 :: 		
0x09D8	0x3202      	RRCF        R2, 1, 0
;__Lib_MathDouble.c,549 :: 		
SETIOV3224EEE:
;__Lib_MathDouble.c,550 :: 		
0x09DA	0x0EFF      	MOVLW       255
;__Lib_MathDouble.c,552 :: 		
L_end_SETIOV3224:
0x09DC	0x0012      	RETURN      0
; end of _SETIOV3224
_Div_32x32_U:
;__Lib_Math.c,1162 :: 		
;__Lib_Math.c,1173 :: 		
0x09DE	0x6A0B      	CLRF        R11, 0
;__Lib_Math.c,1174 :: 		
0x09E0	0x6A0A      	CLRF        R10, 0
;__Lib_Math.c,1175 :: 		
0x09E2	0x6A09      	CLRF        R9, 0
;__Lib_Math.c,1176 :: 		
0x09E4	0x6A08      	CLRF        R8, 0
;__Lib_Math.c,1178 :: 		
0x09E6	0x6A0E      	CLRF        R14, 0
;__Lib_Math.c,1180 :: 		
0x09E8	0x3403      	RLCF        R3, 0, 0
;__Lib_Math.c,1181 :: 		
0x09EA	0x3608      	RLCF        R8, 1, 0
;__Lib_Math.c,1182 :: 		
0x09EC	0x5004      	MOVF        R4, 0, 0
;__Lib_Math.c,1183 :: 		
0x09EE	0x5E08      	SUBWF       R8, 1, 0
;__Lib_Math.c,1184 :: 		
0x09F0	0x5005      	MOVF        R5, 0, 0
;__Lib_Math.c,1185 :: 		
0x09F2	0xA0D8      	BTFSS       STATUS, 0, 0
;__Lib_Math.c,1186 :: 		
0x09F4	0x3C05      	INCFSZ      R5, 0, 0
;__Lib_Math.c,1187 :: 		
0x09F6	0x5E09      	SUBWF       R9, 1, 0
;__Lib_Math.c,1188 :: 		
0x09F8	0x5006      	MOVF        R6, 0, 0
;__Lib_Math.c,1189 :: 		
0x09FA	0xA0D8      	BTFSS       STATUS, 0, 0
;__Lib_Math.c,1190 :: 		
0x09FC	0x3C06      	INCFSZ      R6, 0, 0
;__Lib_Math.c,1191 :: 		
0x09FE	0x5E0A      	SUBWF       R10, 1, 0
;__Lib_Math.c,1192 :: 		
0x0A00	0x5007      	MOVF        R7, 0, 0
;__Lib_Math.c,1193 :: 		
0x0A02	0xA0D8      	BTFSS       STATUS, 0, 0
;__Lib_Math.c,1194 :: 		
0x0A04	0x3C07      	INCFSZ      R7, 0, 0
;__Lib_Math.c,1195 :: 		
0x0A06	0x5E0B      	SUBWF       R11, 1, 0
;__Lib_Math.c,1197 :: 		
0x0A08	0x6AE8      	CLRF        WREG, 0
;__Lib_Math.c,1198 :: 		
0x0A0A	0xA0D8      	BTFSS       STATUS, 0, 0
;__Lib_Math.c,1199 :: 		
0x0A0C	0x0E01      	MOVLW       1
;__Lib_Math.c,1200 :: 		
0x0A0E	0x5E0E      	SUBWF       R14, 1, 0
;__Lib_Math.c,1201 :: 		
0x0A10	0x3603      	RLCF        R3, 1, 0
;__Lib_Math.c,1203 :: 		
0x0A12	0x0E07      	MOVLW       7
;__Lib_Math.c,1204 :: 		
0x0A14	0x6E0C      	MOVWF       R12, 0
;__Lib_Math.c,1206 :: 		
LOOPU3232A:
;__Lib_Math.c,1207 :: 		
0x0A16	0x3403      	RLCF        R3, 0, 0
;__Lib_Math.c,1208 :: 		
0x0A18	0x3608      	RLCF        R8, 1, 0
;__Lib_Math.c,1209 :: 		
0x0A1A	0x3609      	RLCF        R9, 1, 0
;__Lib_Math.c,1210 :: 		
0x0A1C	0x360A      	RLCF        R10, 1, 0
;__Lib_Math.c,1211 :: 		
0x0A1E	0x360B      	RLCF        R11, 1, 0
;__Lib_Math.c,1212 :: 		
0x0A20	0x360E      	RLCF        R14, 1, 0
;__Lib_Math.c,1213 :: 		
0x0A22	0x5004      	MOVF        R4, 0, 0
;__Lib_Math.c,1214 :: 		
0x0A24	0xA003      	BTFSS       R3, 0, 0
;__Lib_Math.c,1215 :: 		
0x0A26	0xD012      	BRA         UADD22LA
;__Lib_Math.c,1217 :: 		
0x0A28	0x5E08      	SUBWF       R8, 1, 0
;__Lib_Math.c,1218 :: 		
0x0A2A	0x5005      	MOVF        R5, 0, 0
;__Lib_Math.c,1219 :: 		
0x0A2C	0xA0D8      	BTFSS       STATUS, 0, 0
;__Lib_Math.c,1220 :: 		
0x0A2E	0x3C05      	INCFSZ      R5, 0, 0
;__Lib_Math.c,1221 :: 		
0x0A30	0x5E09      	SUBWF       R9, 1, 0
;__Lib_Math.c,1222 :: 		
0x0A32	0x5006      	MOVF        R6, 0, 0
;__Lib_Math.c,1223 :: 		
0x0A34	0xA0D8      	BTFSS       STATUS, 0, 0
;__Lib_Math.c,1224 :: 		
0x0A36	0x3C06      	INCFSZ      R6, 0, 0
;__Lib_Math.c,1225 :: 		
0x0A38	0x5E0A      	SUBWF       R10, 1, 0
;__Lib_Math.c,1226 :: 		
0x0A3A	0x5007      	MOVF        R7, 0, 0
;__Lib_Math.c,1227 :: 		
0x0A3C	0xA0D8      	BTFSS       STATUS, 0, 0
;__Lib_Math.c,1228 :: 		
0x0A3E	0x3C07      	INCFSZ      R7, 0, 0
;__Lib_Math.c,1229 :: 		
0x0A40	0x5E0B      	SUBWF       R11, 1, 0
;__Lib_Math.c,1230 :: 		
0x0A42	0x6AE8      	CLRF        WREG, 0
;__Lib_Math.c,1231 :: 		
0x0A44	0xA0D8      	BTFSS       STATUS, 0, 0
;__Lib_Math.c,1232 :: 		
0x0A46	0x0E01      	MOVLW       1
;__Lib_Math.c,1233 :: 		
0x0A48	0x5E0E      	SUBWF       R14, 1, 0
;__Lib_Math.c,1234 :: 		
0x0A4A	0xD011      	BRA         UOK22LA
;__Lib_Math.c,1236 :: 		
UADD22LA:
;__Lib_Math.c,1237 :: 		
0x0A4C	0x2608      	ADDWF       R8, 1, 0
;__Lib_Math.c,1238 :: 		
0x0A4E	0x5005      	MOVF        R5, 0, 0
;__Lib_Math.c,1239 :: 		
0x0A50	0xB0D8      	BTFSC       STATUS, 0, 0
;__Lib_Math.c,1240 :: 		
0x0A52	0x3C05      	INCFSZ      R5, 0, 0
;__Lib_Math.c,1241 :: 		
0x0A54	0x2609      	ADDWF       R9, 1, 0
;__Lib_Math.c,1242 :: 		
0x0A56	0x5006      	MOVF        R6, 0, 0
;__Lib_Math.c,1243 :: 		
0x0A58	0xB0D8      	BTFSC       STATUS, 0, 0
;__Lib_Math.c,1244 :: 		
0x0A5A	0x3C06      	INCFSZ      R6, 0, 0
;__Lib_Math.c,1245 :: 		
0x0A5C	0x260A      	ADDWF       R10, 1, 0
;__Lib_Math.c,1246 :: 		
0x0A5E	0x5007      	MOVF        R7, 0, 0
;__Lib_Math.c,1247 :: 		
0x0A60	0xB0D8      	BTFSC       STATUS, 0, 0
;__Lib_Math.c,1248 :: 		
0x0A62	0x3C07      	INCFSZ      R7, 0, 0
;__Lib_Math.c,1249 :: 		
0x0A64	0x260B      	ADDWF       R11, 1, 0
;__Lib_Math.c,1250 :: 		
0x0A66	0x6AE8      	CLRF        WREG, 0
;__Lib_Math.c,1251 :: 		
0x0A68	0xB0D8      	BTFSC       STATUS, 0, 0
;__Lib_Math.c,1252 :: 		
0x0A6A	0x0E01      	MOVLW       1
;__Lib_Math.c,1253 :: 		
0x0A6C	0x260E      	ADDWF       R14, 1, 0
;__Lib_Math.c,1255 :: 		
UOK22LA:
;__Lib_Math.c,1256 :: 		
0x0A6E	0x3603      	RLCF        R3, 1, 0
;__Lib_Math.c,1258 :: 		
0x0A70	0x2E0C      	DECFSZ      R12, 1, 0
;__Lib_Math.c,1259 :: 		
0x0A72	0xD7D1      	BRA         LOOPU3232A
;__Lib_Math.c,1261 :: 		
0x0A74	0x3402      	RLCF        R2, 0, 0
;__Lib_Math.c,1262 :: 		
0x0A76	0x3608      	RLCF        R8, 1, 0
;__Lib_Math.c,1263 :: 		
0x0A78	0x3609      	RLCF        R9, 1, 0
;__Lib_Math.c,1264 :: 		
0x0A7A	0x360A      	RLCF        R10, 1, 0
;__Lib_Math.c,1265 :: 		
0x0A7C	0x360B      	RLCF        R11, 1, 0
;__Lib_Math.c,1266 :: 		
0x0A7E	0x360E      	RLCF        R14, 1, 0
;__Lib_Math.c,1267 :: 		
0x0A80	0x5004      	MOVF        R4, 0, 0
;__Lib_Math.c,1268 :: 		
0x0A82	0xA003      	BTFSS       R3, 0, 0
;__Lib_Math.c,1269 :: 		
0x0A84	0xD012      	BRA         UADD22L8
;__Lib_Math.c,1271 :: 		
0x0A86	0x5E08      	SUBWF       R8, 1, 0
;__Lib_Math.c,1272 :: 		
0x0A88	0x5005      	MOVF        R5, 0, 0
;__Lib_Math.c,1273 :: 		
0x0A8A	0xA0D8      	BTFSS       STATUS, 0, 0
;__Lib_Math.c,1274 :: 		
0x0A8C	0x3C05      	INCFSZ      R5, 0, 0
;__Lib_Math.c,1275 :: 		
0x0A8E	0x5E09      	SUBWF       R9, 1, 0
;__Lib_Math.c,1276 :: 		
0x0A90	0x5006      	MOVF        R6, 0, 0
;__Lib_Math.c,1277 :: 		
0x0A92	0xA0D8      	BTFSS       STATUS, 0, 0
;__Lib_Math.c,1278 :: 		
0x0A94	0x3C06      	INCFSZ      R6, 0, 0
;__Lib_Math.c,1279 :: 		
0x0A96	0x5E0A      	SUBWF       R10, 1, 0
;__Lib_Math.c,1280 :: 		
0x0A98	0x5007      	MOVF        R7, 0, 0
;__Lib_Math.c,1281 :: 		
0x0A9A	0xA0D8      	BTFSS       STATUS, 0, 0
;__Lib_Math.c,1282 :: 		
0x0A9C	0x3C07      	INCFSZ      R7, 0, 0
;__Lib_Math.c,1283 :: 		
0x0A9E	0x5E0B      	SUBWF       R11, 1, 0
;__Lib_Math.c,1284 :: 		
0x0AA0	0x6AE8      	CLRF        WREG, 0
;__Lib_Math.c,1285 :: 		
0x0AA2	0xA0D8      	BTFSS       STATUS, 0, 0
;__Lib_Math.c,1286 :: 		
0x0AA4	0x0E01      	MOVLW       1
;__Lib_Math.c,1287 :: 		
0x0AA6	0x5E0E      	SUBWF       R14, 1, 0
;__Lib_Math.c,1288 :: 		
0x0AA8	0xD011      	BRA         UOK22L8
;__Lib_Math.c,1290 :: 		
UADD22L8:
;__Lib_Math.c,1291 :: 		
0x0AAA	0x2608      	ADDWF       R8, 1, 0
;__Lib_Math.c,1292 :: 		
0x0AAC	0x5005      	MOVF        R5, 0, 0
;__Lib_Math.c,1293 :: 		
0x0AAE	0xB0D8      	BTFSC       STATUS, 0, 0
;__Lib_Math.c,1294 :: 		
0x0AB0	0x3C05      	INCFSZ      R5, 0, 0
;__Lib_Math.c,1295 :: 		
0x0AB2	0x2609      	ADDWF       R9, 1, 0
;__Lib_Math.c,1296 :: 		
0x0AB4	0x5006      	MOVF        R6, 0, 0
;__Lib_Math.c,1297 :: 		
0x0AB6	0xB0D8      	BTFSC       STATUS, 0, 0
;__Lib_Math.c,1298 :: 		
0x0AB8	0x3C06      	INCFSZ      R6, 0, 0
;__Lib_Math.c,1299 :: 		
0x0ABA	0x260A      	ADDWF       R10, 1, 0
;__Lib_Math.c,1300 :: 		
0x0ABC	0x5007      	MOVF        R7, 0, 0
;__Lib_Math.c,1301 :: 		
0x0ABE	0xB0D8      	BTFSC       STATUS, 0, 0
;__Lib_Math.c,1302 :: 		
0x0AC0	0x3C07      	INCFSZ      R7, 0, 0
;__Lib_Math.c,1303 :: 		
0x0AC2	0x260B      	ADDWF       R11, 1, 0
;__Lib_Math.c,1304 :: 		
0x0AC4	0x6AE8      	CLRF        WREG, 0
;__Lib_Math.c,1305 :: 		
0x0AC6	0xB0D8      	BTFSC       STATUS, 0, 0
;__Lib_Math.c,1306 :: 		
0x0AC8	0x0E01      	MOVLW       1
;__Lib_Math.c,1307 :: 		
0x0ACA	0x260E      	ADDWF       R14, 1, 0
;__Lib_Math.c,1309 :: 		
UOK22L8:
;__Lib_Math.c,1310 :: 		
0x0ACC	0x3602      	RLCF        R2, 1, 0
;__Lib_Math.c,1312 :: 		
0x0ACE	0x0E07      	MOVLW       7
;__Lib_Math.c,1313 :: 		
0x0AD0	0x6E0C      	MOVWF       R12, 0
;__Lib_Math.c,1315 :: 		
LOOPU3232B:
;__Lib_Math.c,1316 :: 		
0x0AD2	0x3402      	RLCF        R2, 0, 0
;__Lib_Math.c,1317 :: 		
0x0AD4	0x3608      	RLCF        R8, 1, 0
;__Lib_Math.c,1318 :: 		
0x0AD6	0x3609      	RLCF        R9, 1, 0
;__Lib_Math.c,1319 :: 		
0x0AD8	0x360A      	RLCF        R10, 1, 0
;__Lib_Math.c,1320 :: 		
0x0ADA	0x360B      	RLCF        R11, 1, 0
;__Lib_Math.c,1321 :: 		
0x0ADC	0x360E      	RLCF        R14, 1, 0
;__Lib_Math.c,1322 :: 		
0x0ADE	0x5004      	MOVF        R4, 0, 0
;__Lib_Math.c,1323 :: 		
0x0AE0	0xA002      	BTFSS       R2, 0, 0
;__Lib_Math.c,1324 :: 		
0x0AE2	0xD012      	BRA         UADD22LB
;__Lib_Math.c,1326 :: 		
0x0AE4	0x5E08      	SUBWF       R8, 1, 0
;__Lib_Math.c,1327 :: 		
0x0AE6	0x5005      	MOVF        R5, 0, 0
;__Lib_Math.c,1328 :: 		
0x0AE8	0xA0D8      	BTFSS       STATUS, 0, 0
;__Lib_Math.c,1329 :: 		
0x0AEA	0x3C05      	INCFSZ      R5, 0, 0
;__Lib_Math.c,1330 :: 		
0x0AEC	0x5E09      	SUBWF       R9, 1, 0
;__Lib_Math.c,1331 :: 		
0x0AEE	0x5006      	MOVF        R6, 0, 0
;__Lib_Math.c,1332 :: 		
0x0AF0	0xA0D8      	BTFSS       STATUS, 0, 0
;__Lib_Math.c,1333 :: 		
0x0AF2	0x3C06      	INCFSZ      R6, 0, 0
;__Lib_Math.c,1334 :: 		
0x0AF4	0x5E0A      	SUBWF       R10, 1, 0
;__Lib_Math.c,1335 :: 		
0x0AF6	0x5007      	MOVF        R7, 0, 0
;__Lib_Math.c,1336 :: 		
0x0AF8	0xA0D8      	BTFSS       STATUS, 0, 0
;__Lib_Math.c,1337 :: 		
0x0AFA	0x3C07      	INCFSZ      R7, 0, 0
;__Lib_Math.c,1338 :: 		
0x0AFC	0x5E0B      	SUBWF       R11, 1, 0
;__Lib_Math.c,1339 :: 		
0x0AFE	0x6AE8      	CLRF        WREG, 0
;__Lib_Math.c,1340 :: 		
0x0B00	0xA0D8      	BTFSS       STATUS, 0, 0
;__Lib_Math.c,1341 :: 		
0x0B02	0x0E01      	MOVLW       1
;__Lib_Math.c,1342 :: 		
0x0B04	0x5E0E      	SUBWF       R14, 1, 0
;__Lib_Math.c,1343 :: 		
0x0B06	0xD011      	BRA         UOK22LB
;__Lib_Math.c,1345 :: 		
UADD22LB:
;__Lib_Math.c,1346 :: 		
0x0B08	0x2608      	ADDWF       R8, 1, 0
;__Lib_Math.c,1347 :: 		
0x0B0A	0x5005      	MOVF        R5, 0, 0
;__Lib_Math.c,1348 :: 		
0x0B0C	0xB0D8      	BTFSC       STATUS, 0, 0
;__Lib_Math.c,1349 :: 		
0x0B0E	0x3C05      	INCFSZ      R5, 0, 0
;__Lib_Math.c,1350 :: 		
0x0B10	0x2609      	ADDWF       R9, 1, 0
;__Lib_Math.c,1351 :: 		
0x0B12	0x5006      	MOVF        R6, 0, 0
;__Lib_Math.c,1352 :: 		
0x0B14	0xB0D8      	BTFSC       STATUS, 0, 0
;__Lib_Math.c,1353 :: 		
0x0B16	0x3C06      	INCFSZ      R6, 0, 0
;__Lib_Math.c,1354 :: 		
0x0B18	0x260A      	ADDWF       R10, 1, 0
;__Lib_Math.c,1355 :: 		
0x0B1A	0x5007      	MOVF        R7, 0, 0
;__Lib_Math.c,1356 :: 		
0x0B1C	0xB0D8      	BTFSC       STATUS, 0, 0
;__Lib_Math.c,1357 :: 		
0x0B1E	0x3C07      	INCFSZ      R7, 0, 0
;__Lib_Math.c,1358 :: 		
0x0B20	0x260B      	ADDWF       R11, 1, 0
;__Lib_Math.c,1359 :: 		
0x0B22	0x6AE8      	CLRF        WREG, 0
;__Lib_Math.c,1360 :: 		
0x0B24	0xB0D8      	BTFSC       STATUS, 0, 0
;__Lib_Math.c,1361 :: 		
0x0B26	0x0E01      	MOVLW       1
;__Lib_Math.c,1362 :: 		
0x0B28	0x260E      	ADDWF       R14, 1, 0
;__Lib_Math.c,1364 :: 		
UOK22LB:
;__Lib_Math.c,1365 :: 		
0x0B2A	0x3602      	RLCF        R2, 1, 0
;__Lib_Math.c,1367 :: 		
0x0B2C	0x2E0C      	DECFSZ      R12, 1, 0
;__Lib_Math.c,1368 :: 		
0x0B2E	0xD7D1      	BRA         LOOPU3232B
;__Lib_Math.c,1370 :: 		
0x0B30	0x3401      	RLCF        R1, 0, 0
;__Lib_Math.c,1371 :: 		
0x0B32	0x3608      	RLCF        R8, 1, 0
;__Lib_Math.c,1372 :: 		
0x0B34	0x3609      	RLCF        R9, 1, 0
;__Lib_Math.c,1373 :: 		
0x0B36	0x360A      	RLCF        R10, 1, 0
;__Lib_Math.c,1374 :: 		
0x0B38	0x360B      	RLCF        R11, 1, 0
;__Lib_Math.c,1375 :: 		
0x0B3A	0x360E      	RLCF        R14, 1, 0
;__Lib_Math.c,1376 :: 		
0x0B3C	0x5004      	MOVF        R4, 0, 0
;__Lib_Math.c,1377 :: 		
0x0B3E	0xA002      	BTFSS       R2, 0, 0
;__Lib_Math.c,1378 :: 		
0x0B40	0xD012      	BRA         UADD22L16
;__Lib_Math.c,1380 :: 		
0x0B42	0x5E08      	SUBWF       R8, 1, 0
;__Lib_Math.c,1381 :: 		
0x0B44	0x5005      	MOVF        R5, 0, 0
;__Lib_Math.c,1382 :: 		
0x0B46	0xA0D8      	BTFSS       STATUS, 0, 0
;__Lib_Math.c,1383 :: 		
0x0B48	0x3C05      	INCFSZ      R5, 0, 0
;__Lib_Math.c,1384 :: 		
0x0B4A	0x5E09      	SUBWF       R9, 1, 0
;__Lib_Math.c,1385 :: 		
0x0B4C	0x5006      	MOVF        R6, 0, 0
;__Lib_Math.c,1386 :: 		
0x0B4E	0xA0D8      	BTFSS       STATUS, 0, 0
;__Lib_Math.c,1387 :: 		
0x0B50	0x3C06      	INCFSZ      R6, 0, 0
;__Lib_Math.c,1388 :: 		
0x0B52	0x5E0A      	SUBWF       R10, 1, 0
;__Lib_Math.c,1389 :: 		
0x0B54	0x5007      	MOVF        R7, 0, 0
;__Lib_Math.c,1390 :: 		
0x0B56	0xA0D8      	BTFSS       STATUS, 0, 0
;__Lib_Math.c,1391 :: 		
0x0B58	0x3C07      	INCFSZ      R7, 0, 0
;__Lib_Math.c,1392 :: 		
0x0B5A	0x5E0B      	SUBWF       R11, 1, 0
;__Lib_Math.c,1393 :: 		
0x0B5C	0x6AE8      	CLRF        WREG, 0
;__Lib_Math.c,1394 :: 		
0x0B5E	0xA0D8      	BTFSS       STATUS, 0, 0
;__Lib_Math.c,1395 :: 		
0x0B60	0x0E01      	MOVLW       1
;__Lib_Math.c,1396 :: 		
0x0B62	0x5E0E      	SUBWF       R14, 1, 0
;__Lib_Math.c,1397 :: 		
0x0B64	0xD011      	BRA         UOK22L16
;__Lib_Math.c,1399 :: 		
UADD22L16:
;__Lib_Math.c,1400 :: 		
0x0B66	0x2608      	ADDWF       R8, 1, 0
;__Lib_Math.c,1401 :: 		
0x0B68	0x5005      	MOVF        R5, 0, 0
;__Lib_Math.c,1402 :: 		
0x0B6A	0xB0D8      	BTFSC       STATUS, 0, 0
;__Lib_Math.c,1403 :: 		
0x0B6C	0x3C05      	INCFSZ      R5, 0, 0
;__Lib_Math.c,1404 :: 		
0x0B6E	0x2609      	ADDWF       R9, 1, 0
;__Lib_Math.c,1405 :: 		
0x0B70	0x5006      	MOVF        R6, 0, 0
;__Lib_Math.c,1406 :: 		
0x0B72	0xB0D8      	BTFSC       STATUS, 0, 0
;__Lib_Math.c,1407 :: 		
0x0B74	0x3C06      	INCFSZ      R6, 0, 0
;__Lib_Math.c,1408 :: 		
0x0B76	0x260A      	ADDWF       R10, 1, 0
;__Lib_Math.c,1409 :: 		
0x0B78	0x5007      	MOVF        R7, 0, 0
;__Lib_Math.c,1410 :: 		
0x0B7A	0xB0D8      	BTFSC       STATUS, 0, 0
;__Lib_Math.c,1411 :: 		
0x0B7C	0x3C07      	INCFSZ      R7, 0, 0
;__Lib_Math.c,1412 :: 		
0x0B7E	0x260B      	ADDWF       R11, 1, 0
;__Lib_Math.c,1413 :: 		
0x0B80	0x6AE8      	CLRF        WREG, 0
;__Lib_Math.c,1414 :: 		
0x0B82	0xB0D8      	BTFSC       STATUS, 0, 0
;__Lib_Math.c,1415 :: 		
0x0B84	0x0E01      	MOVLW       1
;__Lib_Math.c,1416 :: 		
0x0B86	0x260E      	ADDWF       R14, 1, 0
;__Lib_Math.c,1418 :: 		
UOK22L16:
;__Lib_Math.c,1419 :: 		
0x0B88	0x3601      	RLCF        R1, 1, 0
;__Lib_Math.c,1421 :: 		
0x0B8A	0x0E07      	MOVLW       7
;__Lib_Math.c,1422 :: 		
0x0B8C	0x6E0C      	MOVWF       R12, 0
;__Lib_Math.c,1424 :: 		
LOOPU3232C:
;__Lib_Math.c,1425 :: 		
0x0B8E	0x3401      	RLCF        R1, 0, 0
;__Lib_Math.c,1426 :: 		
0x0B90	0x3608      	RLCF        R8, 1, 0
;__Lib_Math.c,1427 :: 		
0x0B92	0x3609      	RLCF        R9, 1, 0
;__Lib_Math.c,1428 :: 		
0x0B94	0x360A      	RLCF        R10, 1, 0
;__Lib_Math.c,1429 :: 		
0x0B96	0x360B      	RLCF        R11, 1, 0
;__Lib_Math.c,1430 :: 		
0x0B98	0x360E      	RLCF        R14, 1, 0
;__Lib_Math.c,1431 :: 		
0x0B9A	0x5004      	MOVF        R4, 0, 0
;__Lib_Math.c,1432 :: 		
0x0B9C	0xA001      	BTFSS       R1, 0, 0
;__Lib_Math.c,1433 :: 		
0x0B9E	0xD012      	BRA         UADD22LC
;__Lib_Math.c,1435 :: 		
0x0BA0	0x5E08      	SUBWF       R8, 1, 0
;__Lib_Math.c,1436 :: 		
0x0BA2	0x5005      	MOVF        R5, 0, 0
;__Lib_Math.c,1437 :: 		
0x0BA4	0xA0D8      	BTFSS       STATUS, 0, 0
;__Lib_Math.c,1438 :: 		
0x0BA6	0x3C05      	INCFSZ      R5, 0, 0
;__Lib_Math.c,1439 :: 		
0x0BA8	0x5E09      	SUBWF       R9, 1, 0
;__Lib_Math.c,1440 :: 		
0x0BAA	0x5006      	MOVF        R6, 0, 0
;__Lib_Math.c,1441 :: 		
0x0BAC	0xA0D8      	BTFSS       STATUS, 0, 0
;__Lib_Math.c,1442 :: 		
0x0BAE	0x3C06      	INCFSZ      R6, 0, 0
;__Lib_Math.c,1443 :: 		
0x0BB0	0x5E0A      	SUBWF       R10, 1, 0
;__Lib_Math.c,1444 :: 		
0x0BB2	0x5007      	MOVF        R7, 0, 0
;__Lib_Math.c,1445 :: 		
0x0BB4	0xA0D8      	BTFSS       STATUS, 0, 0
;__Lib_Math.c,1446 :: 		
0x0BB6	0x3C07      	INCFSZ      R7, 0, 0
;__Lib_Math.c,1447 :: 		
0x0BB8	0x5E0B      	SUBWF       R11, 1, 0
;__Lib_Math.c,1448 :: 		
0x0BBA	0x6AE8      	CLRF        WREG, 0
;__Lib_Math.c,1449 :: 		
0x0BBC	0xA0D8      	BTFSS       STATUS, 0, 0
;__Lib_Math.c,1450 :: 		
0x0BBE	0x0E01      	MOVLW       1
;__Lib_Math.c,1451 :: 		
0x0BC0	0x5E0E      	SUBWF       R14, 1, 0
;__Lib_Math.c,1452 :: 		
0x0BC2	0xD011      	BRA         UOK22LC
;__Lib_Math.c,1454 :: 		
UADD22LC:
;__Lib_Math.c,1455 :: 		
0x0BC4	0x2608      	ADDWF       R8, 1, 0
;__Lib_Math.c,1456 :: 		
0x0BC6	0x5005      	MOVF        R5, 0, 0
;__Lib_Math.c,1457 :: 		
0x0BC8	0xB0D8      	BTFSC       STATUS, 0, 0
;__Lib_Math.c,1458 :: 		
0x0BCA	0x3C05      	INCFSZ      R5, 0, 0
;__Lib_Math.c,1459 :: 		
0x0BCC	0x2609      	ADDWF       R9, 1, 0
;__Lib_Math.c,1460 :: 		
0x0BCE	0x5006      	MOVF        R6, 0, 0
;__Lib_Math.c,1461 :: 		
0x0BD0	0xB0D8      	BTFSC       STATUS, 0, 0
;__Lib_Math.c,1462 :: 		
0x0BD2	0x3C06      	INCFSZ      R6, 0, 0
;__Lib_Math.c,1463 :: 		
0x0BD4	0x260A      	ADDWF       R10, 1, 0
;__Lib_Math.c,1464 :: 		
0x0BD6	0x5007      	MOVF        R7, 0, 0
;__Lib_Math.c,1465 :: 		
0x0BD8	0xB0D8      	BTFSC       STATUS, 0, 0
;__Lib_Math.c,1466 :: 		
0x0BDA	0x3C07      	INCFSZ      R7, 0, 0
;__Lib_Math.c,1467 :: 		
0x0BDC	0x260B      	ADDWF       R11, 1, 0
;__Lib_Math.c,1468 :: 		
0x0BDE	0x6AE8      	CLRF        WREG, 0
;__Lib_Math.c,1469 :: 		
0x0BE0	0xB0D8      	BTFSC       STATUS, 0, 0
;__Lib_Math.c,1470 :: 		
0x0BE2	0x0E01      	MOVLW       1
;__Lib_Math.c,1471 :: 		
0x0BE4	0x260E      	ADDWF       R14, 1, 0
;__Lib_Math.c,1473 :: 		
UOK22LC:
;__Lib_Math.c,1474 :: 		
0x0BE6	0x3601      	RLCF        R1, 1, 0
;__Lib_Math.c,1476 :: 		
0x0BE8	0x2E0C      	DECFSZ      R12, 1, 0
;__Lib_Math.c,1477 :: 		
0x0BEA	0xD7D1      	BRA         LOOPU3232C
;__Lib_Math.c,1479 :: 		
0x0BEC	0x3400      	RLCF        R0, 0, 0
;__Lib_Math.c,1480 :: 		
0x0BEE	0x3608      	RLCF        R8, 1, 0
;__Lib_Math.c,1481 :: 		
0x0BF0	0x3609      	RLCF        R9, 1, 0
;__Lib_Math.c,1482 :: 		
0x0BF2	0x360A      	RLCF        R10, 1, 0
;__Lib_Math.c,1483 :: 		
0x0BF4	0x360B      	RLCF        R11, 1, 0
;__Lib_Math.c,1484 :: 		
0x0BF6	0x360E      	RLCF        R14, 1, 0
;__Lib_Math.c,1485 :: 		
0x0BF8	0x5004      	MOVF        R4, 0, 0
;__Lib_Math.c,1486 :: 		
0x0BFA	0xA001      	BTFSS       R1, 0, 0
;__Lib_Math.c,1487 :: 		
0x0BFC	0xD012      	BRA         UADD22L24
;__Lib_Math.c,1489 :: 		
0x0BFE	0x5E08      	SUBWF       R8, 1, 0
;__Lib_Math.c,1490 :: 		
0x0C00	0x5005      	MOVF        R5, 0, 0
;__Lib_Math.c,1491 :: 		
0x0C02	0xA0D8      	BTFSS       STATUS, 0, 0
;__Lib_Math.c,1492 :: 		
0x0C04	0x3C05      	INCFSZ      R5, 0, 0
;__Lib_Math.c,1493 :: 		
0x0C06	0x5E09      	SUBWF       R9, 1, 0
;__Lib_Math.c,1494 :: 		
0x0C08	0x5006      	MOVF        R6, 0, 0
;__Lib_Math.c,1495 :: 		
0x0C0A	0xA0D8      	BTFSS       STATUS, 0, 0
;__Lib_Math.c,1496 :: 		
0x0C0C	0x3C06      	INCFSZ      R6, 0, 0
;__Lib_Math.c,1497 :: 		
0x0C0E	0x5E0A      	SUBWF       R10, 1, 0
;__Lib_Math.c,1498 :: 		
0x0C10	0x5007      	MOVF        R7, 0, 0
;__Lib_Math.c,1499 :: 		
0x0C12	0xA0D8      	BTFSS       STATUS, 0, 0
;__Lib_Math.c,1500 :: 		
0x0C14	0x3C07      	INCFSZ      R7, 0, 0
;__Lib_Math.c,1501 :: 		
0x0C16	0x5E0B      	SUBWF       R11, 1, 0
;__Lib_Math.c,1502 :: 		
0x0C18	0x6AE8      	CLRF        WREG, 0
;__Lib_Math.c,1503 :: 		
0x0C1A	0xA0D8      	BTFSS       STATUS, 0, 0
;__Lib_Math.c,1504 :: 		
0x0C1C	0x0E01      	MOVLW       1
;__Lib_Math.c,1505 :: 		
0x0C1E	0x5E0E      	SUBWF       R14, 1, 0
;__Lib_Math.c,1506 :: 		
0x0C20	0xD011      	BRA         UOK22L24
;__Lib_Math.c,1508 :: 		
UADD22L24:
;__Lib_Math.c,1509 :: 		
0x0C22	0x2608      	ADDWF       R8, 1, 0
;__Lib_Math.c,1510 :: 		
0x0C24	0x5005      	MOVF        R5, 0, 0
;__Lib_Math.c,1511 :: 		
0x0C26	0xB0D8      	BTFSC       STATUS, 0, 0
;__Lib_Math.c,1512 :: 		
0x0C28	0x3C05      	INCFSZ      R5, 0, 0
;__Lib_Math.c,1513 :: 		
0x0C2A	0x2609      	ADDWF       R9, 1, 0
;__Lib_Math.c,1514 :: 		
0x0C2C	0x5006      	MOVF        R6, 0, 0
;__Lib_Math.c,1515 :: 		
0x0C2E	0xB0D8      	BTFSC       STATUS, 0, 0
;__Lib_Math.c,1516 :: 		
0x0C30	0x3C06      	INCFSZ      R6, 0, 0
;__Lib_Math.c,1517 :: 		
0x0C32	0x260A      	ADDWF       R10, 1, 0
;__Lib_Math.c,1518 :: 		
0x0C34	0x5007      	MOVF        R7, 0, 0
;__Lib_Math.c,1519 :: 		
0x0C36	0xB0D8      	BTFSC       STATUS, 0, 0
;__Lib_Math.c,1520 :: 		
0x0C38	0x3C07      	INCFSZ      R7, 0, 0
;__Lib_Math.c,1521 :: 		
0x0C3A	0x260B      	ADDWF       R11, 1, 0
;__Lib_Math.c,1522 :: 		
0x0C3C	0x6AE8      	CLRF        WREG, 0
;__Lib_Math.c,1523 :: 		
0x0C3E	0xB0D8      	BTFSC       STATUS, 0, 0
;__Lib_Math.c,1524 :: 		
0x0C40	0x0E01      	MOVLW       1
;__Lib_Math.c,1525 :: 		
0x0C42	0x260E      	ADDWF       R14, 1, 0
;__Lib_Math.c,1527 :: 		
UOK22L24:
;__Lib_Math.c,1528 :: 		
0x0C44	0x3600      	RLCF        R0, 1, 0
;__Lib_Math.c,1530 :: 		
0x0C46	0x0E07      	MOVLW       7
;__Lib_Math.c,1531 :: 		
0x0C48	0x6E0C      	MOVWF       R12, 0
;__Lib_Math.c,1533 :: 		
LOOPU3232D:
;__Lib_Math.c,1534 :: 		
0x0C4A	0x3400      	RLCF        R0, 0, 0
;__Lib_Math.c,1535 :: 		
0x0C4C	0x3608      	RLCF        R8, 1, 0
;__Lib_Math.c,1536 :: 		
0x0C4E	0x3609      	RLCF        R9, 1, 0
;__Lib_Math.c,1537 :: 		
0x0C50	0x360A      	RLCF        R10, 1, 0
;__Lib_Math.c,1538 :: 		
0x0C52	0x360B      	RLCF        R11, 1, 0
;__Lib_Math.c,1539 :: 		
0x0C54	0x360E      	RLCF        R14, 1, 0
;__Lib_Math.c,1540 :: 		
0x0C56	0x5004      	MOVF        R4, 0, 0
;__Lib_Math.c,1541 :: 		
0x0C58	0xA000      	BTFSS       R0, 0, 0
;__Lib_Math.c,1542 :: 		
0x0C5A	0xD012      	BRA         UADD22LD
;__Lib_Math.c,1544 :: 		
0x0C5C	0x5E08      	SUBWF       R8, 1, 0
;__Lib_Math.c,1545 :: 		
0x0C5E	0x5005      	MOVF        R5, 0, 0
;__Lib_Math.c,1546 :: 		
0x0C60	0xA0D8      	BTFSS       STATUS, 0, 0
;__Lib_Math.c,1547 :: 		
0x0C62	0x3C05      	INCFSZ      R5, 0, 0
;__Lib_Math.c,1548 :: 		
0x0C64	0x5E09      	SUBWF       R9, 1, 0
;__Lib_Math.c,1549 :: 		
0x0C66	0x5006      	MOVF        R6, 0, 0
;__Lib_Math.c,1550 :: 		
0x0C68	0xA0D8      	BTFSS       STATUS, 0, 0
;__Lib_Math.c,1551 :: 		
0x0C6A	0x3C06      	INCFSZ      R6, 0, 0
;__Lib_Math.c,1552 :: 		
0x0C6C	0x5E0A      	SUBWF       R10, 1, 0
;__Lib_Math.c,1553 :: 		
0x0C6E	0x5007      	MOVF        R7, 0, 0
;__Lib_Math.c,1554 :: 		
0x0C70	0xA0D8      	BTFSS       STATUS, 0, 0
;__Lib_Math.c,1555 :: 		
0x0C72	0x3C07      	INCFSZ      R7, 0, 0
;__Lib_Math.c,1556 :: 		
0x0C74	0x5E0B      	SUBWF       R11, 1, 0
;__Lib_Math.c,1557 :: 		
0x0C76	0x6AE8      	CLRF        WREG, 0
;__Lib_Math.c,1558 :: 		
0x0C78	0xA0D8      	BTFSS       STATUS, 0, 0
;__Lib_Math.c,1559 :: 		
0x0C7A	0x0E01      	MOVLW       1
;__Lib_Math.c,1560 :: 		
0x0C7C	0x5E0E      	SUBWF       R14, 1, 0
;__Lib_Math.c,1561 :: 		
0x0C7E	0xD011      	BRA         UOK22LD
;__Lib_Math.c,1563 :: 		
UADD22LD:
;__Lib_Math.c,1564 :: 		
0x0C80	0x2608      	ADDWF       R8, 1, 0
;__Lib_Math.c,1565 :: 		
0x0C82	0x5005      	MOVF        R5, 0, 0
;__Lib_Math.c,1566 :: 		
0x0C84	0xB0D8      	BTFSC       STATUS, 0, 0
;__Lib_Math.c,1567 :: 		
0x0C86	0x3C05      	INCFSZ      R5, 0, 0
;__Lib_Math.c,1568 :: 		
0x0C88	0x2609      	ADDWF       R9, 1, 0
;__Lib_Math.c,1569 :: 		
0x0C8A	0x5006      	MOVF        R6, 0, 0
;__Lib_Math.c,1570 :: 		
0x0C8C	0xB0D8      	BTFSC       STATUS, 0, 0
;__Lib_Math.c,1571 :: 		
0x0C8E	0x3C06      	INCFSZ      R6, 0, 0
;__Lib_Math.c,1572 :: 		
0x0C90	0x260A      	ADDWF       R10, 1, 0
;__Lib_Math.c,1573 :: 		
0x0C92	0x5007      	MOVF        R7, 0, 0
;__Lib_Math.c,1574 :: 		
0x0C94	0xB0D8      	BTFSC       STATUS, 0, 0
;__Lib_Math.c,1575 :: 		
0x0C96	0x3C07      	INCFSZ      R7, 0, 0
;__Lib_Math.c,1576 :: 		
0x0C98	0x260B      	ADDWF       R11, 1, 0
;__Lib_Math.c,1577 :: 		
0x0C9A	0x6AE8      	CLRF        WREG, 0
;__Lib_Math.c,1578 :: 		
0x0C9C	0xB0D8      	BTFSC       STATUS, 0, 0
;__Lib_Math.c,1579 :: 		
0x0C9E	0x0E01      	MOVLW       1
;__Lib_Math.c,1580 :: 		
0x0CA0	0x260E      	ADDWF       R14, 1, 0
;__Lib_Math.c,1582 :: 		
UOK22LD:
;__Lib_Math.c,1583 :: 		
0x0CA2	0x3600      	RLCF        R0, 1, 0
;__Lib_Math.c,1585 :: 		
0x0CA4	0x2E0C      	DECFSZ      R12, 1, 0
;__Lib_Math.c,1586 :: 		
0x0CA6	0xD7D1      	BRA         LOOPU3232D
;__Lib_Math.c,1588 :: 		
0x0CA8	0xB000      	BTFSC       R0, 0, 0
;__Lib_Math.c,1589 :: 		
0x0CAA	0xD00E      	BRA         UOK22L
;__Lib_Math.c,1590 :: 		
0x0CAC	0x5004      	MOVF        R4, 0, 0
;__Lib_Math.c,1591 :: 		
0x0CAE	0x2608      	ADDWF       R8, 1, 0
;__Lib_Math.c,1592 :: 		
0x0CB0	0x5005      	MOVF        R5, 0, 0
;__Lib_Math.c,1593 :: 		
0x0CB2	0xB0D8      	BTFSC       STATUS, 0, 0
;__Lib_Math.c,1594 :: 		
0x0CB4	0x3C05      	INCFSZ      R5, 0, 0
;__Lib_Math.c,1595 :: 		
0x0CB6	0x2609      	ADDWF       R9, 1, 0
;__Lib_Math.c,1596 :: 		
0x0CB8	0x5006      	MOVF        R6, 0, 0
;__Lib_Math.c,1597 :: 		
0x0CBA	0xB0D8      	BTFSC       STATUS, 0, 0
;__Lib_Math.c,1598 :: 		
0x0CBC	0x3C06      	INCFSZ      R6, 0, 0
;__Lib_Math.c,1599 :: 		
0x0CBE	0x260A      	ADDWF       R10, 1, 0
;__Lib_Math.c,1600 :: 		
0x0CC0	0x5007      	MOVF        R7, 0, 0
;__Lib_Math.c,1601 :: 		
0x0CC2	0xB0D8      	BTFSC       STATUS, 0, 0
;__Lib_Math.c,1602 :: 		
0x0CC4	0x3C07      	INCFSZ      R7, 0, 0
;__Lib_Math.c,1603 :: 		
0x0CC6	0x260B      	ADDWF       R11, 1, 0
;__Lib_Math.c,1605 :: 		
UOK22L:
;__Lib_Math.c,1607 :: 		
L_end_Div_32x32_U:
0x0CC8	0x0012      	RETURN      0
; end of _Div_32x32_U
_Compare_Double:
;__Lib_MathDouble.c,2518 :: 		
;__Lib_MathDouble.c,2529 :: 		
0x0CCA	0x6A0A      	CLRF        R10, 0
;__Lib_MathDouble.c,2530 :: 		
0x0CCC	0x5003      	MOVF        R3, 0, 0
;__Lib_MathDouble.c,2531 :: 		
0x0CCE	0xA4D8      	BTFSS       STATUS, 2, 0
;__Lib_MathDouble.c,2532 :: 		
0x0CD0	0x800A      	BSF         R10, 0, 0
;__Lib_MathDouble.c,2533 :: 		
0x0CD2	0x5007      	MOVF        R7, 0, 0
;__Lib_MathDouble.c,2534 :: 		
0x0CD4	0xA4D8      	BTFSS       STATUS, 2, 0
;__Lib_MathDouble.c,2535 :: 		
0x0CD6	0x820A      	BSF         R10, 1, 0
;__Lib_MathDouble.c,2537 :: 		
0x0CD8	0x500A      	MOVF        R10, 0, 0
;__Lib_MathDouble.c,2538 :: 		
0x0CDA	0xB4D8      	BTFSC       STATUS, 2, 0
;__Lib_MathDouble.c,2539 :: 		
0x0CDC	0xF006EFC8  	GOTO        COMPARE_EQU
;__Lib_MathDouble.c,2540 :: 		
0x0CE0	0x0A03      	XORLW       3
;__Lib_MathDouble.c,2541 :: 		
0x0CE2	0xB4D8      	BTFSC       STATUS, 2, 0
;__Lib_MathDouble.c,2542 :: 		
0x0CE4	0xF006EF81  	GOTO        COMPARE_NOTZERO
;__Lib_MathDouble.c,2544 :: 		
0x0CE8	0xB00A      	BTFSC       R10, 0, 0
;__Lib_MathDouble.c,2545 :: 		
0x0CEA	0xF006EF7C  	GOTO        COMPARE_XNOTZERO
;__Lib_MathDouble.c,2547 :: 		
0x0CEE	0xAE06      	BTFSS       R6, 7, 0
;__Lib_MathDouble.c,2548 :: 		
0x0CF0	0xF006EFC6  	GOTO        COMPARE_LT
;__Lib_MathDouble.c,2549 :: 		
0x0CF4	0xF006EFC4  	GOTO        COMPARE_GT
;__Lib_MathDouble.c,2550 :: 		
COMPARE_XNOTZERO:
;__Lib_MathDouble.c,2551 :: 		
0x0CF8	0xAE02      	BTFSS       R2, 7, 0
;__Lib_MathDouble.c,2552 :: 		
0x0CFA	0xF006EFC4  	GOTO        COMPARE_GT
;__Lib_MathDouble.c,2553 :: 		
0x0CFE	0xF006EFC6  	GOTO        COMPARE_LT
;__Lib_MathDouble.c,2555 :: 		
COMPARE_NOTZERO:
;__Lib_MathDouble.c,2556 :: 		
0x0D02	0x5002      	MOVF        R2, 0, 0
;__Lib_MathDouble.c,2557 :: 		
0x0D04	0x0B80      	ANDLW       128
;__Lib_MathDouble.c,2558 :: 		
0x0D06	0x6E0A      	MOVWF       R10, 0
;__Lib_MathDouble.c,2559 :: 		
0x0D08	0x9E02      	BCF         R2, 7, 0
;__Lib_MathDouble.c,2561 :: 		
0x0D0A	0x5006      	MOVF        R6, 0, 0
;__Lib_MathDouble.c,2562 :: 		
0x0D0C	0x0B80      	ANDLW       128
;__Lib_MathDouble.c,2563 :: 		
0x0D0E	0x9E06      	BCF         R6, 7, 0
;__Lib_MathDouble.c,2565 :: 		
0x0D10	0x180A      	XORWF       R10, 0, 0
;__Lib_MathDouble.c,2566 :: 		
0x0D12	0xB4D8      	BTFSC       STATUS, 2, 0
;__Lib_MathDouble.c,2567 :: 		
0x0D14	0xF006EF92  	GOTO        COMPARE_TESTALL
;__Lib_MathDouble.c,2569 :: 		
0x0D18	0x500A      	MOVF        R10, 0, 0
;__Lib_MathDouble.c,2570 :: 		
0x0D1A	0xB4D8      	BTFSC       STATUS, 2, 0
;__Lib_MathDouble.c,2571 :: 		
0x0D1C	0xF006EFC4  	GOTO        COMPARE_GT
;__Lib_MathDouble.c,2572 :: 		
0x0D20	0xF006EFC6  	GOTO        COMPARE_LT
;__Lib_MathDouble.c,2574 :: 		
COMPARE_TESTALL:
;__Lib_MathDouble.c,2575 :: 		
0x0D24	0x5007      	MOVF        R7, 0, 0
;__Lib_MathDouble.c,2576 :: 		
0x0D26	0x5C03      	SUBWF       R3, 0, 0
;__Lib_MathDouble.c,2577 :: 		
0x0D28	0xB4D8      	BTFSC       STATUS, 2, 0
;__Lib_MathDouble.c,2578 :: 		
0x0D2A	0xF006EF9C  	GOTO        COMPARE_C1
;__Lib_MathDouble.c,2579 :: 		
0x0D2E	0xA0D8      	BTFSS       STATUS, 0, 0
;__Lib_MathDouble.c,2580 :: 		
0x0D30	0xF006EFB8  	GOTO        GT_FALSE
;__Lib_MathDouble.c,2581 :: 		
0x0D34	0xF006EFBE  	GOTO        GT_TRUE
;__Lib_MathDouble.c,2582 :: 		
COMPARE_C1:
;__Lib_MathDouble.c,2583 :: 		
0x0D38	0x5006      	MOVF        R6, 0, 0
;__Lib_MathDouble.c,2584 :: 		
0x0D3A	0x5C02      	SUBWF       R2, 0, 0
;__Lib_MathDouble.c,2585 :: 		
0x0D3C	0xB4D8      	BTFSC       STATUS, 2, 0
;__Lib_MathDouble.c,2586 :: 		
0x0D3E	0xF006EFA6  	GOTO        COMPARE_C2
;__Lib_MathDouble.c,2587 :: 		
0x0D42	0xA0D8      	BTFSS       STATUS, 0, 0
;__Lib_MathDouble.c,2588 :: 		
0x0D44	0xF006EFB8  	GOTO        GT_FALSE
;__Lib_MathDouble.c,2589 :: 		
0x0D48	0xF006EFBE  	GOTO        GT_TRUE
;__Lib_MathDouble.c,2590 :: 		
COMPARE_C2:
;__Lib_MathDouble.c,2591 :: 		
0x0D4C	0x5005      	MOVF        R5, 0, 0
;__Lib_MathDouble.c,2592 :: 		
0x0D4E	0x5C01      	SUBWF       R1, 0, 0
;__Lib_MathDouble.c,2593 :: 		
0x0D50	0xB4D8      	BTFSC       STATUS, 2, 0
;__Lib_MathDouble.c,2594 :: 		
0x0D52	0xF006EFB0  	GOTO        COMPARE_C3
;__Lib_MathDouble.c,2595 :: 		
0x0D56	0xA0D8      	BTFSS       STATUS, 0, 0
;__Lib_MathDouble.c,2596 :: 		
0x0D58	0xF006EFB8  	GOTO        GT_FALSE
;__Lib_MathDouble.c,2597 :: 		
0x0D5C	0xF006EFBE  	GOTO        GT_TRUE
;__Lib_MathDouble.c,2598 :: 		
COMPARE_C3:
;__Lib_MathDouble.c,2599 :: 		
0x0D60	0x5004      	MOVF        R4, 0, 0
;__Lib_MathDouble.c,2600 :: 		
0x0D62	0x5C00      	SUBWF       R0, 0, 0
;__Lib_MathDouble.c,2601 :: 		
0x0D64	0xB4D8      	BTFSC       STATUS, 2, 0
;__Lib_MathDouble.c,2602 :: 		
0x0D66	0xF006EFC8  	GOTO        COMPARE_EQU
;__Lib_MathDouble.c,2603 :: 		
0x0D6A	0xB0D8      	BTFSC       STATUS, 0, 0
;__Lib_MathDouble.c,2604 :: 		
0x0D6C	0xF006EFBE  	GOTO        GT_TRUE
;__Lib_MathDouble.c,2606 :: 		
GT_FALSE:
;__Lib_MathDouble.c,2607 :: 		
0x0D70	0x520A      	MOVF        R10, 1, 0
;__Lib_MathDouble.c,2608 :: 		
0x0D72	0xB4D8      	BTFSC       STATUS, 2, 0
;__Lib_MathDouble.c,2609 :: 		
0x0D74	0xF006EFC6  	GOTO        COMPARE_LT
;__Lib_MathDouble.c,2610 :: 		
0x0D78	0xF006EFC4  	GOTO        COMPARE_GT
;__Lib_MathDouble.c,2611 :: 		
GT_TRUE:
;__Lib_MathDouble.c,2612 :: 		
0x0D7C	0x520A      	MOVF        R10, 1, 0
;__Lib_MathDouble.c,2613 :: 		
0x0D7E	0xB4D8      	BTFSC       STATUS, 2, 0
;__Lib_MathDouble.c,2614 :: 		
0x0D80	0xF006EFC4  	GOTO        COMPARE_GT
;__Lib_MathDouble.c,2615 :: 		
0x0D84	0xF006EFC6  	GOTO        COMPARE_LT
;__Lib_MathDouble.c,2617 :: 		
COMPARE_GT:
;__Lib_MathDouble.c,2620 :: 		
0x0D88	0x80D8      	BSF         STATUS, 0, 0
;__Lib_MathDouble.c,2621 :: 		
0x0D8A	0x0012      	RETURN      0
;__Lib_MathDouble.c,2622 :: 		
COMPARE_LT:
;__Lib_MathDouble.c,2625 :: 		
0x0D8C	0x90D8      	BCF         STATUS, 0, 0
;__Lib_MathDouble.c,2626 :: 		
0x0D8E	0x0012      	RETURN      0
;__Lib_MathDouble.c,2627 :: 		
COMPARE_EQU:
;__Lib_MathDouble.c,2630 :: 		
0x0D90	0x80D8      	BSF         STATUS, 0, 0
;__Lib_MathDouble.c,2631 :: 		
0x0D92	0x84D8      	BSF         STATUS, 2, 0
;__Lib_MathDouble.c,2632 :: 		
0x0D94	0x0012      	RETURN      0
;__Lib_MathDouble.c,2634 :: 		
L_end_Compare_Double:
0x0D96	0x0012      	RETURN      0
; end of _Compare_Double
_Sub_32x32_FP:
;__Lib_MathDouble.c,1113 :: 		
;__Lib_MathDouble.c,1118 :: 		
0x0D98	0x7E06      	BTG         R6, 7, 0
;__Lib_MathDouble.c,1120 :: 		
0x0D9A	0xF002EC08  	CALL        _Add_32x32_FP, 0
;__Lib_MathDouble.c,1121 :: 		
L_end_Sub_32x32_FP:
0x0D9E	0x0012      	RETURN      0
; end of _Sub_32x32_FP
__Lib_Sprintf_fround:
;__Lib_Sprintf.c,132 :: 		
;__Lib_Sprintf.c,134 :: 		
0x0DA0	0x0E6E      	MOVLW       110
0x0DA2	0x0101      	MOVLB       1
0x0DA4	0x5D0A      	SUBWF       FARG___Lib_Sprintf_fround_prec, 0, 1
0x0DA6	0xA0D8      	BTFSS       STATUS, 0 
0x0DA8	0xD0C7      	BRA         L___Lib_Sprintf_fround0
;__Lib_Sprintf.c,135 :: 		
0x0DAA	0x0E64      	MOVLW       100
0x0DAC	0x6E04      	MOVWF       R4 
0x0DAE	0xF000C10A  	MOVFF       FARG___Lib_Sprintf_fround_prec, R0
0x0DB2	0xF001ECF9  	CALL        _Div_8X8_U, 0
0x0DB6	0x0E12      	MOVLW       18
0x0DB8	0x2400      	ADDWF       R0, 0 
0x0DBA	0x6E05      	MOVWF       R5 
0x0DBC	0x6A06      	CLRF        R6 
0x0DBE	0x0E00      	MOVLW       0
0x0DC0	0x2206      	ADDWFC      R6, 1 
0x0DC2	0xF000C005  	MOVFF       R5, R0
0x0DC6	0xF001C006  	MOVFF       R6, R1
0x0DCA	0x0E00      	MOVLW       0
0x0DCC	0xBE06      	BTFSC       R6, 7 
0x0DCE	0x0EFF      	MOVLW       255
0x0DD0	0x6E02      	MOVWF       R2 
0x0DD2	0x6E03      	MOVWF       R3 
0x0DD4	0x3600      	RLCF        R0, 1 
0x0DD6	0x9000      	BCF         R0, 0 
0x0DD8	0x3601      	RLCF        R1, 1 
0x0DDA	0x3602      	RLCF        R2, 1 
0x0DDC	0x3603      	RLCF        R3, 1 
0x0DDE	0x3600      	RLCF        R0, 1 
0x0DE0	0x9000      	BCF         R0, 0 
0x0DE2	0x3601      	RLCF        R1, 1 
0x0DE4	0x3602      	RLCF        R2, 1 
0x0DE6	0x3603      	RLCF        R3, 1 
0x0DE8	0x0EBC      	MOVLW       __Lib_Sprintf__npowers_
0x0DEA	0x2400      	ADDWF       R0, 0 
0x0DEC	0x6EF6      	MOVWF       TBLPTR 
0x0DEE	0x0E41      	MOVLW       hi_addr(__Lib_Sprintf__npowers_)
0x0DF0	0x2001      	ADDWFC      R1, 0 
0x0DF2	0x6EF7      	MOVWF       TBLPTR+1 
0x0DF4	0x0E00      	MOVLW       higher_addr(__Lib_Sprintf__npowers_)
0x0DF6	0x2002      	ADDWFC      R2, 0 
0x0DF8	0x6EF8      	MOVWF       TBLPTR+2 
0x0DFA	0x0009      	TBLRD*+
0x0DFC	0xF000CFF5  	MOVFF       TABLAT, R0
0x0E00	0x0009      	TBLRD*+
0x0E02	0xF001CFF5  	MOVFF       TABLAT, R1
0x0E06	0x0009      	TBLRD*+
0x0E08	0xF002CFF5  	MOVFF       TABLAT, R2
0x0E0C	0x0009      	TBLRD*+
0x0E0E	0xF003CFF5  	MOVFF       TABLAT, R3
0x0E12	0x0E00      	MOVLW       0
0x0E14	0x6E04      	MOVWF       R4 
0x0E16	0x0E00      	MOVLW       0
0x0E18	0x6E05      	MOVWF       R5 
0x0E1A	0x0E00      	MOVLW       0
0x0E1C	0x6E06      	MOVWF       R6 
0x0E1E	0x0E7E      	MOVLW       126
0x0E20	0x6E07      	MOVWF       R7 
0x0E22	0xDD06      	RCALL       _Mul_32x32_FP
0x0E24	0xF10BC000  	MOVFF       R0, FLOC___Lib_Sprintf_fround
0x0E28	0xF10CC001  	MOVFF       R1, FLOC___Lib_Sprintf_fround+1
0x0E2C	0xF10DC002  	MOVFF       R2, FLOC___Lib_Sprintf_fround+2
0x0E30	0xF10EC003  	MOVFF       R3, FLOC___Lib_Sprintf_fround+3
0x0E34	0x0E64      	MOVLW       100
0x0E36	0x6E04      	MOVWF       R4 
0x0E38	0xF000C10A  	MOVFF       FARG___Lib_Sprintf_fround_prec, R0
0x0E3C	0xF001ECF9  	CALL        _Div_8X8_U, 0
0x0E40	0xF000C008  	MOVFF       R8, R0
0x0E44	0x0E0A      	MOVLW       10
0x0E46	0x6E04      	MOVWF       R4 
0x0E48	0xF001ECF9  	CALL        _Div_8X8_U, 0
0x0E4C	0x0E09      	MOVLW       9
0x0E4E	0x2400      	ADDWF       R0, 0 
0x0E50	0x6E05      	MOVWF       R5 
0x0E52	0x6A06      	CLRF        R6 
0x0E54	0x0E00      	MOVLW       0
0x0E56	0x2206      	ADDWFC      R6, 1 
0x0E58	0xF000C005  	MOVFF       R5, R0
0x0E5C	0xF001C006  	MOVFF       R6, R1
0x0E60	0x0E00      	MOVLW       0
0x0E62	0xBE06      	BTFSC       R6, 7 
0x0E64	0x0EFF      	MOVLW       255
0x0E66	0x6E02      	MOVWF       R2 
0x0E68	0x6E03      	MOVWF       R3 
0x0E6A	0x3600      	RLCF        R0, 1 
0x0E6C	0x9000      	BCF         R0, 0 
0x0E6E	0x3601      	RLCF        R1, 1 
0x0E70	0x3602      	RLCF        R2, 1 
0x0E72	0x3603      	RLCF        R3, 1 
0x0E74	0x3600      	RLCF        R0, 1 
0x0E76	0x9000      	BCF         R0, 0 
0x0E78	0x3601      	RLCF        R1, 1 
0x0E7A	0x3602      	RLCF        R2, 1 
0x0E7C	0x3603      	RLCF        R3, 1 
0x0E7E	0x0EBC      	MOVLW       __Lib_Sprintf__npowers_
0x0E80	0x2400      	ADDWF       R0, 0 
0x0E82	0x6EF6      	MOVWF       TBLPTR 
0x0E84	0x0E41      	MOVLW       hi_addr(__Lib_Sprintf__npowers_)
0x0E86	0x2001      	ADDWFC      R1, 0 
0x0E88	0x6EF7      	MOVWF       TBLPTR+1 
0x0E8A	0x0E00      	MOVLW       higher_addr(__Lib_Sprintf__npowers_)
0x0E8C	0x2002      	ADDWFC      R2, 0 
0x0E8E	0x6EF8      	MOVWF       TBLPTR+2 
0x0E90	0x0009      	TBLRD*+
0x0E92	0xF000CFF5  	MOVFF       TABLAT, R0
0x0E96	0x0009      	TBLRD*+
0x0E98	0xF001CFF5  	MOVFF       TABLAT, R1
0x0E9C	0x0009      	TBLRD*+
0x0E9E	0xF002CFF5  	MOVFF       TABLAT, R2
0x0EA2	0x0009      	TBLRD*+
0x0EA4	0xF003CFF5  	MOVFF       TABLAT, R3
0x0EA8	0xF004C10B  	MOVFF       FLOC___Lib_Sprintf_fround, R4
0x0EAC	0xF005C10C  	MOVFF       FLOC___Lib_Sprintf_fround+1, R5
0x0EB0	0xF006C10D  	MOVFF       FLOC___Lib_Sprintf_fround+2, R6
0x0EB4	0xF007C10E  	MOVFF       FLOC___Lib_Sprintf_fround+3, R7
0x0EB8	0xDCBB      	RCALL       _Mul_32x32_FP
0x0EBA	0xF10BC000  	MOVFF       R0, FLOC___Lib_Sprintf_fround
0x0EBE	0xF10CC001  	MOVFF       R1, FLOC___Lib_Sprintf_fround+1
0x0EC2	0xF10DC002  	MOVFF       R2, FLOC___Lib_Sprintf_fround+2
0x0EC6	0xF10EC003  	MOVFF       R3, FLOC___Lib_Sprintf_fround+3
0x0ECA	0x0E0A      	MOVLW       10
0x0ECC	0x6E04      	MOVWF       R4 
0x0ECE	0xF000C10A  	MOVFF       FARG___Lib_Sprintf_fround_prec, R0
0x0ED2	0xF001ECF9  	CALL        _Div_8X8_U, 0
0x0ED6	0xF000C008  	MOVFF       R8, R0
0x0EDA	0xF001C000  	MOVFF       R0, R1
0x0EDE	0x0E00      	MOVLW       0
0x0EE0	0x6E02      	MOVWF       R2 
0x0EE2	0x6E03      	MOVWF       R3 
0x0EE4	0x6E04      	MOVWF       R4 
0x0EE6	0x3601      	RLCF        R1, 1 
0x0EE8	0x9001      	BCF         R1, 0 
0x0EEA	0x3602      	RLCF        R2, 1 
0x0EEC	0x3603      	RLCF        R3, 1 
0x0EEE	0x3604      	RLCF        R4, 1 
0x0EF0	0x3601      	RLCF        R1, 1 
0x0EF2	0x9001      	BCF         R1, 0 
0x0EF4	0x3602      	RLCF        R2, 1 
0x0EF6	0x3603      	RLCF        R3, 1 
0x0EF8	0x3604      	RLCF        R4, 1 
0x0EFA	0x0EBC      	MOVLW       __Lib_Sprintf__npowers_
0x0EFC	0x2401      	ADDWF       R1, 0 
0x0EFE	0x6EF6      	MOVWF       TBLPTR 
0x0F00	0x0E41      	MOVLW       hi_addr(__Lib_Sprintf__npowers_)
0x0F02	0x2002      	ADDWFC      R2, 0 
0x0F04	0x6EF7      	MOVWF       TBLPTR+1 
0x0F06	0x0E00      	MOVLW       higher_addr(__Lib_Sprintf__npowers_)
0x0F08	0x2003      	ADDWFC      R3, 0 
0x0F0A	0x6EF8      	MOVWF       TBLPTR+2 
0x0F0C	0x0009      	TBLRD*+
0x0F0E	0xF000CFF5  	MOVFF       TABLAT, R0
0x0F12	0x0009      	TBLRD*+
0x0F14	0xF001CFF5  	MOVFF       TABLAT, R1
0x0F18	0x0009      	TBLRD*+
0x0F1A	0xF002CFF5  	MOVFF       TABLAT, R2
0x0F1E	0x0009      	TBLRD*+
0x0F20	0xF003CFF5  	MOVFF       TABLAT, R3
0x0F24	0xF004C10B  	MOVFF       FLOC___Lib_Sprintf_fround, R4
0x0F28	0xF005C10C  	MOVFF       FLOC___Lib_Sprintf_fround+1, R5
0x0F2C	0xF006C10D  	MOVFF       FLOC___Lib_Sprintf_fround+2, R6
0x0F30	0xF007C10E  	MOVFF       FLOC___Lib_Sprintf_fround+3, R7
0x0F34	0xDC7D      	RCALL       _Mul_32x32_FP
0x0F36	0xD0B0      	BRA         L_end_fround
L___Lib_Sprintf_fround0:
;__Lib_Sprintf.c,137 :: 		
0x0F38	0x510A      	MOVF        FARG___Lib_Sprintf_fround_prec, 0, 1
0x0F3A	0x080A      	SUBLW       10
0x0F3C	0xB0D8      	BTFSC       STATUS, 0 
0x0F3E	0xD07D      	BRA         L___Lib_Sprintf_fround2
;__Lib_Sprintf.c,138 :: 		
0x0F40	0x0E0A      	MOVLW       10
0x0F42	0x6E04      	MOVWF       R4 
0x0F44	0xF000C10A  	MOVFF       FARG___Lib_Sprintf_fround_prec, R0
0x0F48	0xF001ECF9  	CALL        _Div_8X8_U, 0
0x0F4C	0x0E09      	MOVLW       9
0x0F4E	0x2400      	ADDWF       R0, 0 
0x0F50	0x6E05      	MOVWF       R5 
0x0F52	0x6A06      	CLRF        R6 
0x0F54	0x0E00      	MOVLW       0
0x0F56	0x2206      	ADDWFC      R6, 1 
0x0F58	0xF000C005  	MOVFF       R5, R0
0x0F5C	0xF001C006  	MOVFF       R6, R1
0x0F60	0x0E00      	MOVLW       0
0x0F62	0xBE06      	BTFSC       R6, 7 
0x0F64	0x0EFF      	MOVLW       255
0x0F66	0x6E02      	MOVWF       R2 
0x0F68	0x6E03      	MOVWF       R3 
0x0F6A	0x3600      	RLCF        R0, 1 
0x0F6C	0x9000      	BCF         R0, 0 
0x0F6E	0x3601      	RLCF        R1, 1 
0x0F70	0x3602      	RLCF        R2, 1 
0x0F72	0x3603      	RLCF        R3, 1 
0x0F74	0x3600      	RLCF        R0, 1 
0x0F76	0x9000      	BCF         R0, 0 
0x0F78	0x3601      	RLCF        R1, 1 
0x0F7A	0x3602      	RLCF        R2, 1 
0x0F7C	0x3603      	RLCF        R3, 1 
0x0F7E	0x0EBC      	MOVLW       __Lib_Sprintf__npowers_
0x0F80	0x2400      	ADDWF       R0, 0 
0x0F82	0x6EF6      	MOVWF       TBLPTR 
0x0F84	0x0E41      	MOVLW       hi_addr(__Lib_Sprintf__npowers_)
0x0F86	0x2001      	ADDWFC      R1, 0 
0x0F88	0x6EF7      	MOVWF       TBLPTR+1 
0x0F8A	0x0E00      	MOVLW       higher_addr(__Lib_Sprintf__npowers_)
0x0F8C	0x2002      	ADDWFC      R2, 0 
0x0F8E	0x6EF8      	MOVWF       TBLPTR+2 
0x0F90	0x0009      	TBLRD*+
0x0F92	0xF000CFF5  	MOVFF       TABLAT, R0
0x0F96	0x0009      	TBLRD*+
0x0F98	0xF001CFF5  	MOVFF       TABLAT, R1
0x0F9C	0x0009      	TBLRD*+
0x0F9E	0xF002CFF5  	MOVFF       TABLAT, R2
0x0FA2	0x0009      	TBLRD*+
0x0FA4	0xF003CFF5  	MOVFF       TABLAT, R3
0x0FA8	0x0E00      	MOVLW       0
0x0FAA	0x6E04      	MOVWF       R4 
0x0FAC	0x0E00      	MOVLW       0
0x0FAE	0x6E05      	MOVWF       R5 
0x0FB0	0x0E00      	MOVLW       0
0x0FB2	0x6E06      	MOVWF       R6 
0x0FB4	0x0E7E      	MOVLW       126
0x0FB6	0x6E07      	MOVWF       R7 
0x0FB8	0xDC3B      	RCALL       _Mul_32x32_FP
0x0FBA	0xF10BC000  	MOVFF       R0, FLOC___Lib_Sprintf_fround
0x0FBE	0xF10CC001  	MOVFF       R1, FLOC___Lib_Sprintf_fround+1
0x0FC2	0xF10DC002  	MOVFF       R2, FLOC___Lib_Sprintf_fround+2
0x0FC6	0xF10EC003  	MOVFF       R3, FLOC___Lib_Sprintf_fround+3
0x0FCA	0x0E0A      	MOVLW       10
0x0FCC	0x6E04      	MOVWF       R4 
0x0FCE	0xF000C10A  	MOVFF       FARG___Lib_Sprintf_fround_prec, R0
0x0FD2	0xF001ECF9  	CALL        _Div_8X8_U, 0
0x0FD6	0xF000C008  	MOVFF       R8, R0
0x0FDA	0xF001C000  	MOVFF       R0, R1
0x0FDE	0x0E00      	MOVLW       0
0x0FE0	0x6E02      	MOVWF       R2 
0x0FE2	0x6E03      	MOVWF       R3 
0x0FE4	0x6E04      	MOVWF       R4 
0x0FE6	0x3601      	RLCF        R1, 1 
0x0FE8	0x9001      	BCF         R1, 0 
0x0FEA	0x3602      	RLCF        R2, 1 
0x0FEC	0x3603      	RLCF        R3, 1 
0x0FEE	0x3604      	RLCF        R4, 1 
0x0FF0	0x3601      	RLCF        R1, 1 
0x0FF2	0x9001      	BCF         R1, 0 
0x0FF4	0x3602      	RLCF        R2, 1 
0x0FF6	0x3603      	RLCF        R3, 1 
0x0FF8	0x3604      	RLCF        R4, 1 
0x0FFA	0x0EBC      	MOVLW       __Lib_Sprintf__npowers_
0x0FFC	0x2401      	ADDWF       R1, 0 
0x0FFE	0x6EF6      	MOVWF       TBLPTR 
0x1000	0x0E41      	MOVLW       hi_addr(__Lib_Sprintf__npowers_)
0x1002	0x2002      	ADDWFC      R2, 0 
0x1004	0x6EF7      	MOVWF       TBLPTR+1 
0x1006	0x0E00      	MOVLW       higher_addr(__Lib_Sprintf__npowers_)
0x1008	0x2003      	ADDWFC      R3, 0 
0x100A	0x6EF8      	MOVWF       TBLPTR+2 
0x100C	0x0009      	TBLRD*+
0x100E	0xF000CFF5  	MOVFF       TABLAT, R0
0x1012	0x0009      	TBLRD*+
0x1014	0xF001CFF5  	MOVFF       TABLAT, R1
0x1018	0x0009      	TBLRD*+
0x101A	0xF002CFF5  	MOVFF       TABLAT, R2
0x101E	0x0009      	TBLRD*+
0x1020	0xF003CFF5  	MOVFF       TABLAT, R3
0x1024	0xF004C10B  	MOVFF       FLOC___Lib_Sprintf_fround, R4
0x1028	0xF005C10C  	MOVFF       FLOC___Lib_Sprintf_fround+1, R5
0x102C	0xF006C10D  	MOVFF       FLOC___Lib_Sprintf_fround+2, R6
0x1030	0xF007C10E  	MOVFF       FLOC___Lib_Sprintf_fround+3, R7
0x1034	0xF004EC18  	CALL        _Mul_32x32_FP, 0
0x1038	0xD02F      	BRA         L_end_fround
L___Lib_Sprintf_fround2:
;__Lib_Sprintf.c,139 :: 		
0x103A	0xF000C10A  	MOVFF       FARG___Lib_Sprintf_fround_prec, R0
0x103E	0x0E00      	MOVLW       0
0x1040	0x6E01      	MOVWF       R1 
0x1042	0x6E02      	MOVWF       R2 
0x1044	0x6E03      	MOVWF       R3 
0x1046	0x3600      	RLCF        R0, 1 
0x1048	0x9000      	BCF         R0, 0 
0x104A	0x3601      	RLCF        R1, 1 
0x104C	0x3602      	RLCF        R2, 1 
0x104E	0x3603      	RLCF        R3, 1 
0x1050	0x3600      	RLCF        R0, 1 
0x1052	0x9000      	BCF         R0, 0 
0x1054	0x3601      	RLCF        R1, 1 
0x1056	0x3602      	RLCF        R2, 1 
0x1058	0x3603      	RLCF        R3, 1 
0x105A	0x0EBC      	MOVLW       __Lib_Sprintf__npowers_
0x105C	0x2400      	ADDWF       R0, 0 
0x105E	0x6EF6      	MOVWF       TBLPTR 
0x1060	0x0E41      	MOVLW       hi_addr(__Lib_Sprintf__npowers_)
0x1062	0x2001      	ADDWFC      R1, 0 
0x1064	0x6EF7      	MOVWF       TBLPTR+1 
0x1066	0x0E00      	MOVLW       higher_addr(__Lib_Sprintf__npowers_)
0x1068	0x2002      	ADDWFC      R2, 0 
0x106A	0x6EF8      	MOVWF       TBLPTR+2 
0x106C	0x0009      	TBLRD*+
0x106E	0xF000CFF5  	MOVFF       TABLAT, R0
0x1072	0x0009      	TBLRD*+
0x1074	0xF001CFF5  	MOVFF       TABLAT, R1
0x1078	0x0009      	TBLRD*+
0x107A	0xF002CFF5  	MOVFF       TABLAT, R2
0x107E	0x0009      	TBLRD*+
0x1080	0xF003CFF5  	MOVFF       TABLAT, R3
0x1084	0x0E00      	MOVLW       0
0x1086	0x6E04      	MOVWF       R4 
0x1088	0x0E00      	MOVLW       0
0x108A	0x6E05      	MOVWF       R5 
0x108C	0x0E00      	MOVLW       0
0x108E	0x6E06      	MOVWF       R6 
0x1090	0x0E7E      	MOVLW       126
0x1092	0x6E07      	MOVWF       R7 
0x1094	0xF004EC18  	CALL        _Mul_32x32_FP, 0
;__Lib_Sprintf.c,140 :: 		
L_end_fround:
0x1098	0x0012      	RETURN      0
; end of __Lib_Sprintf_fround
_UART1_Data_Ready:
;__Lib_UART_c67.c,34 :: 		
;__Lib_UART_c67.c,35 :: 		
0x109A	0x0E00      	MOVLW       0
0x109C	0xBA9E      	BTFSC       PIR1, 5 
0x109E	0x0E01      	MOVLW       1
0x10A0	0x6E00      	MOVWF       R0 
;__Lib_UART_c67.c,36 :: 		
L_end_UART1_Data_Ready:
0x10A2	0x0012      	RETURN      0
; end of _UART1_Data_Ready
_UART1_Read:
;__Lib_UART_c67.c,39 :: 		
;__Lib_UART_c67.c,42 :: 		
0x10A4	0xF001CFAE  	MOVFF       RCREG, R1
;__Lib_UART_c67.c,43 :: 		
0x10A8	0xA2AB      	BTFSS       RCSTA, 1 
0x10AA	0xD002      	BRA         L_UART1_Read2
;__Lib_UART_c67.c,44 :: 		
0x10AC	0x98AB      	BCF         RCSTA, 4 
;__Lib_UART_c67.c,45 :: 		
0x10AE	0x88AB      	BSF         RCSTA, 4 
;__Lib_UART_c67.c,46 :: 		
L_UART1_Read2:
;__Lib_UART_c67.c,47 :: 		
0x10B0	0xF000C001  	MOVFF       R1, R0
;__Lib_UART_c67.c,48 :: 		
L_end_UART1_Read:
0x10B4	0x0012      	RETURN      0
; end of _UART1_Read
_UART1_Tx_Idle:
;__Lib_UART_c67.c,52 :: 		
;__Lib_UART_c67.c,53 :: 		
0x10B6	0x0E00      	MOVLW       0
0x10B8	0xB2AC      	BTFSC       TXSTA, 1 
0x10BA	0x0E01      	MOVLW       1
0x10BC	0x6E00      	MOVWF       R0 
;__Lib_UART_c67.c,54 :: 		
L_end_UART1_Tx_Idle:
0x10BE	0x0012      	RETURN      0
; end of _UART1_Tx_Idle
_Div_16x16_S:
;__Lib_Math.c,200 :: 		
;__Lib_Math.c,208 :: 		
0x10C0	0x5004      	MOVF        R4, 0 
0x10C2	0x0A00      	XORLW       0
0x10C4	0xE108      	BNZ         L_Div_16x16_S0
;__Lib_Math.c,209 :: 		
0x10C6	0x5005      	MOVF        R5, 0 
0x10C8	0x0A00      	XORLW       0
0x10CA	0xE105      	BNZ         L_Div_16x16_S1
;__Lib_Math.c,210 :: 		
0x10CC	0x0EFF      	MOVLW       255
0x10CE	0x6E00      	MOVWF       R0 
;__Lib_Math.c,211 :: 		
0x10D0	0x0E7F      	MOVLW       127
0x10D2	0x6E01      	MOVWF       R1 
;__Lib_Math.c,212 :: 		
0x10D4	0xD057      	BRA         L_end_Div_16x16_S
;__Lib_Math.c,213 :: 		
L_Div_16x16_S1:
L_Div_16x16_S0:
;__Lib_Math.c,216 :: 		
0x10D6	0x6A0D      	CLRF        R13, 0
;__Lib_Math.c,217 :: 		
0x10D8	0x6A09      	CLRF        R9, 0
;__Lib_Math.c,218 :: 		
0x10DA	0x6A08      	CLRF        R8, 0
;__Lib_Math.c,219 :: 		
0x10DC	0x5001      	MOVF        R1, 0, 0
;__Lib_Math.c,220 :: 		
0x10DE	0x1000      	IORWF       R0, 0, 0
;__Lib_Math.c,221 :: 		
0x10E0	0xB4D8      	BTFSC       STATUS, 2, 0
;__Lib_Math.c,222 :: 		
0x10E2	0x0C00      	RETLW       0
;__Lib_Math.c,224 :: 		
0x10E4	0x5001      	MOVF        R1, 0, 0
;__Lib_Math.c,225 :: 		
0x10E6	0x1805      	XORWF       R5, 0, 0
;__Lib_Math.c,226 :: 		
0x10E8	0x6E0A      	MOVWF       R10, 0
;__Lib_Math.c,227 :: 		
0x10EA	0xBE0A      	BTFSC       R10, 7, 0
;__Lib_Math.c,228 :: 		
0x10EC	0x1E0D      	COMF        R13, 1, 0
;__Lib_Math.c,230 :: 		
0x10EE	0x6A0B      	CLRF        R11, 0
;__Lib_Math.c,232 :: 		
0x10F0	0xAE05      	BTFSS       R5, 7, 0
;__Lib_Math.c,233 :: 		
0x10F2	0xD005      	BRA         $+12
;__Lib_Math.c,235 :: 		
0x10F4	0x1E04      	COMF        R4, 1, 0
;__Lib_Math.c,236 :: 		
0x10F6	0x1E05      	COMF        R5, 1, 0
;__Lib_Math.c,237 :: 		
0x10F8	0x2A04      	INCF        R4, 1, 0
;__Lib_Math.c,238 :: 		
0x10FA	0xB4D8      	BTFSC       STATUS, 2, 0
;__Lib_Math.c,239 :: 		
0x10FC	0x2A05      	INCF        R5, 1, 0
;__Lib_Math.c,241 :: 		
0x10FE	0xAE01      	BTFSS       R1, 7, 0
;__Lib_Math.c,242 :: 		
0x1100	0xD005      	BRA         $+12
;__Lib_Math.c,244 :: 		
0x1102	0x1E00      	COMF        R0, 1, 0
;__Lib_Math.c,245 :: 		
0x1104	0x1E01      	COMF        R1, 1, 0
;__Lib_Math.c,246 :: 		
0x1106	0x2A00      	INCF        R0, 1, 0
;__Lib_Math.c,247 :: 		
0x1108	0xB4D8      	BTFSC       STATUS, 2, 0
;__Lib_Math.c,248 :: 		
0x110A	0x2A01      	INCF        R1, 1, 0
;__Lib_Math.c,250 :: 		
0x110C	0x5001      	MOVF        R1, 0, 0
;__Lib_Math.c,251 :: 		
0x110E	0x1005      	IORWF       R5, 0, 0
;__Lib_Math.c,252 :: 		
0x1110	0x6E0A      	MOVWF       R10, 0
;__Lib_Math.c,253 :: 		
0x1112	0xBE0A      	BTFSC       R10, 7, 0
;__Lib_Math.c,254 :: 		
0x1114	0xD010      	BRA         $+34
;__Lib_Math.c,256 :: 		
0x1116	0xDC1E      	RCALL       _Div_16x16_S_L
;__Lib_Math.c,258 :: 		
0x1118	0xB00B      	BTFSC       R11, 0, 0
;__Lib_Math.c,259 :: 		
0x111A	0xD020      	BRA         $+66
;__Lib_Math.c,261 :: 		
0x111C	0xAE0D      	BTFSS       R13, 7, 0
;__Lib_Math.c,262 :: 		
0x111E	0x0C00      	RETLW       0
;__Lib_Math.c,264 :: 		
0x1120	0x1E00      	COMF        R0, 1, 0
;__Lib_Math.c,265 :: 		
0x1122	0x1E01      	COMF        R1, 1, 0
;__Lib_Math.c,266 :: 		
0x1124	0x2A00      	INCF        R0, 1, 0
;__Lib_Math.c,267 :: 		
0x1126	0xB4D8      	BTFSC       STATUS, 2, 0
;__Lib_Math.c,268 :: 		
0x1128	0x2A01      	INCF        R1, 1, 0
;__Lib_Math.c,270 :: 		
0x112A	0x1E08      	COMF        R8, 1, 0
;__Lib_Math.c,271 :: 		
0x112C	0x1E09      	COMF        R9, 1, 0
;__Lib_Math.c,272 :: 		
0x112E	0x2A08      	INCF        R8, 1, 0
;__Lib_Math.c,273 :: 		
0x1130	0xB4D8      	BTFSC       STATUS, 2, 0
;__Lib_Math.c,274 :: 		
0x1132	0x2A09      	INCF        R9, 1, 0
;__Lib_Math.c,276 :: 		
0x1134	0x0C00      	RETLW       0
;__Lib_Math.c,278 :: 		
0x1136	0xAE05      	BTFSS       R5, 7, 0
;__Lib_Math.c,279 :: 		
0x1138	0xD00D      	BRA         $+28
;__Lib_Math.c,280 :: 		
0x113A	0xBE01      	BTFSC       R1, 7, 0
;__Lib_Math.c,281 :: 		
0x113C	0xD007      	BRA         $+16
;__Lib_Math.c,282 :: 		
0x113E	0x5001      	MOVF        R1, 0, 0
;__Lib_Math.c,283 :: 		
0x1140	0x6E09      	MOVWF       R9, 0
;__Lib_Math.c,284 :: 		
0x1142	0x5000      	MOVF        R0, 0, 0
;__Lib_Math.c,285 :: 		
0x1144	0x6E08      	MOVWF       R8, 0
;__Lib_Math.c,286 :: 		
0x1146	0x6A01      	CLRF        R1, 0
;__Lib_Math.c,287 :: 		
0x1148	0x6A00      	CLRF        R0, 0
;__Lib_Math.c,288 :: 		
0x114A	0xD7E8      	BRA         $-46
;__Lib_Math.c,289 :: 		
0x114C	0x6A01      	CLRF        R1, 0
;__Lib_Math.c,290 :: 		
0x114E	0x6A00      	CLRF        R0, 0
;__Lib_Math.c,291 :: 		
0x1150	0x2A00      	INCF        R0, 1, 0
;__Lib_Math.c,292 :: 		
0x1152	0x0C00      	RETLW       0
;__Lib_Math.c,294 :: 		
0x1154	0x1E01      	COMF        R1, 1, 0
;__Lib_Math.c,295 :: 		
0x1156	0x1E00      	COMF        R0, 1, 0
;__Lib_Math.c,296 :: 		
0x1158	0x2A0B      	INCF        R11, 1, 0
;__Lib_Math.c,297 :: 		
0x115A	0xD7DD      	BRA         $-68
;__Lib_Math.c,299 :: 		
0x115C	0x2A08      	INCF        R8, 1, 0
;__Lib_Math.c,300 :: 		
0x115E	0xB4D8      	BTFSC       STATUS, 2, 0
;__Lib_Math.c,301 :: 		
0x1160	0x2A09      	INCF        R9, 1, 0
;__Lib_Math.c,302 :: 		
0x1162	0x5004      	MOVF        R4, 0, 0
;__Lib_Math.c,303 :: 		
0x1164	0x5C08      	SUBWF       R8, 0, 0
;__Lib_Math.c,304 :: 		
0x1166	0xA4D8      	BTFSS       STATUS, 2, 0
;__Lib_Math.c,305 :: 		
0x1168	0xD7D9      	BRA         $-76
;__Lib_Math.c,306 :: 		
0x116A	0x5005      	MOVF        R5, 0, 0
;__Lib_Math.c,307 :: 		
0x116C	0x5C09      	SUBWF       R9, 0, 0
;__Lib_Math.c,308 :: 		
0x116E	0xA4D8      	BTFSS       STATUS, 2, 0
;__Lib_Math.c,309 :: 		
0x1170	0xD7D5      	BRA         $-84
;__Lib_Math.c,310 :: 		
0x1172	0x6A09      	CLRF        R9, 0
;__Lib_Math.c,311 :: 		
0x1174	0x6A08      	CLRF        R8, 0
;__Lib_Math.c,312 :: 		
0x1176	0x2A00      	INCF        R0, 1, 0
;__Lib_Math.c,313 :: 		
0x1178	0xB4D8      	BTFSC       STATUS, 2, 0
;__Lib_Math.c,314 :: 		
0x117A	0x2A01      	INCF        R1, 1, 0
;__Lib_Math.c,315 :: 		
0x117C	0xAE01      	BTFSS       R1, 7, 0
;__Lib_Math.c,316 :: 		
0x117E	0xD7CE      	BRA         $-98
;__Lib_Math.c,317 :: 		
0x1180	0x0000      	NOP
;__Lib_Math.c,318 :: 		
0x1182	0x0CFF      	RETLW       255
;__Lib_Math.c,320 :: 		
L_end_Div_16x16_S:
0x1184	0x0012      	RETURN      0
; end of _Div_16x16_S
__Lib_Sprintf_scale:
;__Lib_Sprintf.c,145 :: 		
;__Lib_Sprintf.c,146 :: 		
0x1186	0x0E80      	MOVLW       128
0x1188	0x0101      	MOVLB       1
0x118A	0x190A      	XORWF       FARG___Lib_Sprintf_scale_scl, 0, 1
0x118C	0x6E00      	MOVWF       R0 
0x118E	0x0E80      	MOVLW       128
0x1190	0x0A00      	XORLW       0
0x1192	0x5C00      	SUBWF       R0, 0 
0x1194	0xB0D8      	BTFSC       STATUS, 0 
0x1196	0xD16D      	BRA         L___Lib_Sprintf_scale3
;__Lib_Sprintf.c,147 :: 		
0x1198	0x510A      	MOVF        FARG___Lib_Sprintf_scale_scl, 0, 1
0x119A	0x0800      	SUBLW       0
0x119C	0x6E01      	MOVWF       R1 
0x119E	0xF10AC001  	MOVFF       R1, FARG___Lib_Sprintf_scale_scl
;__Lib_Sprintf.c,148 :: 		
0x11A2	0x0E80      	MOVLW       128
0x11A4	0x1801      	XORWF       R1, 0 
0x11A6	0x6E00      	MOVWF       R0 
0x11A8	0x0E80      	MOVLW       128
0x11AA	0x0A6E      	XORLW       110
0x11AC	0x5C00      	SUBWF       R0, 0 
0x11AE	0xA0D8      	BTFSS       STATUS, 0 
0x11B0	0xD0C0      	BRA         L___Lib_Sprintf_scale4
;__Lib_Sprintf.c,149 :: 		
0x11B2	0x0E64      	MOVLW       100
0x11B4	0x6E04      	MOVWF       R4 
0x11B6	0xF000C10A  	MOVFF       FARG___Lib_Sprintf_scale_scl, R0
0x11BA	0xF001ECAA  	CALL        _Div_8X8_S, 0
0x11BE	0x0E12      	MOVLW       18
0x11C0	0x2400      	ADDWF       R0, 0 
0x11C2	0x6E05      	MOVWF       R5 
0x11C4	0x0E00      	MOVLW       0
0x11C6	0xBE00      	BTFSC       R0, 7 
0x11C8	0x0EFF      	MOVLW       255
0x11CA	0x6E06      	MOVWF       R6 
0x11CC	0x0E00      	MOVLW       0
0x11CE	0x2206      	ADDWFC      R6, 1 
0x11D0	0xF000C005  	MOVFF       R5, R0
0x11D4	0xF001C006  	MOVFF       R6, R1
0x11D8	0x0E00      	MOVLW       0
0x11DA	0xBE06      	BTFSC       R6, 7 
0x11DC	0x0EFF      	MOVLW       255
0x11DE	0x6E02      	MOVWF       R2 
0x11E0	0x6E03      	MOVWF       R3 
0x11E2	0x3600      	RLCF        R0, 1 
0x11E4	0x9000      	BCF         R0, 0 
0x11E6	0x3601      	RLCF        R1, 1 
0x11E8	0x3602      	RLCF        R2, 1 
0x11EA	0x3603      	RLCF        R3, 1 
0x11EC	0x3600      	RLCF        R0, 1 
0x11EE	0x9000      	BCF         R0, 0 
0x11F0	0x3601      	RLCF        R1, 1 
0x11F2	0x3602      	RLCF        R2, 1 
0x11F4	0x3603      	RLCF        R3, 1 
0x11F6	0x0EBC      	MOVLW       __Lib_Sprintf__npowers_
0x11F8	0x2400      	ADDWF       R0, 0 
0x11FA	0x6EF6      	MOVWF       TBLPTR 
0x11FC	0x0E41      	MOVLW       hi_addr(__Lib_Sprintf__npowers_)
0x11FE	0x2001      	ADDWFC      R1, 0 
0x1200	0x6EF7      	MOVWF       TBLPTR+1 
0x1202	0x0E00      	MOVLW       higher_addr(__Lib_Sprintf__npowers_)
0x1204	0x2002      	ADDWFC      R2, 0 
0x1206	0x6EF8      	MOVWF       TBLPTR+2 
0x1208	0x0009      	TBLRD*+
0x120A	0xF10BCFF5  	MOVFF       TABLAT, FLOC___Lib_Sprintf_scale
0x120E	0x0009      	TBLRD*+
0x1210	0xF10CCFF5  	MOVFF       TABLAT, FLOC___Lib_Sprintf_scale+1
0x1214	0x0009      	TBLRD*+
0x1216	0xF10DCFF5  	MOVFF       TABLAT, FLOC___Lib_Sprintf_scale+2
0x121A	0x0009      	TBLRD*+
0x121C	0xF10ECFF5  	MOVFF       TABLAT, FLOC___Lib_Sprintf_scale+3
0x1220	0x0E64      	MOVLW       100
0x1222	0x6E04      	MOVWF       R4 
0x1224	0xF000C10A  	MOVFF       FARG___Lib_Sprintf_scale_scl, R0
0x1228	0xF001ECAA  	CALL        _Div_8X8_S, 0
0x122C	0xF000C008  	MOVFF       R8, R0
0x1230	0x0E0A      	MOVLW       10
0x1232	0x6E04      	MOVWF       R4 
0x1234	0xF001ECAA  	CALL        _Div_8X8_S, 0
0x1238	0x0E09      	MOVLW       9
0x123A	0x2400      	ADDWF       R0, 0 
0x123C	0x6E05      	MOVWF       R5 
0x123E	0x0E00      	MOVLW       0
0x1240	0xBE00      	BTFSC       R0, 7 
0x1242	0x0EFF      	MOVLW       255
0x1244	0x6E06      	MOVWF       R6 
0x1246	0x0E00      	MOVLW       0
0x1248	0x2206      	ADDWFC      R6, 1 
0x124A	0xF000C005  	MOVFF       R5, R0
0x124E	0xF001C006  	MOVFF       R6, R1
0x1252	0x0E00      	MOVLW       0
0x1254	0xBE06      	BTFSC       R6, 7 
0x1256	0x0EFF      	MOVLW       255
0x1258	0x6E02      	MOVWF       R2 
0x125A	0x6E03      	MOVWF       R3 
0x125C	0x3600      	RLCF        R0, 1 
0x125E	0x9000      	BCF         R0, 0 
0x1260	0x3601      	RLCF        R1, 1 
0x1262	0x3602      	RLCF        R2, 1 
0x1264	0x3603      	RLCF        R3, 1 
0x1266	0x3600      	RLCF        R0, 1 
0x1268	0x9000      	BCF         R0, 0 
0x126A	0x3601      	RLCF        R1, 1 
0x126C	0x3602      	RLCF        R2, 1 
0x126E	0x3603      	RLCF        R3, 1 
0x1270	0x0EBC      	MOVLW       __Lib_Sprintf__npowers_
0x1272	0x2400      	ADDWF       R0, 0 
0x1274	0x6EF6      	MOVWF       TBLPTR 
0x1276	0x0E41      	MOVLW       hi_addr(__Lib_Sprintf__npowers_)
0x1278	0x2001      	ADDWFC      R1, 0 
0x127A	0x6EF7      	MOVWF       TBLPTR+1 
0x127C	0x0E00      	MOVLW       higher_addr(__Lib_Sprintf__npowers_)
0x127E	0x2002      	ADDWFC      R2, 0 
0x1280	0x6EF8      	MOVWF       TBLPTR+2 
0x1282	0x0009      	TBLRD*+
0x1284	0xF000CFF5  	MOVFF       TABLAT, R0
0x1288	0x0009      	TBLRD*+
0x128A	0xF001CFF5  	MOVFF       TABLAT, R1
0x128E	0x0009      	TBLRD*+
0x1290	0xF002CFF5  	MOVFF       TABLAT, R2
0x1294	0x0009      	TBLRD*+
0x1296	0xF003CFF5  	MOVFF       TABLAT, R3
0x129A	0xF004C10B  	MOVFF       FLOC___Lib_Sprintf_scale, R4
0x129E	0xF005C10C  	MOVFF       FLOC___Lib_Sprintf_scale+1, R5
0x12A2	0xF006C10D  	MOVFF       FLOC___Lib_Sprintf_scale+2, R6
0x12A6	0xF007C10E  	MOVFF       FLOC___Lib_Sprintf_scale+3, R7
0x12AA	0xF004EC18  	CALL        _Mul_32x32_FP, 0
0x12AE	0xF10BC000  	MOVFF       R0, FLOC___Lib_Sprintf_scale
0x12B2	0xF10CC001  	MOVFF       R1, FLOC___Lib_Sprintf_scale+1
0x12B6	0xF10DC002  	MOVFF       R2, FLOC___Lib_Sprintf_scale+2
0x12BA	0xF10EC003  	MOVFF       R3, FLOC___Lib_Sprintf_scale+3
0x12BE	0x0E0A      	MOVLW       10
0x12C0	0x6E04      	MOVWF       R4 
0x12C2	0xF000C10A  	MOVFF       FARG___Lib_Sprintf_scale_scl, R0
0x12C6	0xF001ECAA  	CALL        _Div_8X8_S, 0
0x12CA	0xF000C008  	MOVFF       R8, R0
0x12CE	0xF001C000  	MOVFF       R0, R1
0x12D2	0x0E00      	MOVLW       0
0x12D4	0xBE00      	BTFSC       R0, 7 
0x12D6	0x0EFF      	MOVLW       255
0x12D8	0x6E02      	MOVWF       R2 
0x12DA	0x6E03      	MOVWF       R3 
0x12DC	0x6E04      	MOVWF       R4 
0x12DE	0x3601      	RLCF        R1, 1 
0x12E0	0x9001      	BCF         R1, 0 
0x12E2	0x3602      	RLCF        R2, 1 
0x12E4	0x3603      	RLCF        R3, 1 
0x12E6	0x3604      	RLCF        R4, 1 
0x12E8	0x3601      	RLCF        R1, 1 
0x12EA	0x9001      	BCF         R1, 0 
0x12EC	0x3602      	RLCF        R2, 1 
0x12EE	0x3603      	RLCF        R3, 1 
0x12F0	0x3604      	RLCF        R4, 1 
0x12F2	0x0EBC      	MOVLW       __Lib_Sprintf__npowers_
0x12F4	0x2401      	ADDWF       R1, 0 
0x12F6	0x6EF6      	MOVWF       TBLPTR 
0x12F8	0x0E41      	MOVLW       hi_addr(__Lib_Sprintf__npowers_)
0x12FA	0x2002      	ADDWFC      R2, 0 
0x12FC	0x6EF7      	MOVWF       TBLPTR+1 
0x12FE	0x0E00      	MOVLW       higher_addr(__Lib_Sprintf__npowers_)
0x1300	0x2003      	ADDWFC      R3, 0 
0x1302	0x6EF8      	MOVWF       TBLPTR+2 
0x1304	0x0009      	TBLRD*+
0x1306	0xF000CFF5  	MOVFF       TABLAT, R0
0x130A	0x0009      	TBLRD*+
0x130C	0xF001CFF5  	MOVFF       TABLAT, R1
0x1310	0x0009      	TBLRD*+
0x1312	0xF002CFF5  	MOVFF       TABLAT, R2
0x1316	0x0009      	TBLRD*+
0x1318	0xF003CFF5  	MOVFF       TABLAT, R3
0x131C	0xF004C10B  	MOVFF       FLOC___Lib_Sprintf_scale, R4
0x1320	0xF005C10C  	MOVFF       FLOC___Lib_Sprintf_scale+1, R5
0x1324	0xF006C10D  	MOVFF       FLOC___Lib_Sprintf_scale+2, R6
0x1328	0xF007C10E  	MOVFF       FLOC___Lib_Sprintf_scale+3, R7
0x132C	0xF004EC18  	CALL        _Mul_32x32_FP, 0
0x1330	0xD207      	BRA         L_end_scale
L___Lib_Sprintf_scale4:
;__Lib_Sprintf.c,151 :: 		
0x1332	0x0E80      	MOVLW       128
0x1334	0x0A0A      	XORLW       10
0x1336	0x6E00      	MOVWF       R0 
0x1338	0x0E80      	MOVLW       128
0x133A	0x190A      	XORWF       FARG___Lib_Sprintf_scale_scl, 0, 1
0x133C	0x5C00      	SUBWF       R0, 0 
0x133E	0xE271      	BC          L___Lib_Sprintf_scale6
;__Lib_Sprintf.c,152 :: 		
0x1340	0x0E0A      	MOVLW       10
0x1342	0x6E04      	MOVWF       R4 
0x1344	0xF000C10A  	MOVFF       FARG___Lib_Sprintf_scale_scl, R0
0x1348	0xF001ECAA  	CALL        _Div_8X8_S, 0
0x134C	0x0E09      	MOVLW       9
0x134E	0x2400      	ADDWF       R0, 0 
0x1350	0x6E05      	MOVWF       R5 
0x1352	0x0E00      	MOVLW       0
0x1354	0xBE00      	BTFSC       R0, 7 
0x1356	0x0EFF      	MOVLW       255
0x1358	0x6E06      	MOVWF       R6 
0x135A	0x0E00      	MOVLW       0
0x135C	0x2206      	ADDWFC      R6, 1 
0x135E	0xF000C005  	MOVFF       R5, R0
0x1362	0xF001C006  	MOVFF       R6, R1
0x1366	0x0E00      	MOVLW       0
0x1368	0xBE06      	BTFSC       R6, 7 
0x136A	0x0EFF      	MOVLW       255
0x136C	0x6E02      	MOVWF       R2 
0x136E	0x6E03      	MOVWF       R3 
0x1370	0x3600      	RLCF        R0, 1 
0x1372	0x9000      	BCF         R0, 0 
0x1374	0x3601      	RLCF        R1, 1 
0x1376	0x3602      	RLCF        R2, 1 
0x1378	0x3603      	RLCF        R3, 1 
0x137A	0x3600      	RLCF        R0, 1 
0x137C	0x9000      	BCF         R0, 0 
0x137E	0x3601      	RLCF        R1, 1 
0x1380	0x3602      	RLCF        R2, 1 
0x1382	0x3603      	RLCF        R3, 1 
0x1384	0x0EBC      	MOVLW       __Lib_Sprintf__npowers_
0x1386	0x2400      	ADDWF       R0, 0 
0x1388	0x6EF6      	MOVWF       TBLPTR 
0x138A	0x0E41      	MOVLW       hi_addr(__Lib_Sprintf__npowers_)
0x138C	0x2001      	ADDWFC      R1, 0 
0x138E	0x6EF7      	MOVWF       TBLPTR+1 
0x1390	0x0E00      	MOVLW       higher_addr(__Lib_Sprintf__npowers_)
0x1392	0x2002      	ADDWFC      R2, 0 
0x1394	0x6EF8      	MOVWF       TBLPTR+2 
0x1396	0x0009      	TBLRD*+
0x1398	0xF10BCFF5  	MOVFF       TABLAT, FLOC___Lib_Sprintf_scale
0x139C	0x0009      	TBLRD*+
0x139E	0xF10CCFF5  	MOVFF       TABLAT, FLOC___Lib_Sprintf_scale+1
0x13A2	0x0009      	TBLRD*+
0x13A4	0xF10DCFF5  	MOVFF       TABLAT, FLOC___Lib_Sprintf_scale+2
0x13A8	0x0009      	TBLRD*+
0x13AA	0xF10ECFF5  	MOVFF       TABLAT, FLOC___Lib_Sprintf_scale+3
0x13AE	0x0E0A      	MOVLW       10
0x13B0	0x6E04      	MOVWF       R4 
0x13B2	0xF000C10A  	MOVFF       FARG___Lib_Sprintf_scale_scl, R0
0x13B6	0xF001ECAA  	CALL        _Div_8X8_S, 0
0x13BA	0xF000C008  	MOVFF       R8, R0
0x13BE	0xF001C000  	MOVFF       R0, R1
0x13C2	0x0E00      	MOVLW       0
0x13C4	0xBE00      	BTFSC       R0, 7 
0x13C6	0x0EFF      	MOVLW       255
0x13C8	0x6E02      	MOVWF       R2 
0x13CA	0x6E03      	MOVWF       R3 
0x13CC	0x6E04      	MOVWF       R4 
0x13CE	0x3601      	RLCF        R1, 1 
0x13D0	0x9001      	BCF         R1, 0 
0x13D2	0x3602      	RLCF        R2, 1 
0x13D4	0x3603      	RLCF        R3, 1 
0x13D6	0x3604      	RLCF        R4, 1 
0x13D8	0x3601      	RLCF        R1, 1 
0x13DA	0x9001      	BCF         R1, 0 
0x13DC	0x3602      	RLCF        R2, 1 
0x13DE	0x3603      	RLCF        R3, 1 
0x13E0	0x3604      	RLCF        R4, 1 
0x13E2	0x0EBC      	MOVLW       __Lib_Sprintf__npowers_
0x13E4	0x2401      	ADDWF       R1, 0 
0x13E6	0x6EF6      	MOVWF       TBLPTR 
0x13E8	0x0E41      	MOVLW       hi_addr(__Lib_Sprintf__npowers_)
0x13EA	0x2002      	ADDWFC      R2, 0 
0x13EC	0x6EF7      	MOVWF       TBLPTR+1 
0x13EE	0x0E00      	MOVLW       higher_addr(__Lib_Sprintf__npowers_)
0x13F0	0x2003      	ADDWFC      R3, 0 
0x13F2	0x6EF8      	MOVWF       TBLPTR+2 
0x13F4	0x0009      	TBLRD*+
0x13F6	0xF000CFF5  	MOVFF       TABLAT, R0
0x13FA	0x0009      	TBLRD*+
0x13FC	0xF001CFF5  	MOVFF       TABLAT, R1
0x1400	0x0009      	TBLRD*+
0x1402	0xF002CFF5  	MOVFF       TABLAT, R2
0x1406	0x0009      	TBLRD*+
0x1408	0xF003CFF5  	MOVFF       TABLAT, R3
0x140C	0xF004C10B  	MOVFF       FLOC___Lib_Sprintf_scale, R4
0x1410	0xF005C10C  	MOVFF       FLOC___Lib_Sprintf_scale+1, R5
0x1414	0xF006C10D  	MOVFF       FLOC___Lib_Sprintf_scale+2, R6
0x1418	0xF007C10E  	MOVFF       FLOC___Lib_Sprintf_scale+3, R7
0x141C	0xF004EC18  	CALL        _Mul_32x32_FP, 0
0x1420	0xD18F      	BRA         L_end_scale
L___Lib_Sprintf_scale6:
;__Lib_Sprintf.c,153 :: 		
0x1422	0xF000C10A  	MOVFF       FARG___Lib_Sprintf_scale_scl, R0
0x1426	0x0E00      	MOVLW       0
0x1428	0xBF0A      	BTFSC       FARG___Lib_Sprintf_scale_scl, 7, 1
0x142A	0x0EFF      	MOVLW       255
0x142C	0x6E01      	MOVWF       R1 
0x142E	0x6E02      	MOVWF       R2 
0x1430	0x6E03      	MOVWF       R3 
0x1432	0x3600      	RLCF        R0, 1 
0x1434	0x9000      	BCF         R0, 0 
0x1436	0x3601      	RLCF        R1, 1 
0x1438	0x3602      	RLCF        R2, 1 
0x143A	0x3603      	RLCF        R3, 1 
0x143C	0x3600      	RLCF        R0, 1 
0x143E	0x9000      	BCF         R0, 0 
0x1440	0x3601      	RLCF        R1, 1 
0x1442	0x3602      	RLCF        R2, 1 
0x1444	0x3603      	RLCF        R3, 1 
0x1446	0x0EBC      	MOVLW       __Lib_Sprintf__npowers_
0x1448	0x2400      	ADDWF       R0, 0 
0x144A	0x6EF6      	MOVWF       TBLPTR 
0x144C	0x0E41      	MOVLW       hi_addr(__Lib_Sprintf__npowers_)
0x144E	0x2001      	ADDWFC      R1, 0 
0x1450	0x6EF7      	MOVWF       TBLPTR+1 
0x1452	0x0E00      	MOVLW       higher_addr(__Lib_Sprintf__npowers_)
0x1454	0x2002      	ADDWFC      R2, 0 
0x1456	0x6EF8      	MOVWF       TBLPTR+2 
0x1458	0x0009      	TBLRD*+
0x145A	0xF000CFF5  	MOVFF       TABLAT, R0
0x145E	0x0009      	TBLRD*+
0x1460	0xF001CFF5  	MOVFF       TABLAT, R1
0x1464	0x0009      	TBLRD*+
0x1466	0xF002CFF5  	MOVFF       TABLAT, R2
0x146A	0x0009      	TBLRD*+
0x146C	0xF003CFF5  	MOVFF       TABLAT, R3
0x1470	0xD167      	BRA         L_end_scale
;__Lib_Sprintf.c,154 :: 		
L___Lib_Sprintf_scale3:
;__Lib_Sprintf.c,155 :: 		
0x1472	0x0E80      	MOVLW       128
0x1474	0x190A      	XORWF       FARG___Lib_Sprintf_scale_scl, 0, 1
0x1476	0x6E00      	MOVWF       R0 
0x1478	0x0E80      	MOVLW       128
0x147A	0x0A6E      	XORLW       110
0x147C	0x5C00      	SUBWF       R0, 0 
0x147E	0xA0D8      	BTFSS       STATUS, 0 
0x1480	0xD0C0      	BRA         L___Lib_Sprintf_scale7
;__Lib_Sprintf.c,156 :: 		
0x1482	0x0E64      	MOVLW       100
0x1484	0x6E04      	MOVWF       R4 
0x1486	0xF000C10A  	MOVFF       FARG___Lib_Sprintf_scale_scl, R0
0x148A	0xF001ECAA  	CALL        _Div_8X8_S, 0
0x148E	0x0E12      	MOVLW       18
0x1490	0x2400      	ADDWF       R0, 0 
0x1492	0x6E05      	MOVWF       R5 
0x1494	0x0E00      	MOVLW       0
0x1496	0xBE00      	BTFSC       R0, 7 
0x1498	0x0EFF      	MOVLW       255
0x149A	0x6E06      	MOVWF       R6 
0x149C	0x0E00      	MOVLW       0
0x149E	0x2206      	ADDWFC      R6, 1 
0x14A0	0xF000C005  	MOVFF       R5, R0
0x14A4	0xF001C006  	MOVFF       R6, R1
0x14A8	0x0E00      	MOVLW       0
0x14AA	0xBE06      	BTFSC       R6, 7 
0x14AC	0x0EFF      	MOVLW       255
0x14AE	0x6E02      	MOVWF       R2 
0x14B0	0x6E03      	MOVWF       R3 
0x14B2	0x3600      	RLCF        R0, 1 
0x14B4	0x9000      	BCF         R0, 0 
0x14B6	0x3601      	RLCF        R1, 1 
0x14B8	0x3602      	RLCF        R2, 1 
0x14BA	0x3603      	RLCF        R3, 1 
0x14BC	0x3600      	RLCF        R0, 1 
0x14BE	0x9000      	BCF         R0, 0 
0x14C0	0x3601      	RLCF        R1, 1 
0x14C2	0x3602      	RLCF        R2, 1 
0x14C4	0x3603      	RLCF        R3, 1 
0x14C6	0x0E88      	MOVLW       __Lib_Sprintf__powers_
0x14C8	0x2400      	ADDWF       R0, 0 
0x14CA	0x6EF6      	MOVWF       TBLPTR 
0x14CC	0x0E41      	MOVLW       hi_addr(__Lib_Sprintf__powers_)
0x14CE	0x2001      	ADDWFC      R1, 0 
0x14D0	0x6EF7      	MOVWF       TBLPTR+1 
0x14D2	0x0E00      	MOVLW       higher_addr(__Lib_Sprintf__powers_)
0x14D4	0x2002      	ADDWFC      R2, 0 
0x14D6	0x6EF8      	MOVWF       TBLPTR+2 
0x14D8	0x0009      	TBLRD*+
0x14DA	0xF10BCFF5  	MOVFF       TABLAT, FLOC___Lib_Sprintf_scale
0x14DE	0x0009      	TBLRD*+
0x14E0	0xF10CCFF5  	MOVFF       TABLAT, FLOC___Lib_Sprintf_scale+1
0x14E4	0x0009      	TBLRD*+
0x14E6	0xF10DCFF5  	MOVFF       TABLAT, FLOC___Lib_Sprintf_scale+2
0x14EA	0x0009      	TBLRD*+
0x14EC	0xF10ECFF5  	MOVFF       TABLAT, FLOC___Lib_Sprintf_scale+3
0x14F0	0x0E64      	MOVLW       100
0x14F2	0x6E04      	MOVWF       R4 
0x14F4	0xF000C10A  	MOVFF       FARG___Lib_Sprintf_scale_scl, R0
0x14F8	0xF001ECAA  	CALL        _Div_8X8_S, 0
0x14FC	0xF000C008  	MOVFF       R8, R0
0x1500	0x0E0A      	MOVLW       10
0x1502	0x6E04      	MOVWF       R4 
0x1504	0xF001ECAA  	CALL        _Div_8X8_S, 0
0x1508	0x0E09      	MOVLW       9
0x150A	0x2400      	ADDWF       R0, 0 
0x150C	0x6E05      	MOVWF       R5 
0x150E	0x0E00      	MOVLW       0
0x1510	0xBE00      	BTFSC       R0, 7 
0x1512	0x0EFF      	MOVLW       255
0x1514	0x6E06      	MOVWF       R6 
0x1516	0x0E00      	MOVLW       0
0x1518	0x2206      	ADDWFC      R6, 1 
0x151A	0xF000C005  	MOVFF       R5, R0
0x151E	0xF001C006  	MOVFF       R6, R1
0x1522	0x0E00      	MOVLW       0
0x1524	0xBE06      	BTFSC       R6, 7 
0x1526	0x0EFF      	MOVLW       255
0x1528	0x6E02      	MOVWF       R2 
0x152A	0x6E03      	MOVWF       R3 
0x152C	0x3600      	RLCF        R0, 1 
0x152E	0x9000      	BCF         R0, 0 
0x1530	0x3601      	RLCF        R1, 1 
0x1532	0x3602      	RLCF        R2, 1 
0x1534	0x3603      	RLCF        R3, 1 
0x1536	0x3600      	RLCF        R0, 1 
0x1538	0x9000      	BCF         R0, 0 
0x153A	0x3601      	RLCF        R1, 1 
0x153C	0x3602      	RLCF        R2, 1 
0x153E	0x3603      	RLCF        R3, 1 
0x1540	0x0E88      	MOVLW       __Lib_Sprintf__powers_
0x1542	0x2400      	ADDWF       R0, 0 
0x1544	0x6EF6      	MOVWF       TBLPTR 
0x1546	0x0E41      	MOVLW       hi_addr(__Lib_Sprintf__powers_)
0x1548	0x2001      	ADDWFC      R1, 0 
0x154A	0x6EF7      	MOVWF       TBLPTR+1 
0x154C	0x0E00      	MOVLW       higher_addr(__Lib_Sprintf__powers_)
0x154E	0x2002      	ADDWFC      R2, 0 
0x1550	0x6EF8      	MOVWF       TBLPTR+2 
0x1552	0x0009      	TBLRD*+
0x1554	0xF000CFF5  	MOVFF       TABLAT, R0
0x1558	0x0009      	TBLRD*+
0x155A	0xF001CFF5  	MOVFF       TABLAT, R1
0x155E	0x0009      	TBLRD*+
0x1560	0xF002CFF5  	MOVFF       TABLAT, R2
0x1564	0x0009      	TBLRD*+
0x1566	0xF003CFF5  	MOVFF       TABLAT, R3
0x156A	0xF004C10B  	MOVFF       FLOC___Lib_Sprintf_scale, R4
0x156E	0xF005C10C  	MOVFF       FLOC___Lib_Sprintf_scale+1, R5
0x1572	0xF006C10D  	MOVFF       FLOC___Lib_Sprintf_scale+2, R6
0x1576	0xF007C10E  	MOVFF       FLOC___Lib_Sprintf_scale+3, R7
0x157A	0xF004EC18  	CALL        _Mul_32x32_FP, 0
0x157E	0xF10BC000  	MOVFF       R0, FLOC___Lib_Sprintf_scale
0x1582	0xF10CC001  	MOVFF       R1, FLOC___Lib_Sprintf_scale+1
0x1586	0xF10DC002  	MOVFF       R2, FLOC___Lib_Sprintf_scale+2
0x158A	0xF10EC003  	MOVFF       R3, FLOC___Lib_Sprintf_scale+3
0x158E	0x0E0A      	MOVLW       10
0x1590	0x6E04      	MOVWF       R4 
0x1592	0xF000C10A  	MOVFF       FARG___Lib_Sprintf_scale_scl, R0
0x1596	0xF001ECAA  	CALL        _Div_8X8_S, 0
0x159A	0xF000C008  	MOVFF       R8, R0
0x159E	0xF001C000  	MOVFF       R0, R1
0x15A2	0x0E00      	MOVLW       0
0x15A4	0xBE00      	BTFSC       R0, 7 
0x15A6	0x0EFF      	MOVLW       255
0x15A8	0x6E02      	MOVWF       R2 
0x15AA	0x6E03      	MOVWF       R3 
0x15AC	0x6E04      	MOVWF       R4 
0x15AE	0x3601      	RLCF        R1, 1 
0x15B0	0x9001      	BCF         R1, 0 
0x15B2	0x3602      	RLCF        R2, 1 
0x15B4	0x3603      	RLCF        R3, 1 
0x15B6	0x3604      	RLCF        R4, 1 
0x15B8	0x3601      	RLCF        R1, 1 
0x15BA	0x9001      	BCF         R1, 0 
0x15BC	0x3602      	RLCF        R2, 1 
0x15BE	0x3603      	RLCF        R3, 1 
0x15C0	0x3604      	RLCF        R4, 1 
0x15C2	0x0E88      	MOVLW       __Lib_Sprintf__powers_
0x15C4	0x2401      	ADDWF       R1, 0 
0x15C6	0x6EF6      	MOVWF       TBLPTR 
0x15C8	0x0E41      	MOVLW       hi_addr(__Lib_Sprintf__powers_)
0x15CA	0x2002      	ADDWFC      R2, 0 
0x15CC	0x6EF7      	MOVWF       TBLPTR+1 
0x15CE	0x0E00      	MOVLW       higher_addr(__Lib_Sprintf__powers_)
0x15D0	0x2003      	ADDWFC      R3, 0 
0x15D2	0x6EF8      	MOVWF       TBLPTR+2 
0x15D4	0x0009      	TBLRD*+
0x15D6	0xF000CFF5  	MOVFF       TABLAT, R0
0x15DA	0x0009      	TBLRD*+
0x15DC	0xF001CFF5  	MOVFF       TABLAT, R1
0x15E0	0x0009      	TBLRD*+
0x15E2	0xF002CFF5  	MOVFF       TABLAT, R2
0x15E6	0x0009      	TBLRD*+
0x15E8	0xF003CFF5  	MOVFF       TABLAT, R3
0x15EC	0xF004C10B  	MOVFF       FLOC___Lib_Sprintf_scale, R4
0x15F0	0xF005C10C  	MOVFF       FLOC___Lib_Sprintf_scale+1, R5
0x15F4	0xF006C10D  	MOVFF       FLOC___Lib_Sprintf_scale+2, R6
0x15F8	0xF007C10E  	MOVFF       FLOC___Lib_Sprintf_scale+3, R7
0x15FC	0xF004EC18  	CALL        _Mul_32x32_FP, 0
0x1600	0xD09F      	BRA         L_end_scale
L___Lib_Sprintf_scale7:
;__Lib_Sprintf.c,158 :: 		
0x1602	0x0E80      	MOVLW       128
0x1604	0x0A0A      	XORLW       10
0x1606	0x6E00      	MOVWF       R0 
0x1608	0x0E80      	MOVLW       128
0x160A	0x190A      	XORWF       FARG___Lib_Sprintf_scale_scl, 0, 1
0x160C	0x5C00      	SUBWF       R0, 0 
0x160E	0xE271      	BC          L___Lib_Sprintf_scale9
;__Lib_Sprintf.c,159 :: 		
0x1610	0x0E0A      	MOVLW       10
0x1612	0x6E04      	MOVWF       R4 
0x1614	0xF000C10A  	MOVFF       FARG___Lib_Sprintf_scale_scl, R0
0x1618	0xF001ECAA  	CALL        _Div_8X8_S, 0
0x161C	0x0E09      	MOVLW       9
0x161E	0x2400      	ADDWF       R0, 0 
0x1620	0x6E05      	MOVWF       R5 
0x1622	0x0E00      	MOVLW       0
0x1624	0xBE00      	BTFSC       R0, 7 
0x1626	0x0EFF      	MOVLW       255
0x1628	0x6E06      	MOVWF       R6 
0x162A	0x0E00      	MOVLW       0
0x162C	0x2206      	ADDWFC      R6, 1 
0x162E	0xF000C005  	MOVFF       R5, R0
0x1632	0xF001C006  	MOVFF       R6, R1
0x1636	0x0E00      	MOVLW       0
0x1638	0xBE06      	BTFSC       R6, 7 
0x163A	0x0EFF      	MOVLW       255
0x163C	0x6E02      	MOVWF       R2 
0x163E	0x6E03      	MOVWF       R3 
0x1640	0x3600      	RLCF        R0, 1 
0x1642	0x9000      	BCF         R0, 0 
0x1644	0x3601      	RLCF        R1, 1 
0x1646	0x3602      	RLCF        R2, 1 
0x1648	0x3603      	RLCF        R3, 1 
0x164A	0x3600      	RLCF        R0, 1 
0x164C	0x9000      	BCF         R0, 0 
0x164E	0x3601      	RLCF        R1, 1 
0x1650	0x3602      	RLCF        R2, 1 
0x1652	0x3603      	RLCF        R3, 1 
0x1654	0x0E88      	MOVLW       __Lib_Sprintf__powers_
0x1656	0x2400      	ADDWF       R0, 0 
0x1658	0x6EF6      	MOVWF       TBLPTR 
0x165A	0x0E41      	MOVLW       hi_addr(__Lib_Sprintf__powers_)
0x165C	0x2001      	ADDWFC      R1, 0 
0x165E	0x6EF7      	MOVWF       TBLPTR+1 
0x1660	0x0E00      	MOVLW       higher_addr(__Lib_Sprintf__powers_)
0x1662	0x2002      	ADDWFC      R2, 0 
0x1664	0x6EF8      	MOVWF       TBLPTR+2 
0x1666	0x0009      	TBLRD*+
0x1668	0xF10BCFF5  	MOVFF       TABLAT, FLOC___Lib_Sprintf_scale
0x166C	0x0009      	TBLRD*+
0x166E	0xF10CCFF5  	MOVFF       TABLAT, FLOC___Lib_Sprintf_scale+1
0x1672	0x0009      	TBLRD*+
0x1674	0xF10DCFF5  	MOVFF       TABLAT, FLOC___Lib_Sprintf_scale+2
0x1678	0x0009      	TBLRD*+
0x167A	0xF10ECFF5  	MOVFF       TABLAT, FLOC___Lib_Sprintf_scale+3
0x167E	0x0E0A      	MOVLW       10
0x1680	0x6E04      	MOVWF       R4 
0x1682	0xF000C10A  	MOVFF       FARG___Lib_Sprintf_scale_scl, R0
0x1686	0xF001ECAA  	CALL        _Div_8X8_S, 0
0x168A	0xF000C008  	MOVFF       R8, R0
0x168E	0xF001C000  	MOVFF       R0, R1
0x1692	0x0E00      	MOVLW       0
0x1694	0xBE00      	BTFSC       R0, 7 
0x1696	0x0EFF      	MOVLW       255
0x1698	0x6E02      	MOVWF       R2 
0x169A	0x6E03      	MOVWF       R3 
0x169C	0x6E04      	MOVWF       R4 
0x169E	0x3601      	RLCF        R1, 1 
0x16A0	0x9001      	BCF         R1, 0 
0x16A2	0x3602      	RLCF        R2, 1 
0x16A4	0x3603      	RLCF        R3, 1 
0x16A6	0x3604      	RLCF        R4, 1 
0x16A8	0x3601      	RLCF        R1, 1 
0x16AA	0x9001      	BCF         R1, 0 
0x16AC	0x3602      	RLCF        R2, 1 
0x16AE	0x3603      	RLCF        R3, 1 
0x16B0	0x3604      	RLCF        R4, 1 
0x16B2	0x0E88      	MOVLW       __Lib_Sprintf__powers_
0x16B4	0x2401      	ADDWF       R1, 0 
0x16B6	0x6EF6      	MOVWF       TBLPTR 
0x16B8	0x0E41      	MOVLW       hi_addr(__Lib_Sprintf__powers_)
0x16BA	0x2002      	ADDWFC      R2, 0 
0x16BC	0x6EF7      	MOVWF       TBLPTR+1 
0x16BE	0x0E00      	MOVLW       higher_addr(__Lib_Sprintf__powers_)
0x16C0	0x2003      	ADDWFC      R3, 0 
0x16C2	0x6EF8      	MOVWF       TBLPTR+2 
0x16C4	0x0009      	TBLRD*+
0x16C6	0xF000CFF5  	MOVFF       TABLAT, R0
0x16CA	0x0009      	TBLRD*+
0x16CC	0xF001CFF5  	MOVFF       TABLAT, R1
0x16D0	0x0009      	TBLRD*+
0x16D2	0xF002CFF5  	MOVFF       TABLAT, R2
0x16D6	0x0009      	TBLRD*+
0x16D8	0xF003CFF5  	MOVFF       TABLAT, R3
0x16DC	0xF004C10B  	MOVFF       FLOC___Lib_Sprintf_scale, R4
0x16E0	0xF005C10C  	MOVFF       FLOC___Lib_Sprintf_scale+1, R5
0x16E4	0xF006C10D  	MOVFF       FLOC___Lib_Sprintf_scale+2, R6
0x16E8	0xF007C10E  	MOVFF       FLOC___Lib_Sprintf_scale+3, R7
0x16EC	0xF004EC18  	CALL        _Mul_32x32_FP, 0
0x16F0	0xD027      	BRA         L_end_scale
L___Lib_Sprintf_scale9:
;__Lib_Sprintf.c,160 :: 		
0x16F2	0xF000C10A  	MOVFF       FARG___Lib_Sprintf_scale_scl, R0
0x16F6	0x0E00      	MOVLW       0
0x16F8	0xBF0A      	BTFSC       FARG___Lib_Sprintf_scale_scl, 7, 1
0x16FA	0x0EFF      	MOVLW       255
0x16FC	0x6E01      	MOVWF       R1 
0x16FE	0x6E02      	MOVWF       R2 
0x1700	0x6E03      	MOVWF       R3 
0x1702	0x3600      	RLCF        R0, 1 
0x1704	0x9000      	BCF         R0, 0 
0x1706	0x3601      	RLCF        R1, 1 
0x1708	0x3602      	RLCF        R2, 1 
0x170A	0x3603      	RLCF        R3, 1 
0x170C	0x3600      	RLCF        R0, 1 
0x170E	0x9000      	BCF         R0, 0 
0x1710	0x3601      	RLCF        R1, 1 
0x1712	0x3602      	RLCF        R2, 1 
0x1714	0x3603      	RLCF        R3, 1 
0x1716	0x0E88      	MOVLW       __Lib_Sprintf__powers_
0x1718	0x2400      	ADDWF       R0, 0 
0x171A	0x6EF6      	MOVWF       TBLPTR 
0x171C	0x0E41      	MOVLW       hi_addr(__Lib_Sprintf__powers_)
0x171E	0x2001      	ADDWFC      R1, 0 
0x1720	0x6EF7      	MOVWF       TBLPTR+1 
0x1722	0x0E00      	MOVLW       higher_addr(__Lib_Sprintf__powers_)
0x1724	0x2002      	ADDWFC      R2, 0 
0x1726	0x6EF8      	MOVWF       TBLPTR+2 
0x1728	0x0009      	TBLRD*+
0x172A	0xF000CFF5  	MOVFF       TABLAT, R0
0x172E	0x0009      	TBLRD*+
0x1730	0xF001CFF5  	MOVFF       TABLAT, R1
0x1734	0x0009      	TBLRD*+
0x1736	0xF002CFF5  	MOVFF       TABLAT, R2
0x173A	0x0009      	TBLRD*+
0x173C	0xF003CFF5  	MOVFF       TABLAT, R3
;__Lib_Sprintf.c,161 :: 		
L_end_scale:
0x1740	0x0012      	RETURN      0
; end of __Lib_Sprintf_scale
_Equals_Double:
;__Lib_MathDouble.c,2469 :: 		
;__Lib_MathDouble.c,2478 :: 		
0x1742	0x5003      	MOVF        R3, 0, 0
;__Lib_MathDouble.c,2479 :: 		
0x1744	0x1807      	XORWF       R7, 0, 0
;__Lib_MathDouble.c,2480 :: 		
0x1746	0xA4D8      	BTFSS       STATUS, 2, 0
;__Lib_MathDouble.c,2481 :: 		
0x1748	0xF00BEFB5  	GOTO        EQU_FALSE
;__Lib_MathDouble.c,2483 :: 		
0x174C	0x5002      	MOVF        R2, 0, 0
;__Lib_MathDouble.c,2484 :: 		
0x174E	0x1806      	XORWF       R6, 0, 0
;__Lib_MathDouble.c,2485 :: 		
0x1750	0xA4D8      	BTFSS       STATUS, 2, 0
;__Lib_MathDouble.c,2486 :: 		
0x1752	0xF00BEFB5  	GOTO        EQU_FALSE
;__Lib_MathDouble.c,2488 :: 		
0x1756	0x5001      	MOVF        R1, 0, 0
;__Lib_MathDouble.c,2489 :: 		
0x1758	0x1805      	XORWF       R5, 0, 0
;__Lib_MathDouble.c,2490 :: 		
0x175A	0xA4D8      	BTFSS       STATUS, 2, 0
;__Lib_MathDouble.c,2491 :: 		
0x175C	0xF00BEFB5  	GOTO        EQU_FALSE
;__Lib_MathDouble.c,2493 :: 		
0x1760	0x5000      	MOVF        R0, 0, 0
;__Lib_MathDouble.c,2494 :: 		
0x1762	0x1804      	XORWF       R4, 0, 0
;__Lib_MathDouble.c,2495 :: 		
0x1764	0xB4D8      	BTFSC       STATUS, 2, 0
;__Lib_MathDouble.c,2498 :: 		
0x1766	0x84D8      	BSF         STATUS, 2, 0
;__Lib_MathDouble.c,2499 :: 		
0x1768	0x0012      	RETURN      0
;__Lib_MathDouble.c,2501 :: 		
EQU_FALSE:
;__Lib_MathDouble.c,2503 :: 		
0x176A	0x94D8      	BCF         STATUS, 2, 0
;__Lib_MathDouble.c,2504 :: 		
0x176C	0x0012      	RETURN      0
;__Lib_MathDouble.c,2507 :: 		
L_end_Equals_Double:
0x176E	0x0012      	RETURN      0
; end of _Equals_Double
_Mul_16X16_U:
;__Lib_Math.c,440 :: 		
;__Lib_Math.c,447 :: 		
0x1770	0x6A0B      	CLRF        R11, 0
;__Lib_Math.c,448 :: 		
0x1772	0x6A0A      	CLRF        R10, 0
;__Lib_Math.c,449 :: 		
0x1774	0x6A09      	CLRF        R9, 0
;__Lib_Math.c,450 :: 		
0x1776	0x5000      	MOVF        R0, 0, 0
;__Lib_Math.c,451 :: 		
0x1778	0x0204      	MULWF       R4, 0
;__Lib_Math.c,453 :: 		
0x177A	0xF009CFF4  	MOVFF       PRODH, R9
;__Lib_Math.c,454 :: 		
0x177E	0xF008CFF3  	MOVFF       PRODL, R8
;__Lib_Math.c,455 :: 		
0x1782	0x5001      	MOVF        R1, 0, 0
;__Lib_Math.c,456 :: 		
0x1784	0x0205      	MULWF       R5, 0
;__Lib_Math.c,458 :: 		
0x1786	0xF00BCFF4  	MOVFF       PRODH, R11
;__Lib_Math.c,459 :: 		
0x178A	0xF00ACFF3  	MOVFF       PRODL, R10
;__Lib_Math.c,460 :: 		
0x178E	0x5000      	MOVF        R0, 0, 0
;__Lib_Math.c,461 :: 		
0x1790	0x0205      	MULWF       R5, 0
;__Lib_Math.c,463 :: 		
0x1792	0x50F3      	MOVF        PRODL, 0, 0
;__Lib_Math.c,464 :: 		
0x1794	0x2609      	ADDWF       R9, 1, 0
;__Lib_Math.c,465 :: 		
0x1796	0x50F4      	MOVF        PRODH, 0, 0
;__Lib_Math.c,466 :: 		
0x1798	0x220A      	ADDWFC      R10, 1, 0
;__Lib_Math.c,467 :: 		
0x179A	0x6AE8      	CLRF        WREG, 0
;__Lib_Math.c,468 :: 		
0x179C	0x220B      	ADDWFC      R11, 1, 0
;__Lib_Math.c,469 :: 		
0x179E	0x5001      	MOVF        R1, 0, 0
;__Lib_Math.c,470 :: 		
0x17A0	0x0204      	MULWF       R4, 0
;__Lib_Math.c,472 :: 		
0x17A2	0x50F3      	MOVF        PRODL, 0, 0
;__Lib_Math.c,473 :: 		
0x17A4	0x2609      	ADDWF       R9, 1, 0
;__Lib_Math.c,474 :: 		
0x17A6	0x50F4      	MOVF        PRODH, 0, 0
;__Lib_Math.c,475 :: 		
0x17A8	0x220A      	ADDWFC      R10, 1, 0
;__Lib_Math.c,476 :: 		
0x17AA	0x6AE8      	CLRF        WREG, 0
;__Lib_Math.c,477 :: 		
0x17AC	0x220B      	ADDWFC      R11, 1, 0
;__Lib_Math.c,479 :: 		
0x17AE	0xF000C008  	MOVFF       R8, R0
;__Lib_Math.c,480 :: 		
0x17B2	0xF001C009  	MOVFF       R9, R1
;__Lib_Math.c,481 :: 		
0x17B6	0xF002C00A  	MOVFF       R10, R2
;__Lib_Math.c,482 :: 		
0x17BA	0xF003C00B  	MOVFF       R11, R3
;__Lib_Math.c,485 :: 		
L_end_Mul_16X16_U:
0x17BE	0x0012      	RETURN      0
; end of _Mul_16X16_U
_isdigit:
;__Lib_CType.c,23 :: 		
;__Lib_CType.c,24 :: 		
0x17C0	0x0101      	MOVLB       1
0x17C2	0x510A      	MOVF        FARG_isdigit_character, 0, 1
0x17C4	0x0839      	SUBLW       57
0x17C6	0xE306      	BNC         L_isdigit9
0x17C8	0x0E30      	MOVLW       48
0x17CA	0x5D0A      	SUBWF       FARG_isdigit_character, 0, 1
0x17CC	0xE303      	BNC         L_isdigit9
0x17CE	0x0E01      	MOVLW       1
0x17D0	0x6E00      	MOVWF       R0 
0x17D2	0xD001      	BRA         L_isdigit8
L_isdigit9:
0x17D4	0x6A00      	CLRF        R0 
L_isdigit8:
;__Lib_CType.c,25 :: 		
L_end_isdigit:
0x17D6	0x0012      	RETURN      0
; end of _isdigit
_longword2double:
;__Lib_MathDouble.c,2427 :: 		
;__Lib_MathDouble.c,2434 :: 		
0x17D8	0x5000      	MOVF        R0, 0, 0
;__Lib_MathDouble.c,2435 :: 		
0x17DA	0x6E08      	MOVWF       R8, 0
;__Lib_MathDouble.c,2436 :: 		
0x17DC	0x5001      	MOVF        R1, 0, 0
;__Lib_MathDouble.c,2437 :: 		
0x17DE	0x6E00      	MOVWF       R0, 0
;__Lib_MathDouble.c,2438 :: 		
0x17E0	0x5002      	MOVF        R2, 0, 0
;__Lib_MathDouble.c,2439 :: 		
0x17E2	0x6E01      	MOVWF       R1, 0
;__Lib_MathDouble.c,2440 :: 		
0x17E4	0x5003      	MOVF        R3, 0, 0
;__Lib_MathDouble.c,2441 :: 		
0x17E6	0x6E02      	MOVWF       R2, 0
;__Lib_MathDouble.c,2442 :: 		
0x17E8	0x6A03      	CLRF        R3, 0
;__Lib_MathDouble.c,2445 :: 		
0x17EA	0x6A0B      	CLRF        R11, 0
;__Lib_MathDouble.c,2446 :: 		
0x17EC	0x6A0C      	CLRF        R12, 0
;__Lib_MathDouble.c,2448 :: 		
0x17EE	0x0E9E      	MOVLW       158
;__Lib_MathDouble.c,2449 :: 		
0x17F0	0x6E03      	MOVWF       R3, 0
;__Lib_MathDouble.c,2450 :: 		
0x17F2	0x6A0A      	CLRF        R10, 0
;__Lib_MathDouble.c,2451 :: 		
0x17F4	0x0E02      	MOVLW       2
;__Lib_MathDouble.c,2452 :: 		
0x17F6	0x6E0C      	MOVWF       R12, 0
;__Lib_MathDouble.c,2454 :: 		
0x17F8	0xF000ECB9  	CALL        _NRM4032, 0
;__Lib_MathDouble.c,2455 :: 		
L_end_longword2double:
0x17FC	0x0012      	RETURN      0
; end of _longword2double
_____DoIFC:
;__Lib_System.c,93 :: 		
;__Lib_System.c,94 :: 		
0x17FE	0x50F2      	MOVF        INTCON, 0, 0
;__Lib_System.c,95 :: 		
0x1800	0x6E02      	MOVWF       R2, 0
;__Lib_System.c,96 :: 		
0x1802	0x9EF2      	BCF         INTCON, 7 
;__Lib_System.c,97 :: 		
0x1804	0x0005      	PUSH
;__Lib_System.c,98 :: 		
0x1806	0x6AFF      	CLRF        TOSU, 0
;__Lib_System.c,99 :: 		
0x1808	0x5001      	MOVF        R1, 0, 0
;__Lib_System.c,100 :: 		
0x180A	0x6EFE      	MOVWF       TOSH, 0
;__Lib_System.c,101 :: 		
0x180C	0x5000      	MOVF        R0, 0, 0
;__Lib_System.c,102 :: 		
0x180E	0x6EFD      	MOVWF       TOSL, 0
;__Lib_System.c,103 :: 		
0x1810	0xBE02      	BTFSC       R2, 7, 0
;__Lib_System.c,104 :: 		
0x1812	0x8EF2      	BSF         INTCON, 7, 0
;__Lib_System.c,105 :: 		
;__Lib_System.c,107 :: 		
L_end_____DoIFC:
0x1814	0x0012      	RETURN      0
; end of _____DoIFC
_double2longint:
;__Lib_MathDouble.c,1730 :: 		
;__Lib_MathDouble.c,1740 :: 		
0x1816	0x6A0B      	CLRF        R11, 0
;__Lib_MathDouble.c,1741 :: 		
0x1818	0x6A0C      	CLRF        R12, 0
;__Lib_MathDouble.c,1743 :: 		
0x181A	0x6A08      	CLRF        R8, 0
;__Lib_MathDouble.c,1744 :: 		
0x181C	0x5003      	MOVF        R3, 0, 0
;__Lib_MathDouble.c,1745 :: 		
0x181E	0xB4D8      	BTFSC       STATUS, 2, 0
;__Lib_MathDouble.c,1746 :: 		
0x1820	0xF00CEF8F  	GOTO        INT3232EOK
;__Lib_MathDouble.c,1748 :: 		
0x1824	0xF00AC002  	MOVFF       R2, R10
;__Lib_MathDouble.c,1749 :: 		
0x1828	0x8E02      	BSF         R2, 7, 0
;__Lib_MathDouble.c,1751 :: 		
0x182A	0x0E9E      	MOVLW       158
;__Lib_MathDouble.c,1752 :: 		
0x182C	0x5E03      	SUBWF       R3, 1, 0
;__Lib_MathDouble.c,1753 :: 		
0x182E	0xAE03      	BTFSS       R3, 7, 0
;__Lib_MathDouble.c,1754 :: 		
0x1830	0xF00CEF7F  	GOTO        SETIOV32
;__Lib_MathDouble.c,1755 :: 		
0x1834	0x6C03      	NEGF        R3, 0
;__Lib_MathDouble.c,1757 :: 		
0x1836	0x0E08      	MOVLW       8
;__Lib_MathDouble.c,1758 :: 		
0x1838	0x5C03      	SUBWF       R3, 0, 0
;__Lib_MathDouble.c,1759 :: 		
0x183A	0xA0D8      	BTFSS       STATUS, 0, 0
;__Lib_MathDouble.c,1760 :: 		
0x183C	0xF00CEF4C  	GOTO        TSHIFT3232
;__Lib_MathDouble.c,1761 :: 		
0x1840	0x6E03      	MOVWF       R3, 0
;__Lib_MathDouble.c,1762 :: 		
0x1842	0x3608      	RLCF        R8, 1, 0
;__Lib_MathDouble.c,1763 :: 		
0x1844	0xF008C000  	MOVFF       R0, R8
;__Lib_MathDouble.c,1764 :: 		
0x1848	0xF000C001  	MOVFF       R1, R0
;__Lib_MathDouble.c,1765 :: 		
0x184C	0xF001C002  	MOVFF       R2, R1
;__Lib_MathDouble.c,1766 :: 		
0x1850	0x6A02      	CLRF        R2, 0
;__Lib_MathDouble.c,1768 :: 		
0x1852	0x0E08      	MOVLW       8
;__Lib_MathDouble.c,1769 :: 		
0x1854	0x5C03      	SUBWF       R3, 0, 0
;__Lib_MathDouble.c,1770 :: 		
0x1856	0xA0D8      	BTFSS       STATUS, 0, 0
;__Lib_MathDouble.c,1771 :: 		
0x1858	0xF00CEF4C  	GOTO        TSHIFT3232
;__Lib_MathDouble.c,1772 :: 		
0x185C	0x6E03      	MOVWF       R3, 0
;__Lib_MathDouble.c,1773 :: 		
0x185E	0x3608      	RLCF        R8, 1, 0
;__Lib_MathDouble.c,1774 :: 		
0x1860	0xF008C000  	MOVFF       R0, R8
;__Lib_MathDouble.c,1775 :: 		
0x1864	0xF000C001  	MOVFF       R1, R0
;__Lib_MathDouble.c,1776 :: 		
0x1868	0x6A01      	CLRF        R1, 0
;__Lib_MathDouble.c,1778 :: 		
0x186A	0x0E08      	MOVLW       8
;__Lib_MathDouble.c,1779 :: 		
0x186C	0x5C03      	SUBWF       R3, 0, 0
;__Lib_MathDouble.c,1780 :: 		
0x186E	0xA0D8      	BTFSS       STATUS, 0, 0
;__Lib_MathDouble.c,1781 :: 		
0x1870	0xF00CEF4C  	GOTO        TSHIFT3232
;__Lib_MathDouble.c,1782 :: 		
0x1874	0x6E03      	MOVWF       R3, 0
;__Lib_MathDouble.c,1783 :: 		
0x1876	0x3608      	RLCF        R8, 1, 0
;__Lib_MathDouble.c,1784 :: 		
0x1878	0xF008C000  	MOVFF       R0, R8
;__Lib_MathDouble.c,1785 :: 		
0x187C	0x6A00      	CLRF        R0, 0
;__Lib_MathDouble.c,1787 :: 		
0x187E	0x0E08      	MOVLW       8
;__Lib_MathDouble.c,1788 :: 		
0x1880	0x5C03      	SUBWF       R3, 0, 0
;__Lib_MathDouble.c,1789 :: 		
0x1882	0xA0D8      	BTFSS       STATUS, 0, 0
;__Lib_MathDouble.c,1790 :: 		
0x1884	0xF00CEF4C  	GOTO        TSHIFT3232
;__Lib_MathDouble.c,1791 :: 		
0x1888	0x6E03      	MOVWF       R3, 0
;__Lib_MathDouble.c,1792 :: 		
0x188A	0x3608      	RLCF        R8, 1, 0
;__Lib_MathDouble.c,1793 :: 		
0x188C	0x6A08      	CLRF        R8, 0
;__Lib_MathDouble.c,1794 :: 		
0x188E	0x5003      	MOVF        R3, 0, 0
;__Lib_MathDouble.c,1795 :: 		
0x1890	0xA4D8      	BTFSS       STATUS, 2, 0
;__Lib_MathDouble.c,1796 :: 		
0x1892	0x90D8      	BCF         STATUS, 0, 0
;__Lib_MathDouble.c,1797 :: 		
0x1894	0xF00CEF58  	GOTO        SHIFT3232OK
;__Lib_MathDouble.c,1798 :: 		
TSHIFT3232:
;__Lib_MathDouble.c,1799 :: 		
0x1898	0x5003      	MOVF        R3, 0, 0
;__Lib_MathDouble.c,1800 :: 		
0x189A	0xB4D8      	BTFSC       STATUS, 2, 0
;__Lib_MathDouble.c,1801 :: 		
0x189C	0xF00CEF58  	GOTO        SHIFT3232OK
;__Lib_MathDouble.c,1802 :: 		
SHIFT3232:
;__Lib_MathDouble.c,1803 :: 		
0x18A0	0x90D8      	BCF         STATUS, 0, 0
;__Lib_MathDouble.c,1804 :: 		
0x18A2	0x3202      	RRCF        R2, 1, 0
;__Lib_MathDouble.c,1805 :: 		
0x18A4	0x3201      	RRCF        R1, 1, 0
;__Lib_MathDouble.c,1806 :: 		
0x18A6	0x3200      	RRCF        R0, 1, 0
;__Lib_MathDouble.c,1807 :: 		
0x18A8	0x3208      	RRCF        R8, 1, 0
;__Lib_MathDouble.c,1808 :: 		
0x18AA	0x2E03      	DECFSZ      R3, 1, 0
;__Lib_MathDouble.c,1809 :: 		
0x18AC	0xF00CEF50  	GOTO        SHIFT3232
;__Lib_MathDouble.c,1810 :: 		
SHIFT3232OK:
;__Lib_MathDouble.c,1811 :: 		
0x18B0	0xBC0B      	BTFSC       R11, 6, 0
;__Lib_MathDouble.c,1812 :: 		
0x18B2	0xA008      	BTFSS       R8, 0, 0
;__Lib_MathDouble.c,1813 :: 		
0x18B4	0xF00CEF69  	GOTO        INT3232OK
;__Lib_MathDouble.c,1814 :: 		
0x18B8	0xA0D8      	BTFSS       STATUS, 0, 0
;__Lib_MathDouble.c,1815 :: 		
0x18BA	0xF00CEF69  	GOTO        INT3232OK
;__Lib_MathDouble.c,1816 :: 		
0x18BE	0x2A08      	INCF        R8, 1, 0
;__Lib_MathDouble.c,1817 :: 		
0x18C0	0xB4D8      	BTFSC       STATUS, 2, 0
;__Lib_MathDouble.c,1818 :: 		
0x18C2	0x2A00      	INCF        R0, 1, 0
;__Lib_MathDouble.c,1819 :: 		
0x18C4	0xB4D8      	BTFSC       STATUS, 2, 0
;__Lib_MathDouble.c,1820 :: 		
0x18C6	0x2A01      	INCF        R1, 1, 0
;__Lib_MathDouble.c,1821 :: 		
0x18C8	0xB4D8      	BTFSC       STATUS, 2, 0
;__Lib_MathDouble.c,1822 :: 		
0x18CA	0x2A02      	INCF        R2, 1, 0
;__Lib_MathDouble.c,1823 :: 		
0x18CC	0xBE02      	BTFSC       R2, 7, 0
;__Lib_MathDouble.c,1824 :: 		
0x18CE	0xF00CEF93  	GOTO        JPISETIOV3224
;__Lib_MathDouble.c,1825 :: 		
INT3232OK:
;__Lib_MathDouble.c,1826 :: 		
0x18D2	0xAE0A      	BTFSS       R10, 7, 0
;__Lib_MathDouble.c,1827 :: 		
0x18D4	0xF00CEF8F  	GOTO        INT3232EOK
;__Lib_MathDouble.c,1829 :: 		
0x18D8	0x1E02      	COMF        R2, 1, 0
;__Lib_MathDouble.c,1830 :: 		
0x18DA	0x1E01      	COMF        R1, 1, 0
;__Lib_MathDouble.c,1831 :: 		
0x18DC	0x1E00      	COMF        R0, 1, 0
;__Lib_MathDouble.c,1832 :: 		
0x18DE	0x1E08      	COMF        R8, 1, 0
;__Lib_MathDouble.c,1833 :: 		
0x18E0	0x2A08      	INCF        R8, 1, 0
;__Lib_MathDouble.c,1834 :: 		
0x18E2	0xB4D8      	BTFSC       STATUS, 2, 0
;__Lib_MathDouble.c,1835 :: 		
0x18E4	0x2A00      	INCF        R0, 1, 0
;__Lib_MathDouble.c,1836 :: 		
0x18E6	0xB4D8      	BTFSC       STATUS, 2, 0
;__Lib_MathDouble.c,1837 :: 		
0x18E8	0x2A01      	INCF        R1, 1, 0
;__Lib_MathDouble.c,1838 :: 		
0x18EA	0xB4D8      	BTFSC       STATUS, 2, 0
;__Lib_MathDouble.c,1839 :: 		
0x18EC	0x2A02      	INCF        R2, 1, 0
;__Lib_MathDouble.c,1840 :: 		
0x18EE	0xF00CEF8F  	GOTO        INT3232EOK
;__Lib_MathDouble.c,1842 :: 		
0x18F2	0x6A02      	CLRF        R2, 0
;__Lib_MathDouble.c,1843 :: 		
0x18F4	0x6A01      	CLRF        R1, 0
;__Lib_MathDouble.c,1844 :: 		
0x18F6	0x6A00      	CLRF        R0, 0
;__Lib_MathDouble.c,1845 :: 		
0x18F8	0x6A08      	CLRF        R8, 0
;__Lib_MathDouble.c,1846 :: 		
0x18FA	0xF00CEF8F  	GOTO        INT3232EOK
;__Lib_MathDouble.c,1847 :: 		
SETIOV32:
;__Lib_MathDouble.c,1848 :: 		
0x18FE	0x800B      	BSF         R11, 0, 0
;__Lib_MathDouble.c,1849 :: 		
0x1900	0xAE0B      	BTFSS       R11, 7, 0
;__Lib_MathDouble.c,1850 :: 		
0x1902	0xF00CEF9A  	GOTO        INT3232EER
;__Lib_MathDouble.c,1852 :: 		
0x1906	0x6A02      	CLRF        R2, 0
;__Lib_MathDouble.c,1853 :: 		
0x1908	0xAE0A      	BTFSS       R10, 7, 0
;__Lib_MathDouble.c,1854 :: 		
0x190A	0xF00CEF9A  	GOTO        INT3232EER
;__Lib_MathDouble.c,1855 :: 		
0x190E	0x6E02      	MOVWF       R2, 0
;__Lib_MathDouble.c,1856 :: 		
0x1910	0x6E01      	MOVWF       R1, 0
;__Lib_MathDouble.c,1857 :: 		
0x1912	0x6E00      	MOVWF       R0, 0
;__Lib_MathDouble.c,1858 :: 		
0x1914	0x6E08      	MOVWF       R8, 0
;__Lib_MathDouble.c,1859 :: 		
0x1916	0x360A      	RLCF        R10, 1, 0
;__Lib_MathDouble.c,1860 :: 		
0x1918	0x3202      	RRCF        R2, 1, 0
;__Lib_MathDouble.c,1861 :: 		
0x191A	0xF00CEF9A  	GOTO        INT3232EER
;__Lib_MathDouble.c,1863 :: 		
INT3232EOK:
;__Lib_MathDouble.c,1864 :: 		
0x191E	0x6A0C      	CLRF        R12, 0
;__Lib_MathDouble.c,1865 :: 		
0x1920	0x0E00      	MOVLW       0
;__Lib_MathDouble.c,1866 :: 		
0x1922	0xF00CEF9B  	GOTO        INT3232EEE
;__Lib_MathDouble.c,1867 :: 		
JPISETIOV3224:
;__Lib_MathDouble.c,1868 :: 		
0x1926	0x0E01      	MOVLW       1
;__Lib_MathDouble.c,1869 :: 		
0x1928	0x6E0C      	MOVWF       R12, 0
;__Lib_MathDouble.c,1870 :: 		
0x192A	0x0E00      	MOVLW       0
;__Lib_MathDouble.c,1872 :: 		
0x192C	0xF004ECE1  	CALL        _SETIOV3224, 0
;__Lib_MathDouble.c,1874 :: 		
0x1930	0xF00CEF9B  	GOTO        INT3232EEE
;__Lib_MathDouble.c,1875 :: 		
INT3232EER:
;__Lib_MathDouble.c,1876 :: 		
0x1934	0x0EFF      	MOVLW       255
;__Lib_MathDouble.c,1877 :: 		
INT3232EEE:
;__Lib_MathDouble.c,1878 :: 		
0x1936	0x5002      	MOVF        R2, 0, 0
;__Lib_MathDouble.c,1879 :: 		
0x1938	0x6E03      	MOVWF       R3, 0
;__Lib_MathDouble.c,1880 :: 		
0x193A	0x5001      	MOVF        R1, 0, 0
;__Lib_MathDouble.c,1881 :: 		
0x193C	0x6E02      	MOVWF       R2, 0
;__Lib_MathDouble.c,1882 :: 		
0x193E	0x5000      	MOVF        R0, 0, 0
;__Lib_MathDouble.c,1883 :: 		
0x1940	0x6E01      	MOVWF       R1, 0
;__Lib_MathDouble.c,1884 :: 		
0x1942	0x5008      	MOVF        R8, 0, 0
;__Lib_MathDouble.c,1885 :: 		
0x1944	0x6E00      	MOVWF       R0, 0
;__Lib_MathDouble.c,1890 :: 		
L_end_double2longint:
0x1946	0x0012      	RETURN      0
; end of _double2longint
_Div_32x32_FP:
;__Lib_MathDouble.c,1325 :: 		
;__Lib_MathDouble.c,1339 :: 		
0x1948	0x5004      	MOVF        R4, 0 
0x194A	0x0A00      	XORLW       0
0x194C	0xE112      	BNZ         L_Div_32x32_FP11
;__Lib_MathDouble.c,1340 :: 		
0x194E	0x5005      	MOVF        R5, 0 
0x1950	0x0A00      	XORLW       0
0x1952	0xE10F      	BNZ         L_Div_32x32_FP12
;__Lib_MathDouble.c,1341 :: 		
0x1954	0x5006      	MOVF        R6, 0 
0x1956	0x0A00      	XORLW       0
0x1958	0xE10C      	BNZ         L_Div_32x32_FP13
;__Lib_MathDouble.c,1342 :: 		
0x195A	0x5007      	MOVF        R7, 0 
0x195C	0x0A00      	XORLW       0
0x195E	0xE109      	BNZ         L_Div_32x32_FP14
;__Lib_MathDouble.c,1343 :: 		
0x1960	0x0EFF      	MOVLW       255
0x1962	0x6E00      	MOVWF       R0 
;__Lib_MathDouble.c,1344 :: 		
0x1964	0x0EFF      	MOVLW       255
0x1966	0x6E01      	MOVWF       R1 
;__Lib_MathDouble.c,1345 :: 		
0x1968	0x0E7F      	MOVLW       127
0x196A	0x6E02      	MOVWF       R2 
;__Lib_MathDouble.c,1346 :: 		
0x196C	0x0EFF      	MOVLW       255
0x196E	0x6E03      	MOVWF       R3 
;__Lib_MathDouble.c,1347 :: 		
0x1970	0xD0A8      	BRA         L_end_Div_32x32_FP
;__Lib_MathDouble.c,1348 :: 		
L_Div_32x32_FP14:
L_Div_32x32_FP13:
L_Div_32x32_FP12:
L_Div_32x32_FP11:
;__Lib_MathDouble.c,1353 :: 		
0x1972	0x6A08      	CLRF        R8, 0
;__Lib_MathDouble.c,1354 :: 		
0x1974	0x6A09      	CLRF        R9, 0
;__Lib_MathDouble.c,1356 :: 		
0x1976	0x5007      	MOVF        R7, 0, 0
;__Lib_MathDouble.c,1357 :: 		
0x1978	0xB4D8      	BTFSC       STATUS, 2, 0
;__Lib_MathDouble.c,1358 :: 		
0x197A	0xF00DEF4F  	GOTO        JPDSETFDZ32
;__Lib_MathDouble.c,1360 :: 		
0x197E	0x5003      	MOVF        R3, 0, 0
;__Lib_MathDouble.c,1361 :: 		
0x1980	0xB4D8      	BTFSC       STATUS, 2, 0
;__Lib_MathDouble.c,1362 :: 		
0x1982	0xF00DEF54  	GOTO        JPDRES032
;__Lib_MathDouble.c,1364 :: 		
0x1986	0x5002      	MOVF        R2, 0, 0
;__Lib_MathDouble.c,1365 :: 		
0x1988	0x1806      	XORWF       R6, 0, 0
;__Lib_MathDouble.c,1366 :: 		
0x198A	0x6E0A      	MOVWF       R10, 0
;__Lib_MathDouble.c,1367 :: 		
0x198C	0x8E02      	BSF         R2, 7, 0
;__Lib_MathDouble.c,1368 :: 		
0x198E	0x8E06      	BSF         R6, 7, 0
;__Lib_MathDouble.c,1370 :: 		
0x1990	0x6A0E      	CLRF        R14, 0
;__Lib_MathDouble.c,1371 :: 		
0x1992	0xF008C002  	MOVFF       R2, R8
;__Lib_MathDouble.c,1372 :: 		
0x1996	0xF00CC001  	MOVFF       R1, R12
;__Lib_MathDouble.c,1373 :: 		
0x199A	0xF00DC000  	MOVFF       R0, R13
;__Lib_MathDouble.c,1375 :: 		
0x199E	0x5004      	MOVF        R4, 0, 0
;__Lib_MathDouble.c,1376 :: 		
0x19A0	0x5E0D      	SUBWF       R13, 1, 0
;__Lib_MathDouble.c,1377 :: 		
0x19A2	0x5005      	MOVF        R5, 0, 0
;__Lib_MathDouble.c,1378 :: 		
0x19A4	0xA0D8      	BTFSS       STATUS, 0, 0
;__Lib_MathDouble.c,1379 :: 		
0x19A6	0x3C05      	INCFSZ      R5, 0, 0
;__Lib_MathDouble.c,1381 :: 		
0x19A8	0x5E0C      	SUBWF       R12, 1, 0
;__Lib_MathDouble.c,1382 :: 		
0x19AA	0x5006      	MOVF        R6, 0, 0
;__Lib_MathDouble.c,1383 :: 		
0x19AC	0xA0D8      	BTFSS       STATUS, 0, 0
;__Lib_MathDouble.c,1384 :: 		
0x19AE	0x3C06      	INCFSZ      R6, 0, 0
;__Lib_MathDouble.c,1386 :: 		
0x19B0	0x5E08      	SUBWF       R8, 1, 0
;__Lib_MathDouble.c,1387 :: 		
0x19B2	0x6A08      	CLRF        R8, 0
;__Lib_MathDouble.c,1388 :: 		
0x19B4	0x6A0C      	CLRF        R12, 0
;__Lib_MathDouble.c,1389 :: 		
0x19B6	0x6A0D      	CLRF        R13, 0
;__Lib_MathDouble.c,1390 :: 		
0x19B8	0xA0D8      	BTFSS       STATUS, 0, 0
;__Lib_MathDouble.c,1391 :: 		
0x19BA	0xF00CEFE6  	GOTO        DALIGN32OK
;__Lib_MathDouble.c,1393 :: 		
0x19BE	0x90D8      	BCF         STATUS, 0, 0
;__Lib_MathDouble.c,1394 :: 		
0x19C0	0x3202      	RRCF        R2, 1, 0
;__Lib_MathDouble.c,1395 :: 		
0x19C2	0x3201      	RRCF        R1, 1, 0
;__Lib_MathDouble.c,1396 :: 		
0x19C4	0x3200      	RRCF        R0, 1, 0
;__Lib_MathDouble.c,1397 :: 		
0x19C6	0x3208      	RRCF        R8, 1, 0
;__Lib_MathDouble.c,1398 :: 		
0x19C8	0x0E01      	MOVLW       1
;__Lib_MathDouble.c,1399 :: 		
0x19CA	0x6E0E      	MOVWF       R14, 0
;__Lib_MathDouble.c,1400 :: 		
DALIGN32OK:
;__Lib_MathDouble.c,1401 :: 		
0x19CC	0x5007      	MOVF        R7, 0, 0
;__Lib_MathDouble.c,1402 :: 		
0x19CE	0x5E03      	SUBWF       R3, 1, 0
;__Lib_MathDouble.c,1403 :: 		
0x19D0	0xA0D8      	BTFSS       STATUS, 0, 0
;__Lib_MathDouble.c,1404 :: 		
0x19D2	0xF00CEFF3  	GOTO        ALTB32
;__Lib_MathDouble.c,1406 :: 		
0x19D6	0x0E7E      	MOVLW       126
;__Lib_MathDouble.c,1407 :: 		
0x19D8	0x240E      	ADDWF       R14, 0, 0
;__Lib_MathDouble.c,1408 :: 		
0x19DA	0x2603      	ADDWF       R3, 1, 0
;__Lib_MathDouble.c,1409 :: 		
0x19DC	0xB0D8      	BTFSC       STATUS, 0, 0
;__Lib_MathDouble.c,1410 :: 		
0x19DE	0xF00DEF59  	GOTO        JPDSETFOV32
;__Lib_MathDouble.c,1411 :: 		
0x19E2	0xF00CEFF9  	GOTO        DARGOK32
;__Lib_MathDouble.c,1412 :: 		
ALTB32:
;__Lib_MathDouble.c,1413 :: 		
0x19E6	0x0E7E      	MOVLW       126
;__Lib_MathDouble.c,1414 :: 		
0x19E8	0x240E      	ADDWF       R14, 0, 0
;__Lib_MathDouble.c,1415 :: 		
0x19EA	0x2603      	ADDWF       R3, 1, 0
;__Lib_MathDouble.c,1416 :: 		
0x19EC	0xA0D8      	BTFSS       STATUS, 0, 0
;__Lib_MathDouble.c,1417 :: 		
0x19EE	0xF00DEF5E  	GOTO        JPDSETFUN32
;__Lib_MathDouble.c,1418 :: 		
DARGOK32:
;__Lib_MathDouble.c,1419 :: 		
0x19F2	0x0E18      	MOVLW       24
;__Lib_MathDouble.c,1420 :: 		
0x19F4	0x6E0B      	MOVWF       R11, 0
;__Lib_MathDouble.c,1421 :: 		
DLOOP32:
;__Lib_MathDouble.c,1422 :: 		
0x19F6	0x360D      	RLCF        R13, 1, 0
;__Lib_MathDouble.c,1423 :: 		
0x19F8	0x360C      	RLCF        R12, 1, 0
;__Lib_MathDouble.c,1424 :: 		
0x19FA	0x3608      	RLCF        R8, 1, 0
;__Lib_MathDouble.c,1425 :: 		
0x19FC	0x3600      	RLCF        R0, 1, 0
;__Lib_MathDouble.c,1426 :: 		
0x19FE	0x3601      	RLCF        R1, 1, 0
;__Lib_MathDouble.c,1427 :: 		
0x1A00	0x3602      	RLCF        R2, 1, 0
;__Lib_MathDouble.c,1428 :: 		
0x1A02	0x360E      	RLCF        R14, 1, 0
;__Lib_MathDouble.c,1430 :: 		
0x1A04	0x5004      	MOVF        R4, 0, 0
;__Lib_MathDouble.c,1431 :: 		
0x1A06	0x5E00      	SUBWF       R0, 1, 0
;__Lib_MathDouble.c,1432 :: 		
0x1A08	0x5005      	MOVF        R5, 0, 0
;__Lib_MathDouble.c,1433 :: 		
0x1A0A	0xA0D8      	BTFSS       STATUS, 0, 0
;__Lib_MathDouble.c,1434 :: 		
0x1A0C	0x3C05      	INCFSZ      R5, 0, 0
;__Lib_MathDouble.c,1436 :: 		
0x1A0E	0x5E01      	SUBWF       R1, 1, 0
;__Lib_MathDouble.c,1437 :: 		
0x1A10	0x5006      	MOVF        R6, 0, 0
;__Lib_MathDouble.c,1438 :: 		
0x1A12	0xA0D8      	BTFSS       STATUS, 0, 0
;__Lib_MathDouble.c,1439 :: 		
0x1A14	0x3C06      	INCFSZ      R6, 0, 0
;__Lib_MathDouble.c,1441 :: 		
0x1A16	0x5E02      	SUBWF       R2, 1, 0
;__Lib_MathDouble.c,1442 :: 		
0x1A18	0x3406      	RLCF        R6, 0, 0
;__Lib_MathDouble.c,1443 :: 		
0x1A1A	0x120E      	IORWF       R14, 1, 0
;__Lib_MathDouble.c,1444 :: 		
0x1A1C	0xA00E      	BTFSS       R14, 0, 0
;__Lib_MathDouble.c,1445 :: 		
0x1A1E	0xF00DEF14  	GOTO        DREST32
;__Lib_MathDouble.c,1446 :: 		
0x1A22	0x800D      	BSF         R13, 0, 0
;__Lib_MathDouble.c,1447 :: 		
0x1A24	0xF00DEF1F  	GOTO        DOK32
;__Lib_MathDouble.c,1448 :: 		
DREST32:
;__Lib_MathDouble.c,1449 :: 		
0x1A28	0x5004      	MOVF        R4, 0, 0
;__Lib_MathDouble.c,1450 :: 		
0x1A2A	0x2600      	ADDWF       R0, 1, 0
;__Lib_MathDouble.c,1451 :: 		
0x1A2C	0x5005      	MOVF        R5, 0, 0
;__Lib_MathDouble.c,1452 :: 		
0x1A2E	0xB0D8      	BTFSC       STATUS, 0, 0
;__Lib_MathDouble.c,1453 :: 		
0x1A30	0x3C05      	INCFSZ      R5, 0, 0
;__Lib_MathDouble.c,1455 :: 		
0x1A32	0x2601      	ADDWF       R1, 1, 0
;__Lib_MathDouble.c,1456 :: 		
0x1A34	0x5006      	MOVF        R6, 0, 0
;__Lib_MathDouble.c,1457 :: 		
0x1A36	0xB0D8      	BTFSC       STATUS, 0, 0
;__Lib_MathDouble.c,1458 :: 		
0x1A38	0x2806      	INCF        R6, 0, 0
;__Lib_MathDouble.c,1459 :: 		
0x1A3A	0x2602      	ADDWF       R2, 1, 0
;__Lib_MathDouble.c,1460 :: 		
0x1A3C	0x900D      	BCF         R13, 0, 0
;__Lib_MathDouble.c,1461 :: 		
DOK32:
;__Lib_MathDouble.c,1462 :: 		
0x1A3E	0x2E0B      	DECFSZ      R11, 1, 0
;__Lib_MathDouble.c,1463 :: 		
0x1A40	0xF00CEFFB  	GOTO        DLOOP32
;__Lib_MathDouble.c,1467 :: 		
0x1A44	0xF00DEF45  	GOTO        DIV32OK
;__Lib_MathDouble.c,1468 :: 		
0x1A48	0x90D8      	BCF         STATUS, 0, 0
;__Lib_MathDouble.c,1469 :: 		
0x1A4A	0x3600      	RLCF        R0, 1, 0
;__Lib_MathDouble.c,1470 :: 		
0x1A4C	0x3601      	RLCF        R1, 1, 0
;__Lib_MathDouble.c,1471 :: 		
0x1A4E	0x3602      	RLCF        R2, 1, 0
;__Lib_MathDouble.c,1472 :: 		
0x1A50	0x360E      	RLCF        R14, 1, 0
;__Lib_MathDouble.c,1474 :: 		
0x1A52	0x5004      	MOVF        R4, 0, 0
;__Lib_MathDouble.c,1475 :: 		
0x1A54	0x5E00      	SUBWF       R0, 1, 0
;__Lib_MathDouble.c,1476 :: 		
0x1A56	0x5005      	MOVF        R5, 0, 0
;__Lib_MathDouble.c,1477 :: 		
0x1A58	0xA0D8      	BTFSS       STATUS, 0, 0
;__Lib_MathDouble.c,1478 :: 		
0x1A5A	0x3C05      	INCFSZ      R5, 0, 0
;__Lib_MathDouble.c,1479 :: 		
0x1A5C	0x5E01      	SUBWF       R1, 1, 0
;__Lib_MathDouble.c,1480 :: 		
0x1A5E	0x5006      	MOVF        R6, 0, 0
;__Lib_MathDouble.c,1481 :: 		
0x1A60	0xA0D8      	BTFSS       STATUS, 0, 0
;__Lib_MathDouble.c,1482 :: 		
0x1A62	0x3C06      	INCFSZ      R6, 0, 0
;__Lib_MathDouble.c,1483 :: 		
0x1A64	0x5E02      	SUBWF       R2, 1, 0
;__Lib_MathDouble.c,1484 :: 		
0x1A66	0x3406      	RLCF        R6, 0, 0
;__Lib_MathDouble.c,1485 :: 		
0x1A68	0x100E      	IORWF       R14, 0, 0
;__Lib_MathDouble.c,1486 :: 		
0x1A6A	0x0B01      	ANDLW       1
;__Lib_MathDouble.c,1487 :: 		
0x1A6C	0x260D      	ADDWF       R13, 1, 0
;__Lib_MathDouble.c,1488 :: 		
0x1A6E	0xB0D8      	BTFSC       STATUS, 0, 0
;__Lib_MathDouble.c,1489 :: 		
0x1A70	0x2A0C      	INCF        R12, 1, 0
;__Lib_MathDouble.c,1490 :: 		
0x1A72	0xB4D8      	BTFSC       STATUS, 2, 0
;__Lib_MathDouble.c,1491 :: 		
0x1A74	0x2A08      	INCF        R8, 1, 0
;__Lib_MathDouble.c,1492 :: 		
0x1A76	0xA4D8      	BTFSS       STATUS, 2, 0
;__Lib_MathDouble.c,1493 :: 		
0x1A78	0xF00DEF45  	GOTO        DIV32OK
;__Lib_MathDouble.c,1494 :: 		
0x1A7C	0x3208      	RRCF        R8, 1, 0
;__Lib_MathDouble.c,1495 :: 		
0x1A7E	0x320C      	RRCF        R12, 1, 0
;__Lib_MathDouble.c,1496 :: 		
0x1A80	0x320D      	RRCF        R13, 1, 0
;__Lib_MathDouble.c,1497 :: 		
0x1A82	0x2A03      	INCF        R3, 1, 0
;__Lib_MathDouble.c,1498 :: 		
0x1A84	0xB4D8      	BTFSC       STATUS, 2, 0
;__Lib_MathDouble.c,1499 :: 		
0x1A86	0xF00DEF59  	GOTO        JPDSETFOV32
;__Lib_MathDouble.c,1500 :: 		
DIV32OK:
;__Lib_MathDouble.c,1501 :: 		
0x1A8A	0xAE0A      	BTFSS       R10, 7, 0
;__Lib_MathDouble.c,1502 :: 		
0x1A8C	0x9E08      	BCF         R8, 7, 0
;__Lib_MathDouble.c,1503 :: 		
0x1A8E	0x5008      	MOVF        R8, 0, 0
;__Lib_MathDouble.c,1504 :: 		
0x1A90	0x6E02      	MOVWF       R2, 0
;__Lib_MathDouble.c,1505 :: 		
0x1A92	0x500C      	MOVF        R12, 0, 0
;__Lib_MathDouble.c,1506 :: 		
0x1A94	0x6E01      	MOVWF       R1, 0
;__Lib_MathDouble.c,1507 :: 		
0x1A96	0x500D      	MOVF        R13, 0, 0
;__Lib_MathDouble.c,1508 :: 		
0x1A98	0x6E00      	MOVWF       R0, 0
;__Lib_MathDouble.c,1511 :: 		
0x1A9A	0xF00DEF61  	GOTO        DIV32EEE
;__Lib_MathDouble.c,1512 :: 		
JPDSETFDZ32:
;__Lib_MathDouble.c,1513 :: 		
0x1A9E	0x0E01      	MOVLW       1
;__Lib_MathDouble.c,1516 :: 		
0x1AA0	0xF004ECDD  	CALL        _SETFDZ32, 0
;__Lib_MathDouble.c,1518 :: 		
0x1AA4	0xF00DEF61  	GOTO        DIV32EEE
;__Lib_MathDouble.c,1519 :: 		
JPDRES032:
;__Lib_MathDouble.c,1520 :: 		
0x1AA8	0x0E02      	MOVLW       2
;__Lib_MathDouble.c,1523 :: 		
0x1AAA	0xF000ECB2  	CALL        _RES032, 0
;__Lib_MathDouble.c,1525 :: 		
0x1AAE	0xF00DEF61  	GOTO        DIV32EEE
;__Lib_MathDouble.c,1526 :: 		
JPDSETFOV32:
;__Lib_MathDouble.c,1527 :: 		
0x1AB2	0x0E04      	MOVLW       4
;__Lib_MathDouble.c,1530 :: 		
0x1AB4	0xF000EC95  	CALL        _SETFOV32, 0
;__Lib_MathDouble.c,1532 :: 		
0x1AB8	0xF00DEF61  	GOTO        DIV32EEE
;__Lib_MathDouble.c,1533 :: 		
JPDSETFUN32:
;__Lib_MathDouble.c,1534 :: 		
0x1ABC	0x0E08      	MOVLW       8
;__Lib_MathDouble.c,1537 :: 		
0x1ABE	0xF000ECA5  	CALL        _SETFUN32, 0
;__Lib_MathDouble.c,1539 :: 		
DIV32EEE:
;__Lib_MathDouble.c,1547 :: 		
L_end_Div_32x32_FP:
0x1AC2	0x0012      	RETURN      0
; end of _Div_32x32_FP
_double2longword:
;__Lib_MathDouble.c,1559 :: 		
;__Lib_MathDouble.c,1569 :: 		
0x1AC4	0x6A0B      	CLRF        R11, 0
;__Lib_MathDouble.c,1570 :: 		
0x1AC6	0x6A0C      	CLRF        R12, 0
;__Lib_MathDouble.c,1571 :: 		
0x1AC8	0x6A0A      	CLRF        R10, 0
;__Lib_MathDouble.c,1573 :: 		
0x1ACA	0x6A08      	CLRF        R8, 0
;__Lib_MathDouble.c,1574 :: 		
0x1ACC	0x5003      	MOVF        R3, 0, 0
;__Lib_MathDouble.c,1575 :: 		
0x1ACE	0xB4D8      	BTFSC       STATUS, 2, 0
;__Lib_MathDouble.c,1576 :: 		
0x1AD0	0xF00DEFEA  	GOTO        INT3232UEOK
;__Lib_MathDouble.c,1578 :: 		
0x1AD4	0x8E02      	BSF         R2, 7, 0
;__Lib_MathDouble.c,1580 :: 		
0x1AD6	0x0E9E      	MOVLW       158
;__Lib_MathDouble.c,1581 :: 		
0x1AD8	0x5E03      	SUBWF       R3, 1, 0
;__Lib_MathDouble.c,1582 :: 		
0x1ADA	0xBE03      	BTFSC       R3, 7, 0
;__Lib_MathDouble.c,1583 :: 		
0x1ADC	0xF00DEF75  	GOTO        SETEXP32U
;__Lib_MathDouble.c,1584 :: 		
0x1AE0	0xB4D8      	BTFSC       STATUS, 2, 0
;__Lib_MathDouble.c,1585 :: 		
0x1AE2	0xF00DEF75  	GOTO        SETEXP32U
;__Lib_MathDouble.c,1586 :: 		
0x1AE6	0xF00DEFDA  	GOTO        SETIOV32U
;__Lib_MathDouble.c,1587 :: 		
SETEXP32U:
;__Lib_MathDouble.c,1588 :: 		
0x1AEA	0x6C03      	NEGF        R3, 0
;__Lib_MathDouble.c,1590 :: 		
0x1AEC	0x0E08      	MOVLW       8
;__Lib_MathDouble.c,1591 :: 		
0x1AEE	0x5C03      	SUBWF       R3, 0, 0
;__Lib_MathDouble.c,1592 :: 		
0x1AF0	0xA0D8      	BTFSS       STATUS, 0, 0
;__Lib_MathDouble.c,1593 :: 		
0x1AF2	0xF00DEFA7  	GOTO        TSHIFT3232U
;__Lib_MathDouble.c,1594 :: 		
0x1AF6	0x6E03      	MOVWF       R3, 0
;__Lib_MathDouble.c,1595 :: 		
0x1AF8	0x3608      	RLCF        R8, 1, 0
;__Lib_MathDouble.c,1596 :: 		
0x1AFA	0xF008C000  	MOVFF       R0, R8
;__Lib_MathDouble.c,1597 :: 		
0x1AFE	0xF000C001  	MOVFF       R1, R0
;__Lib_MathDouble.c,1598 :: 		
0x1B02	0xF001C002  	MOVFF       R2, R1
;__Lib_MathDouble.c,1599 :: 		
0x1B06	0x6A02      	CLRF        R2, 0
;__Lib_MathDouble.c,1601 :: 		
0x1B08	0x0E08      	MOVLW       8
;__Lib_MathDouble.c,1602 :: 		
0x1B0A	0x5C03      	SUBWF       R3, 0, 0
;__Lib_MathDouble.c,1603 :: 		
0x1B0C	0xA0D8      	BTFSS       STATUS, 0, 0
;__Lib_MathDouble.c,1604 :: 		
0x1B0E	0xF00DEFA7  	GOTO        TSHIFT3232U
;__Lib_MathDouble.c,1605 :: 		
0x1B12	0x6E03      	MOVWF       R3, 0
;__Lib_MathDouble.c,1606 :: 		
0x1B14	0x3608      	RLCF        R8, 1, 0
;__Lib_MathDouble.c,1607 :: 		
0x1B16	0xF008C000  	MOVFF       R0, R8
;__Lib_MathDouble.c,1608 :: 		
0x1B1A	0xF000C001  	MOVFF       R1, R0
;__Lib_MathDouble.c,1609 :: 		
0x1B1E	0x6A01      	CLRF        R1, 0
;__Lib_MathDouble.c,1611 :: 		
0x1B20	0x0E08      	MOVLW       8
;__Lib_MathDouble.c,1612 :: 		
0x1B22	0x5C03      	SUBWF       R3, 0, 0
;__Lib_MathDouble.c,1613 :: 		
0x1B24	0xA0D8      	BTFSS       STATUS, 0, 0
;__Lib_MathDouble.c,1614 :: 		
0x1B26	0xF00DEFA7  	GOTO        TSHIFT3232U
;__Lib_MathDouble.c,1615 :: 		
0x1B2A	0x6E03      	MOVWF       R3, 0
;__Lib_MathDouble.c,1616 :: 		
0x1B2C	0x3608      	RLCF        R8, 1, 0
;__Lib_MathDouble.c,1617 :: 		
0x1B2E	0xF008C000  	MOVFF       R0, R8
;__Lib_MathDouble.c,1618 :: 		
0x1B32	0x6A00      	CLRF        R0, 0
;__Lib_MathDouble.c,1620 :: 		
0x1B34	0x0E08      	MOVLW       8
;__Lib_MathDouble.c,1621 :: 		
0x1B36	0x5C03      	SUBWF       R3, 0, 0
;__Lib_MathDouble.c,1622 :: 		
0x1B38	0xA0D8      	BTFSS       STATUS, 0, 0
;__Lib_MathDouble.c,1623 :: 		
0x1B3A	0xF00DEFA7  	GOTO        TSHIFT3232U
;__Lib_MathDouble.c,1624 :: 		
0x1B3E	0x6E03      	MOVWF       R3, 0
;__Lib_MathDouble.c,1625 :: 		
0x1B40	0x3608      	RLCF        R8, 1, 0
;__Lib_MathDouble.c,1626 :: 		
0x1B42	0x6A08      	CLRF        R8, 0
;__Lib_MathDouble.c,1628 :: 		
0x1B44	0x5003      	MOVF        R3, 0, 0
;__Lib_MathDouble.c,1629 :: 		
0x1B46	0xA4D8      	BTFSS       STATUS, 2, 0
;__Lib_MathDouble.c,1630 :: 		
0x1B48	0x90D8      	BCF         STATUS, 0, 0
;__Lib_MathDouble.c,1631 :: 		
0x1B4A	0xF00DEFB3  	GOTO        SHIFT3232UOK
;__Lib_MathDouble.c,1632 :: 		
TSHIFT3232U:
;__Lib_MathDouble.c,1633 :: 		
0x1B4E	0x5003      	MOVF        R3, 0, 0
;__Lib_MathDouble.c,1634 :: 		
0x1B50	0xB4D8      	BTFSC       STATUS, 2, 0
;__Lib_MathDouble.c,1635 :: 		
0x1B52	0xF00DEFB3  	GOTO        SHIFT3232UOK
;__Lib_MathDouble.c,1636 :: 		
SHIFT3232U:
;__Lib_MathDouble.c,1637 :: 		
0x1B56	0x90D8      	BCF         STATUS, 0, 0
;__Lib_MathDouble.c,1638 :: 		
0x1B58	0x3202      	RRCF        R2, 1, 0
;__Lib_MathDouble.c,1639 :: 		
0x1B5A	0x3201      	RRCF        R1, 1, 0
;__Lib_MathDouble.c,1640 :: 		
0x1B5C	0x3200      	RRCF        R0, 1, 0
;__Lib_MathDouble.c,1641 :: 		
0x1B5E	0x3208      	RRCF        R8, 1, 0
;__Lib_MathDouble.c,1642 :: 		
0x1B60	0x2E03      	DECFSZ      R3, 1, 0
;__Lib_MathDouble.c,1643 :: 		
0x1B62	0xF00DEFAB  	GOTO        SHIFT3232U
;__Lib_MathDouble.c,1644 :: 		
SHIFT3232UOK:
;__Lib_MathDouble.c,1645 :: 		
0x1B66	0xBC0B      	BTFSC       R11, 6, 0
;__Lib_MathDouble.c,1646 :: 		
0x1B68	0xA008      	BTFSS       R8, 0, 0
;__Lib_MathDouble.c,1647 :: 		
0x1B6A	0xF00DEFC4  	GOTO        INT3232UOK
;__Lib_MathDouble.c,1648 :: 		
0x1B6E	0xA0D8      	BTFSS       STATUS, 0, 0
;__Lib_MathDouble.c,1649 :: 		
0x1B70	0xF00DEFC4  	GOTO        INT3232UOK
;__Lib_MathDouble.c,1650 :: 		
0x1B74	0x2A08      	INCF        R8, 1, 0
;__Lib_MathDouble.c,1651 :: 		
0x1B76	0xB4D8      	BTFSC       STATUS, 2, 0
;__Lib_MathDouble.c,1652 :: 		
0x1B78	0x2A00      	INCF        R0, 1, 0
;__Lib_MathDouble.c,1653 :: 		
0x1B7A	0xB4D8      	BTFSC       STATUS, 2, 0
;__Lib_MathDouble.c,1654 :: 		
0x1B7C	0x2A01      	INCF        R1, 1, 0
;__Lib_MathDouble.c,1655 :: 		
0x1B7E	0xB4D8      	BTFSC       STATUS, 2, 0
;__Lib_MathDouble.c,1656 :: 		
0x1B80	0x2A02      	INCF        R2, 1, 0
;__Lib_MathDouble.c,1657 :: 		
0x1B82	0xBE02      	BTFSC       R2, 7, 0
;__Lib_MathDouble.c,1658 :: 		
0x1B84	0xF00DEFEE  	GOTO        JPLSETIOV3224
;__Lib_MathDouble.c,1659 :: 		
INT3232UOK:
;__Lib_MathDouble.c,1660 :: 		
0x1B88	0xAE0A      	BTFSS       R10, 7, 0
;__Lib_MathDouble.c,1661 :: 		
0x1B8A	0xF00DEFEA  	GOTO        INT3232UEOK
;__Lib_MathDouble.c,1663 :: 		
0x1B8E	0x1E02      	COMF        R2, 1, 0
;__Lib_MathDouble.c,1664 :: 		
0x1B90	0x1E01      	COMF        R1, 1, 0
;__Lib_MathDouble.c,1665 :: 		
0x1B92	0x1E00      	COMF        R0, 1, 0
;__Lib_MathDouble.c,1666 :: 		
0x1B94	0x1E08      	COMF        R8, 1, 0
;__Lib_MathDouble.c,1667 :: 		
0x1B96	0x2A08      	INCF        R8, 1, 0
;__Lib_MathDouble.c,1668 :: 		
0x1B98	0xB4D8      	BTFSC       STATUS, 2, 0
;__Lib_MathDouble.c,1669 :: 		
0x1B9A	0x2A00      	INCF        R0, 1, 0
;__Lib_MathDouble.c,1670 :: 		
0x1B9C	0xB4D8      	BTFSC       STATUS, 2, 0
;__Lib_MathDouble.c,1671 :: 		
0x1B9E	0x2A01      	INCF        R1, 1, 0
;__Lib_MathDouble.c,1672 :: 		
0x1BA0	0xB4D8      	BTFSC       STATUS, 2, 0
;__Lib_MathDouble.c,1673 :: 		
0x1BA2	0x2A02      	INCF        R2, 1, 0
;__Lib_MathDouble.c,1674 :: 		
0x1BA4	0xF00DEFEA  	GOTO        INT3232UEOK
;__Lib_MathDouble.c,1676 :: 		
0x1BA8	0x6A02      	CLRF        R2, 0
;__Lib_MathDouble.c,1677 :: 		
0x1BAA	0x6A01      	CLRF        R1, 0
;__Lib_MathDouble.c,1678 :: 		
0x1BAC	0x6A00      	CLRF        R0, 0
;__Lib_MathDouble.c,1679 :: 		
0x1BAE	0x6A08      	CLRF        R8, 0
;__Lib_MathDouble.c,1680 :: 		
0x1BB0	0xF00DEFEA  	GOTO        INT3232UEOK
;__Lib_MathDouble.c,1681 :: 		
SETIOV32U:
;__Lib_MathDouble.c,1682 :: 		
0x1BB4	0x800B      	BSF         R11, 0, 0
;__Lib_MathDouble.c,1683 :: 		
0x1BB6	0xAE0B      	BTFSS       R11, 7, 0
;__Lib_MathDouble.c,1684 :: 		
0x1BB8	0xF00DEFF4  	GOTO        INT3232UEER
;__Lib_MathDouble.c,1686 :: 		
0x1BBC	0x6A02      	CLRF        R2, 0
;__Lib_MathDouble.c,1687 :: 		
0x1BBE	0xAE0A      	BTFSS       R10, 7, 0
;__Lib_MathDouble.c,1688 :: 		
0x1BC0	0xF00DEFF4  	GOTO        INT3232UEER
;__Lib_MathDouble.c,1689 :: 		
0x1BC4	0x6E02      	MOVWF       R2, 0
;__Lib_MathDouble.c,1690 :: 		
0x1BC6	0x6E01      	MOVWF       R1, 0
;__Lib_MathDouble.c,1691 :: 		
0x1BC8	0x6E00      	MOVWF       R0, 0
;__Lib_MathDouble.c,1692 :: 		
0x1BCA	0x6E08      	MOVWF       R8, 0
;__Lib_MathDouble.c,1693 :: 		
0x1BCC	0x360A      	RLCF        R10, 1, 0
;__Lib_MathDouble.c,1694 :: 		
0x1BCE	0x3202      	RRCF        R2, 1, 0
;__Lib_MathDouble.c,1695 :: 		
0x1BD0	0xF00DEFF4  	GOTO        INT3232UEER
;__Lib_MathDouble.c,1697 :: 		
INT3232UEOK:
;__Lib_MathDouble.c,1698 :: 		
0x1BD4	0x0E00      	MOVLW       0
;__Lib_MathDouble.c,1699 :: 		
0x1BD6	0x6A0C      	CLRF        R12, 0
;__Lib_MathDouble.c,1700 :: 		
0x1BD8	0xF00DEFF5  	GOTO        INT3232UEEE
;__Lib_MathDouble.c,1701 :: 		
JPLSETIOV3224:
;__Lib_MathDouble.c,1702 :: 		
0x1BDC	0x0E01      	MOVLW       1
;__Lib_MathDouble.c,1703 :: 		
0x1BDE	0x6E0C      	MOVWF       R12, 0
;__Lib_MathDouble.c,1705 :: 		
0x1BE0	0xF004ECE1  	CALL        _SETIOV3224, 0
;__Lib_MathDouble.c,1707 :: 		
0x1BE4	0xF00DEFF5  	GOTO        INT3232UEEE
;__Lib_MathDouble.c,1708 :: 		
INT3232UEER:
;__Lib_MathDouble.c,1709 :: 		
0x1BE8	0x0EFF      	MOVLW       255
;__Lib_MathDouble.c,1710 :: 		
INT3232UEEE:
;__Lib_MathDouble.c,1711 :: 		
0x1BEA	0x5002      	MOVF        R2, 0, 0
;__Lib_MathDouble.c,1712 :: 		
0x1BEC	0x6E03      	MOVWF       R3, 0
;__Lib_MathDouble.c,1713 :: 		
0x1BEE	0x5001      	MOVF        R1, 0, 0
;__Lib_MathDouble.c,1714 :: 		
0x1BF0	0x6E02      	MOVWF       R2, 0
;__Lib_MathDouble.c,1715 :: 		
0x1BF2	0x5000      	MOVF        R0, 0, 0
;__Lib_MathDouble.c,1716 :: 		
0x1BF4	0x6E01      	MOVWF       R1, 0
;__Lib_MathDouble.c,1717 :: 		
0x1BF6	0x5008      	MOVF        R8, 0, 0
;__Lib_MathDouble.c,1718 :: 		
0x1BF8	0x6E00      	MOVWF       R0, 0
;__Lib_MathDouble.c,1723 :: 		
L_end_double2longword:
0x1BFA	0x0012      	RETURN      0
; end of _double2longword
_UART_Write:
;__Lib_UART_c67.c,119 :: 		
;__Lib_UART_c67.c,120 :: 		
0x1BFC	0xFFE1C0D1  	MOVFF       _UART_Wr_Ptr+2, FSR1
0x1C00	0xFFE2C0D2  	MOVFF       _UART_Wr_Ptr+3, FSR1+1
0x1C04	0xFFE6C0E2  	MOVFF       FARG_UART_Write__data, POSTINC1
0x1C08	0xF000C0CF  	MOVFF       _UART_Wr_Ptr, R0
0x1C0C	0xF001C0D0  	MOVFF       _UART_Wr_Ptr+1, R1
0x1C10	0xDDF6      	RCALL       _____DoIFC
;__Lib_UART_c67.c,121 :: 		
L_end_UART_Write:
0x1C12	0x0012      	RETURN      0
; end of _UART_Write
__doprntf:
;__Lib_Sprintf.c,187 :: 		
;__Lib_Sprintf.c,193 :: 		
0x1C14	0x0101      	MOVLB       1
0x1C16	0x6B02      	CLRF        _doprntf_ccnt_L0, 1
0x1C18	0x6B03      	CLRF        _doprntf_ccnt_L0+1, 1
;__Lib_Sprintf.c,222 :: 		
0x1C1A	0x0100      	MOVLB       0
0x1C1C	0x6BF6      	CLRF        _doprntf_flag_L0, 1
0x1C1E	0x6BF7      	CLRF        _doprntf_flag_L0+1, 1
;__Lib_Sprintf.c,223 :: 		
L__doprntf10:
0x1C20	0x0100      	MOVLB       0
0x1C22	0xF000C0E4  	MOVFF       FARG__doprntf_f, R0
0x1C26	0xF001C0E5  	MOVFF       FARG__doprntf_f+1, R1
0x1C2A	0xF002C0E6  	MOVFF       FARG__doprntf_f+2, R2
0x1C2E	0x0E01      	MOVLW       1
0x1C30	0x27E4      	ADDWF       FARG__doprntf_f, 1, 1
0x1C32	0x0E00      	MOVLW       0
0x1C34	0x23E5      	ADDWFC      FARG__doprntf_f+1, 1, 1
0x1C36	0x23E6      	ADDWFC      FARG__doprntf_f+2, 1, 1
0x1C38	0xFFF6C000  	MOVFF       R0, TBLPTRL
0x1C3C	0xFFF7C001  	MOVFF       R1, TBLPTRH
0x1C40	0xFFF8C002  	MOVFF       R2, TBLPTRU
0x1C44	0x0009      	TBLRD*+
0x1C46	0xF000CFF5  	MOVFF       TABLAT, R0
0x1C4A	0xF0F3C000  	MOVFF       R0, _doprntf_c_L0
0x1C4E	0x5200      	MOVF        R0, 1 
0x1C50	0xB4D8      	BTFSC       STATUS, 2 
0x1C52	0xF01EEFC8  	GOTO        L__doprntf11
;__Lib_Sprintf.c,224 :: 		
0x1C56	0x51F3      	MOVF        _doprntf_c_L0, 0, 1
0x1C58	0x0A25      	XORLW       37
0x1C5A	0xE00C      	BZ          L__doprntf12
;__Lib_Sprintf.c,225 :: 		
0x1C5C	0xFFE1C0E2  	MOVFF       FARG__doprntf_pb, FSR1L
0x1C60	0xFFE2C0E3  	MOVFF       FARG__doprntf_pb+1, FSR1H
0x1C64	0xFFE6C0F3  	MOVFF       _doprntf_c_L0, POSTINC1
0x1C68	0x4BE2      	INFSNZ      FARG__doprntf_pb, 1, 1
0x1C6A	0x2BE3      	INCF        FARG__doprntf_pb+1, 1, 1
0x1C6C	0x0101      	MOVLB       1
0x1C6E	0x4B02      	INFSNZ      _doprntf_ccnt_L0, 1, 1
0x1C70	0x2B03      	INCF        _doprntf_ccnt_L0+1, 1, 1
;__Lib_Sprintf.c,226 :: 		
0x1C72	0xD7D6      	BRA         L__doprntf10
;__Lib_Sprintf.c,227 :: 		
L__doprntf12:
;__Lib_Sprintf.c,228 :: 		
0x1C74	0x0100      	MOVLB       0
0x1C76	0x6BF4      	CLRF        _doprntf_width_L0, 1
0x1C78	0x6BF5      	CLRF        _doprntf_width_L0+1, 1
;__Lib_Sprintf.c,229 :: 		
0x1C7A	0x6BF6      	CLRF        _doprntf_flag_L0, 1
0x1C7C	0x6BF7      	CLRF        _doprntf_flag_L0+1, 1
;__Lib_Sprintf.c,230 :: 		
L__doprntf13:
;__Lib_Sprintf.c,231 :: 		
0x1C7E	0xD024      	BRA         L__doprntf16
;__Lib_Sprintf.c,232 :: 		
L__doprntf18:
0x1C80	0x0100      	MOVLB       0
;__Lib_Sprintf.c,233 :: 		
0x1C82	0x87F6      	BSF         _doprntf_flag_L0, 3, 1
;__Lib_Sprintf.c,234 :: 		
0x1C84	0x0E01      	MOVLW       1
0x1C86	0x27E4      	ADDWF       FARG__doprntf_f, 1, 1
0x1C88	0x0E00      	MOVLW       0
0x1C8A	0x23E5      	ADDWFC      FARG__doprntf_f+1, 1, 1
0x1C8C	0x23E6      	ADDWFC      FARG__doprntf_f+2, 1, 1
;__Lib_Sprintf.c,235 :: 		
0x1C8E	0xD059      	BRA         L__doprntf15
;__Lib_Sprintf.c,237 :: 		
L__doprntf19:
;__Lib_Sprintf.c,238 :: 		
0x1C90	0x81F6      	BSF         _doprntf_flag_L0, 0, 1
;__Lib_Sprintf.c,239 :: 		
0x1C92	0x0E01      	MOVLW       1
0x1C94	0x27E4      	ADDWF       FARG__doprntf_f, 1, 1
0x1C96	0x0E00      	MOVLW       0
0x1C98	0x23E5      	ADDWFC      FARG__doprntf_f+1, 1, 1
0x1C9A	0x23E6      	ADDWFC      FARG__doprntf_f+2, 1, 1
;__Lib_Sprintf.c,240 :: 		
0x1C9C	0xD052      	BRA         L__doprntf15
;__Lib_Sprintf.c,242 :: 		
L__doprntf20:
;__Lib_Sprintf.c,243 :: 		
0x1C9E	0x83F6      	BSF         _doprntf_flag_L0, 1, 1
;__Lib_Sprintf.c,244 :: 		
0x1CA0	0x0E01      	MOVLW       1
0x1CA2	0x27E4      	ADDWF       FARG__doprntf_f, 1, 1
0x1CA4	0x0E00      	MOVLW       0
0x1CA6	0x23E5      	ADDWFC      FARG__doprntf_f+1, 1, 1
0x1CA8	0x23E6      	ADDWFC      FARG__doprntf_f+2, 1, 1
;__Lib_Sprintf.c,245 :: 		
0x1CAA	0xD04B      	BRA         L__doprntf15
;__Lib_Sprintf.c,247 :: 		
L__doprntf21:
;__Lib_Sprintf.c,248 :: 		
0x1CAC	0x87F7      	BSF         _doprntf_flag_L0+1, 3, 1
;__Lib_Sprintf.c,249 :: 		
0x1CAE	0x0E01      	MOVLW       1
0x1CB0	0x27E4      	ADDWF       FARG__doprntf_f, 1, 1
0x1CB2	0x0E00      	MOVLW       0
0x1CB4	0x23E5      	ADDWFC      FARG__doprntf_f+1, 1, 1
0x1CB6	0x23E6      	ADDWFC      FARG__doprntf_f+2, 1, 1
;__Lib_Sprintf.c,250 :: 		
0x1CB8	0xD044      	BRA         L__doprntf15
;__Lib_Sprintf.c,252 :: 		
L__doprntf22:
;__Lib_Sprintf.c,253 :: 		
0x1CBA	0x85F6      	BSF         _doprntf_flag_L0, 2, 1
;__Lib_Sprintf.c,254 :: 		
0x1CBC	0x0E01      	MOVLW       1
0x1CBE	0x27E4      	ADDWF       FARG__doprntf_f, 1, 1
0x1CC0	0x0E00      	MOVLW       0
0x1CC2	0x23E5      	ADDWFC      FARG__doprntf_f+1, 1, 1
0x1CC4	0x23E6      	ADDWFC      FARG__doprntf_f+2, 1, 1
;__Lib_Sprintf.c,255 :: 		
0x1CC6	0xD03D      	BRA         L__doprntf15
;__Lib_Sprintf.c,256 :: 		
L__doprntf16:
0x1CC8	0xFFF6C0E4  	MOVFF       FARG__doprntf_f, TBLPTRL
0x1CCC	0xFFF7C0E5  	MOVFF       FARG__doprntf_f+1, TBLPTRH
0x1CD0	0xFFF8C0E6  	MOVFF       FARG__doprntf_f+2, TBLPTRU
0x1CD4	0x0009      	TBLRD*+
0x1CD6	0xF001CFF5  	MOVFF       TABLAT, R1
0x1CDA	0x5001      	MOVF        R1, 0 
0x1CDC	0x0A2D      	XORLW       45
0x1CDE	0xE0D0      	BZ          L__doprntf18
0x1CE0	0xFFF6C0E4  	MOVFF       FARG__doprntf_f, TBLPTRL
0x1CE4	0xFFF7C0E5  	MOVFF       FARG__doprntf_f+1, TBLPTRH
0x1CE8	0xFFF8C0E6  	MOVFF       FARG__doprntf_f+2, TBLPTRU
0x1CEC	0x0009      	TBLRD*+
0x1CEE	0xF001CFF5  	MOVFF       TABLAT, R1
0x1CF2	0x5001      	MOVF        R1, 0 
0x1CF4	0x0A20      	XORLW       32
0x1CF6	0xE0CC      	BZ          L__doprntf19
0x1CF8	0xFFF6C0E4  	MOVFF       FARG__doprntf_f, TBLPTRL
0x1CFC	0xFFF7C0E5  	MOVFF       FARG__doprntf_f+1, TBLPTRH
0x1D00	0xFFF8C0E6  	MOVFF       FARG__doprntf_f+2, TBLPTRU
0x1D04	0x0009      	TBLRD*+
0x1D06	0xF001CFF5  	MOVFF       TABLAT, R1
0x1D0A	0x5001      	MOVF        R1, 0 
0x1D0C	0x0A2B      	XORLW       43
0x1D0E	0xE0C7      	BZ          L__doprntf20
0x1D10	0xFFF6C0E4  	MOVFF       FARG__doprntf_f, TBLPTRL
0x1D14	0xFFF7C0E5  	MOVFF       FARG__doprntf_f+1, TBLPTRH
0x1D18	0xFFF8C0E6  	MOVFF       FARG__doprntf_f+2, TBLPTRU
0x1D1C	0x0009      	TBLRD*+
0x1D1E	0xF001CFF5  	MOVFF       TABLAT, R1
0x1D22	0x5001      	MOVF        R1, 0 
0x1D24	0x0A23      	XORLW       35
0x1D26	0xE0C2      	BZ          L__doprntf21
0x1D28	0xFFF6C0E4  	MOVFF       FARG__doprntf_f, TBLPTRL
0x1D2C	0xFFF7C0E5  	MOVFF       FARG__doprntf_f+1, TBLPTRH
0x1D30	0xFFF8C0E6  	MOVFF       FARG__doprntf_f+2, TBLPTRU
0x1D34	0x0009      	TBLRD*+
0x1D36	0xF001CFF5  	MOVFF       TABLAT, R1
0x1D3A	0x5001      	MOVF        R1, 0 
0x1D3C	0x0A30      	XORLW       48
0x1D3E	0xE0BD      	BZ          L__doprntf22
;__Lib_Sprintf.c,257 :: 		
0x1D40	0xD001      	BRA         L__doprntf14
;__Lib_Sprintf.c,258 :: 		
L__doprntf15:
0x1D42	0xD79D      	BRA         L__doprntf13
L__doprntf14:
;__Lib_Sprintf.c,259 :: 		
0x1D44	0xA3F6      	BTFSS       _doprntf_flag_L0, 1, 1
0x1D46	0xD001      	BRA         L__doprntf23
;__Lib_Sprintf.c,260 :: 		
0x1D48	0x91F6      	BCF         _doprntf_flag_L0, 0, 1
L__doprntf23:
;__Lib_Sprintf.c,261 :: 		
0x1D4A	0xA7F6      	BTFSS       _doprntf_flag_L0, 3, 1
0x1D4C	0xD001      	BRA         L__doprntf24
;__Lib_Sprintf.c,262 :: 		
0x1D4E	0x95F6      	BCF         _doprntf_flag_L0, 2, 1
L__doprntf24:
;__Lib_Sprintf.c,263 :: 		
0x1D50	0xFFF6C0E4  	MOVFF       FARG__doprntf_f, TBLPTRL
0x1D54	0xFFF7C0E5  	MOVFF       FARG__doprntf_f+1, TBLPTRH
0x1D58	0xFFF8C0E6  	MOVFF       FARG__doprntf_f+2, TBLPTRU
0x1D5C	0x0009      	TBLRD*+
0x1D5E	0xF000CFF5  	MOVFF       TABLAT, R0
0x1D62	0x0E00      	MOVLW       0
0x1D64	0x6E01      	MOVWF       R1 
0x1D66	0xF10AC000  	MOVFF       R0, FARG_isdigit_character
0x1D6A	0xDD2A      	RCALL       _isdigit
0x1D6C	0x5200      	MOVF        R0, 1 
0x1D6E	0xE036      	BZ          L__doprntf25
;__Lib_Sprintf.c,264 :: 		
0x1D70	0x0100      	MOVLB       0
0x1D72	0x6BF4      	CLRF        _doprntf_width_L0, 1
0x1D74	0x6BF5      	CLRF        _doprntf_width_L0+1, 1
;__Lib_Sprintf.c,265 :: 		
L__doprntf26:
0x1D76	0x0100      	MOVLB       0
;__Lib_Sprintf.c,266 :: 		
0x1D78	0xF000C0F4  	MOVFF       _doprntf_width_L0, R0
0x1D7C	0xF001C0F5  	MOVFF       _doprntf_width_L0+1, R1
0x1D80	0x0E0A      	MOVLW       10
0x1D82	0x6E04      	MOVWF       R4 
0x1D84	0x0E00      	MOVLW       0
0x1D86	0x6E05      	MOVWF       R5 
0x1D88	0xDCF3      	RCALL       _Mul_16X16_U
0x1D8A	0xFFF6C0E4  	MOVFF       FARG__doprntf_f, TBLPTRL
0x1D8E	0xFFF7C0E5  	MOVFF       FARG__doprntf_f+1, TBLPTRH
0x1D92	0xFFF8C0E6  	MOVFF       FARG__doprntf_f+2, TBLPTRU
0x1D96	0x0009      	TBLRD*+
0x1D98	0xF002CFF5  	MOVFF       TABLAT, R2
0x1D9C	0x5002      	MOVF        R2, 0 
0x1D9E	0x2400      	ADDWF       R0, 0 
0x1DA0	0x6FF4      	MOVWF       _doprntf_width_L0, 1
0x1DA2	0x0E00      	MOVLW       0
0x1DA4	0x2001      	ADDWFC      R1, 0 
0x1DA6	0x6FF5      	MOVWF       _doprntf_width_L0+1, 1
0x1DA8	0x0E30      	MOVLW       48
0x1DAA	0x5FF4      	SUBWF       _doprntf_width_L0, 1, 1
0x1DAC	0x0E00      	MOVLW       0
0x1DAE	0x5BF5      	SUBWFB      _doprntf_width_L0+1, 1, 1
0x1DB0	0x0E01      	MOVLW       1
0x1DB2	0x27E4      	ADDWF       FARG__doprntf_f, 1, 1
0x1DB4	0x0E00      	MOVLW       0
0x1DB6	0x23E5      	ADDWFC      FARG__doprntf_f+1, 1, 1
0x1DB8	0x23E6      	ADDWFC      FARG__doprntf_f+2, 1, 1
;__Lib_Sprintf.c,267 :: 		
0x1DBA	0xFFF6C0E4  	MOVFF       FARG__doprntf_f, TBLPTRL
0x1DBE	0xFFF7C0E5  	MOVFF       FARG__doprntf_f+1, TBLPTRH
0x1DC2	0xFFF8C0E6  	MOVFF       FARG__doprntf_f+2, TBLPTRU
0x1DC6	0x0009      	TBLRD*+
0x1DC8	0xF000CFF5  	MOVFF       TABLAT, R0
0x1DCC	0x0E00      	MOVLW       0
0x1DCE	0x6E01      	MOVWF       R1 
0x1DD0	0xF10AC000  	MOVFF       R0, FARG_isdigit_character
0x1DD4	0xDCF5      	RCALL       _isdigit
0x1DD6	0x5200      	MOVF        R0, 1 
0x1DD8	0xE1CE      	BNZ         L__doprntf26
;__Lib_Sprintf.c,268 :: 		
0x1DDA	0xD034      	BRA         L__doprntf29
L__doprntf25:
;__Lib_Sprintf.c,270 :: 		
0x1DDC	0xFFF6C0E4  	MOVFF       FARG__doprntf_f, TBLPTRL
0x1DE0	0xFFF7C0E5  	MOVFF       FARG__doprntf_f+1, TBLPTRH
0x1DE4	0xFFF8C0E6  	MOVFF       FARG__doprntf_f+2, TBLPTRU
0x1DE8	0x0009      	TBLRD*+
0x1DEA	0xF001CFF5  	MOVFF       TABLAT, R1
0x1DEE	0x5001      	MOVF        R1, 0 
0x1DF0	0x0A2A      	XORLW       42
0x1DF2	0xE128      	BNZ         L__doprntf30
;__Lib_Sprintf.c,271 :: 		
0x1DF4	0xFFE9C0E7  	MOVFF       FARG__doprntf_ap, FSR0L
0x1DF8	0xFFEAC0E8  	MOVFF       FARG__doprntf_ap+1, FSR0H
0x1DFC	0xF000CFEE  	MOVFF       POSTINC0, R0
0x1E00	0xF001CFEE  	MOVFF       POSTINC0, R1
0x1E04	0xFFE9C000  	MOVFF       R0, FSR0L
0x1E08	0xFFEAC001  	MOVFF       R1, FSR0H
0x1E0C	0xF0F4CFEE  	MOVFF       POSTINC0, _doprntf_width_L0
0x1E10	0xF0F5CFEE  	MOVFF       POSTINC0, _doprntf_width_L0+1
0x1E14	0xFFE9C0E7  	MOVFF       FARG__doprntf_ap, FSR0L
0x1E18	0xFFEAC0E8  	MOVFF       FARG__doprntf_ap+1, FSR0H
0x1E1C	0x0E02      	MOVLW       2
0x1E1E	0x24EE      	ADDWF       POSTINC0, 0 
0x1E20	0x6E00      	MOVWF       R0 
0x1E22	0x0E00      	MOVLW       0
0x1E24	0x20EE      	ADDWFC      POSTINC0, 0 
0x1E26	0x6E01      	MOVWF       R1 
0x1E28	0xFFE1C0E7  	MOVFF       FARG__doprntf_ap, FSR1L
0x1E2C	0xFFE2C0E8  	MOVFF       FARG__doprntf_ap+1, FSR1H
0x1E30	0xFFE6C000  	MOVFF       R0, POSTINC1
0x1E34	0xFFE6C001  	MOVFF       R1, POSTINC1
;__Lib_Sprintf.c,272 :: 		
0x1E38	0x0E01      	MOVLW       1
0x1E3A	0x0100      	MOVLB       0
0x1E3C	0x27E4      	ADDWF       FARG__doprntf_f, 1, 1
0x1E3E	0x0E00      	MOVLW       0
0x1E40	0x23E5      	ADDWFC      FARG__doprntf_f+1, 1, 1
0x1E42	0x23E6      	ADDWFC      FARG__doprntf_f+2, 1, 1
;__Lib_Sprintf.c,273 :: 		
L__doprntf30:
L__doprntf29:
;__Lib_Sprintf.c,274 :: 		
0x1E44	0xFFF6C0E4  	MOVFF       FARG__doprntf_f, TBLPTRL
0x1E48	0xFFF7C0E5  	MOVFF       FARG__doprntf_f+1, TBLPTRH
0x1E4C	0xFFF8C0E6  	MOVFF       FARG__doprntf_f+2, TBLPTRU
0x1E50	0x0009      	TBLRD*+
0x1E52	0xF001CFF5  	MOVFF       TABLAT, R1
0x1E56	0x5001      	MOVF        R1, 0 
0x1E58	0x0A2E      	XORLW       46
0x1E5A	0xE170      	BNZ         L__doprntf31
;__Lib_Sprintf.c,275 :: 		
0x1E5C	0x0100      	MOVLB       0
0x1E5E	0x0E01      	MOVLW       1
0x1E60	0x27E4      	ADDWF       FARG__doprntf_f, 1, 1
0x1E62	0x0E00      	MOVLW       0
0x1E64	0x23E5      	ADDWFC      FARG__doprntf_f+1, 1, 1
0x1E66	0x23E6      	ADDWFC      FARG__doprntf_f+2, 1, 1
0x1E68	0xFFF6C0E4  	MOVFF       FARG__doprntf_f, TBLPTRL
0x1E6C	0xFFF7C0E5  	MOVFF       FARG__doprntf_f+1, TBLPTRH
0x1E70	0xFFF8C0E6  	MOVFF       FARG__doprntf_f+2, TBLPTRU
0x1E74	0x0009      	TBLRD*+
0x1E76	0xF001CFF5  	MOVFF       TABLAT, R1
0x1E7A	0x5001      	MOVF        R1, 0 
0x1E7C	0x0A2A      	XORLW       42
0x1E7E	0xE128      	BNZ         L__doprntf32
;__Lib_Sprintf.c,276 :: 		
0x1E80	0xFFE9C0E7  	MOVFF       FARG__doprntf_ap, FSR0L
0x1E84	0xFFEAC0E8  	MOVFF       FARG__doprntf_ap+1, FSR0H
0x1E88	0xF000CFEE  	MOVFF       POSTINC0, R0
0x1E8C	0xF001CFEE  	MOVFF       POSTINC0, R1
0x1E90	0xFFE9C000  	MOVFF       R0, FSR0L
0x1E94	0xFFEAC001  	MOVFF       R1, FSR0H
0x1E98	0xF0F1CFEE  	MOVFF       POSTINC0, _doprntf_prec_L0
0x1E9C	0xF0F2CFEE  	MOVFF       POSTINC0, _doprntf_prec_L0+1
0x1EA0	0xFFE9C0E7  	MOVFF       FARG__doprntf_ap, FSR0L
0x1EA4	0xFFEAC0E8  	MOVFF       FARG__doprntf_ap+1, FSR0H
0x1EA8	0x0E02      	MOVLW       2
0x1EAA	0x24EE      	ADDWF       POSTINC0, 0 
0x1EAC	0x6E00      	MOVWF       R0 
0x1EAE	0x0E00      	MOVLW       0
0x1EB0	0x20EE      	ADDWFC      POSTINC0, 0 
0x1EB2	0x6E01      	MOVWF       R1 
0x1EB4	0xFFE1C0E7  	MOVFF       FARG__doprntf_ap, FSR1L
0x1EB8	0xFFE2C0E8  	MOVFF       FARG__doprntf_ap+1, FSR1H
0x1EBC	0xFFE6C000  	MOVFF       R0, POSTINC1
0x1EC0	0xFFE6C001  	MOVFF       R1, POSTINC1
;__Lib_Sprintf.c,277 :: 		
0x1EC4	0x0E01      	MOVLW       1
0x1EC6	0x27E4      	ADDWF       FARG__doprntf_f, 1, 1
0x1EC8	0x0E00      	MOVLW       0
0x1ECA	0x23E5      	ADDWFC      FARG__doprntf_f+1, 1, 1
0x1ECC	0x23E6      	ADDWFC      FARG__doprntf_f+2, 1, 1
;__Lib_Sprintf.c,278 :: 		
0x1ECE	0xD035      	BRA         L__doprntf33
L__doprntf32:
;__Lib_Sprintf.c,279 :: 		
0x1ED0	0x6BF1      	CLRF        _doprntf_prec_L0, 1
0x1ED2	0x6BF2      	CLRF        _doprntf_prec_L0+1, 1
;__Lib_Sprintf.c,280 :: 		
L__doprntf34:
0x1ED4	0xFFF6C0E4  	MOVFF       FARG__doprntf_f, TBLPTRL
0x1ED8	0xFFF7C0E5  	MOVFF       FARG__doprntf_f+1, TBLPTRH
0x1EDC	0xFFF8C0E6  	MOVFF       FARG__doprntf_f+2, TBLPTRU
0x1EE0	0x0009      	TBLRD*+
0x1EE2	0xF000CFF5  	MOVFF       TABLAT, R0
0x1EE6	0x0E00      	MOVLW       0
0x1EE8	0x6E01      	MOVWF       R1 
0x1EEA	0xF10AC000  	MOVFF       R0, FARG_isdigit_character
0x1EEE	0xDC68      	RCALL       _isdigit
0x1EF0	0x5200      	MOVF        R0, 1 
0x1EF2	0xE023      	BZ          L__doprntf35
;__Lib_Sprintf.c,281 :: 		
0x1EF4	0xF000C0F1  	MOVFF       _doprntf_prec_L0, R0
0x1EF8	0xF001C0F2  	MOVFF       _doprntf_prec_L0+1, R1
0x1EFC	0x0E0A      	MOVLW       10
0x1EFE	0x6E04      	MOVWF       R4 
0x1F00	0x0E00      	MOVLW       0
0x1F02	0x6E05      	MOVWF       R5 
0x1F04	0xDC35      	RCALL       _Mul_16X16_U
0x1F06	0xFFF6C0E4  	MOVFF       FARG__doprntf_f, TBLPTRL
0x1F0A	0xFFF7C0E5  	MOVFF       FARG__doprntf_f+1, TBLPTRH
0x1F0E	0xFFF8C0E6  	MOVFF       FARG__doprntf_f+2, TBLPTRU
0x1F12	0x0009      	TBLRD*+
0x1F14	0xF002CFF5  	MOVFF       TABLAT, R2
0x1F18	0x5002      	MOVF        R2, 0 
0x1F1A	0x2400      	ADDWF       R0, 0 
0x1F1C	0x0100      	MOVLB       0
0x1F1E	0x6FF1      	MOVWF       _doprntf_prec_L0, 1
0x1F20	0x0E00      	MOVLW       0
0x1F22	0x2001      	ADDWFC      R1, 0 
0x1F24	0x6FF2      	MOVWF       _doprntf_prec_L0+1, 1
0x1F26	0x0E30      	MOVLW       48
0x1F28	0x5FF1      	SUBWF       _doprntf_prec_L0, 1, 1
0x1F2A	0x0E00      	MOVLW       0
0x1F2C	0x5BF2      	SUBWFB      _doprntf_prec_L0+1, 1, 1
0x1F2E	0x0E01      	MOVLW       1
0x1F30	0x27E4      	ADDWF       FARG__doprntf_f, 1, 1
0x1F32	0x0E00      	MOVLW       0
0x1F34	0x23E5      	ADDWFC      FARG__doprntf_f+1, 1, 1
0x1F36	0x23E6      	ADDWFC      FARG__doprntf_f+2, 1, 1
0x1F38	0xD7CD      	BRA         L__doprntf34
L__doprntf35:
;__Lib_Sprintf.c,282 :: 		
L__doprntf33:
0x1F3A	0xD004      	BRA         L__doprntf36
L__doprntf31:
0x1F3C	0x0100      	MOVLB       0
;__Lib_Sprintf.c,284 :: 		
0x1F3E	0x6BF1      	CLRF        _doprntf_prec_L0, 1
0x1F40	0x6BF2      	CLRF        _doprntf_prec_L0+1, 1
;__Lib_Sprintf.c,286 :: 		
0x1F42	0x89F7      	BSF         _doprntf_flag_L0+1, 4, 1
;__Lib_Sprintf.c,288 :: 		
L__doprntf36:
;__Lib_Sprintf.c,290 :: 		
____doprntf_loop:
0x1F44	0x0100      	MOVLB       0
;__Lib_Sprintf.c,292 :: 		
0x1F46	0xF000C0E4  	MOVFF       FARG__doprntf_f, R0
0x1F4A	0xF001C0E5  	MOVFF       FARG__doprntf_f+1, R1
0x1F4E	0xF002C0E6  	MOVFF       FARG__doprntf_f+2, R2
0x1F52	0x0E01      	MOVLW       1
0x1F54	0x27E4      	ADDWF       FARG__doprntf_f, 1, 1
0x1F56	0x0E00      	MOVLW       0
0x1F58	0x23E5      	ADDWFC      FARG__doprntf_f+1, 1, 1
0x1F5A	0x23E6      	ADDWFC      FARG__doprntf_f+2, 1, 1
0x1F5C	0xFFF6C000  	MOVFF       R0, TBLPTRL
0x1F60	0xFFF7C001  	MOVFF       R1, TBLPTRH
0x1F64	0xFFF8C002  	MOVFF       R2, TBLPTRU
0x1F68	0x0009      	TBLRD*+
0x1F6A	0xF0F3CFF5  	MOVFF       TABLAT, _doprntf_c_L0
0x1F6E	0xD115      	BRA         L__doprntf37
;__Lib_Sprintf.c,293 :: 		
L__doprntf39:
;__Lib_Sprintf.c,294 :: 		
0x1F70	0xF000C102  	MOVFF       _doprntf_ccnt_L0, R0
0x1F74	0xF001C103  	MOVFF       _doprntf_ccnt_L0+1, R1
0x1F78	0xF01EEFCC  	GOTO        L_end__doprntf
;__Lib_Sprintf.c,295 :: 		
L__doprntf40:
;__Lib_Sprintf.c,296 :: 		
L__doprntf41:
;__Lib_Sprintf.c,298 :: 		
0x1F7C	0x89F6      	BSF         _doprntf_flag_L0, 4, 1
;__Lib_Sprintf.c,299 :: 		
0x1F7E	0xD7E2      	BRA         ____doprntf_loop
;__Lib_Sprintf.c,313 :: 		
L__doprntf42:
;__Lib_Sprintf.c,314 :: 		
0x1F80	0x85F7      	BSF         _doprntf_flag_L0+1, 2, 1
;__Lib_Sprintf.c,315 :: 		
0x1F82	0xD14A      	BRA         L__doprntf38
;__Lib_Sprintf.c,317 :: 		
L__doprntf43:
;__Lib_Sprintf.c,318 :: 		
0x1F84	0x8BF6      	BSF         _doprntf_flag_L0, 5, 1
;__Lib_Sprintf.c,319 :: 		
L__doprntf44:
;__Lib_Sprintf.c,320 :: 		
0x1F86	0x81F7      	BSF         _doprntf_flag_L0+1, 0, 1
;__Lib_Sprintf.c,321 :: 		
0x1F88	0xD147      	BRA         L__doprntf38
;__Lib_Sprintf.c,322 :: 		
L__doprntf45:
;__Lib_Sprintf.c,323 :: 		
0x1F8A	0x83F7      	BSF         _doprntf_flag_L0+1, 1, 1
;__Lib_Sprintf.c,324 :: 		
0x1F8C	0xD145      	BRA         L__doprntf38
;__Lib_Sprintf.c,326 :: 		
L__doprntf46:
;__Lib_Sprintf.c,327 :: 		
0x1F8E	0x8DF6      	BSF         _doprntf_flag_L0, 6, 1
;__Lib_Sprintf.c,328 :: 		
0x1F90	0xD143      	BRA         L__doprntf38
;__Lib_Sprintf.c,330 :: 		
L__doprntf47:
;__Lib_Sprintf.c,331 :: 		
L__doprntf48:
;__Lib_Sprintf.c,332 :: 		
0x1F92	0xD142      	BRA         L__doprntf38
;__Lib_Sprintf.c,334 :: 		
L__doprntf49:
;__Lib_Sprintf.c,336 :: 		
L__doprntf50:
;__Lib_Sprintf.c,337 :: 		
0x1F94	0x8BF6      	BSF         _doprntf_flag_L0, 5, 1
;__Lib_Sprintf.c,338 :: 		
L__doprntf51:
;__Lib_Sprintf.c,339 :: 		
0x1F96	0x8FF6      	BSF         _doprntf_flag_L0, 7, 1
;__Lib_Sprintf.c,340 :: 		
0x1F98	0xD13F      	BRA         L__doprntf38
;__Lib_Sprintf.c,342 :: 		
L__doprntf52:
;__Lib_Sprintf.c,343 :: 		
0x1F9A	0xFFE9C0E7  	MOVFF       FARG__doprntf_ap, FSR0L
0x1F9E	0xFFEAC0E8  	MOVFF       FARG__doprntf_ap+1, FSR0H
0x1FA2	0xF000CFEE  	MOVFF       POSTINC0, R0
0x1FA6	0xF001CFEE  	MOVFF       POSTINC0, R1
0x1FAA	0xFFE9C000  	MOVFF       R0, FSR0L
0x1FAE	0xFFEAC001  	MOVFF       R1, FSR0H
0x1FB2	0xF0FECFEE  	MOVFF       POSTINC0, _doprntf__val_L0
0x1FB6	0xF0FFCFEE  	MOVFF       POSTINC0, _doprntf__val_L0+1
0x1FBA	0xFFE9C0E7  	MOVFF       FARG__doprntf_ap, FSR0L
0x1FBE	0xFFEAC0E8  	MOVFF       FARG__doprntf_ap+1, FSR0H
0x1FC2	0x0E02      	MOVLW       2
0x1FC4	0x24EE      	ADDWF       POSTINC0, 0 
0x1FC6	0x6E00      	MOVWF       R0 
0x1FC8	0x0E00      	MOVLW       0
0x1FCA	0x20EE      	ADDWFC      POSTINC0, 0 
0x1FCC	0x6E01      	MOVWF       R1 
0x1FCE	0xFFE1C0E7  	MOVFF       FARG__doprntf_ap, FSR1L
0x1FD2	0xFFE2C0E8  	MOVFF       FARG__doprntf_ap+1, FSR1H
0x1FD6	0xFFE6C000  	MOVFF       R0, POSTINC1
0x1FDA	0xFFE6C001  	MOVFF       R1, POSTINC1
;__Lib_Sprintf.c,347 :: 		
0x1FDE	0x0E00      	MOVLW       0
0x1FE0	0x19FF      	XORWF       _doprntf__val_L0+1, 0, 1
0x1FE2	0xE102      	BNZ         L___doprntf320
0x1FE4	0x0E00      	MOVLW       0
0x1FE6	0x19FE      	XORWF       _doprntf__val_L0, 0, 1
L___doprntf320:
0x1FE8	0xE104      	BNZ         L__doprntf53
;__Lib_Sprintf.c,348 :: 		
0x1FEA	0x0E68      	MOVLW       ?lstr1___Lib_Sprintf
0x1FEC	0x6FFE      	MOVWF       _doprntf__val_L0, 1
0x1FEE	0x0E00      	MOVLW       hi_addr(?lstr1___Lib_Sprintf)
0x1FF0	0x6FFF      	MOVWF       _doprntf__val_L0+1, 1
L__doprntf53:
;__Lib_Sprintf.c,349 :: 		
0x1FF2	0x0101      	MOVLB       1
0x1FF4	0x6B00      	CLRF        _doprntf__val_L0+2, 1
0x1FF6	0x6B01      	CLRF        _doprntf__val_L0+3, 1
;__Lib_Sprintf.c,350 :: 		
L__doprntf54:
0x1FF8	0x5100      	MOVF        _doprntf__val_L0+2, 0, 1
0x1FFA	0x0100      	MOVLB       0
0x1FFC	0x25FE      	ADDWF       _doprntf__val_L0, 0, 1
0x1FFE	0x6EE9      	MOVWF       FSR0L 
0x2000	0x0101      	MOVLB       1
0x2002	0x5101      	MOVF        _doprntf__val_L0+3, 0, 1
0x2004	0x0100      	MOVLB       0
0x2006	0x21FF      	ADDWFC      _doprntf__val_L0+1, 0, 1
0x2008	0x6EEA      	MOVWF       FSR0L+1 
0x200A	0x52EE      	MOVF        POSTINC0, 1 
0x200C	0xE00C      	BZ          L__doprntf55
;__Lib_Sprintf.c,351 :: 		
0x200E	0x0E01      	MOVLW       1
0x2010	0x0101      	MOVLB       1
0x2012	0x2500      	ADDWF       _doprntf__val_L0+2, 0, 1
0x2014	0x6E00      	MOVWF       R0 
0x2016	0x0E00      	MOVLW       0
0x2018	0x2101      	ADDWFC      _doprntf__val_L0+3, 0, 1
0x201A	0x6E01      	MOVWF       R1 
0x201C	0xF100C000  	MOVFF       R0, _doprntf__val_L0+2
0x2020	0xF101C001  	MOVFF       R1, _doprntf__val_L0+3
0x2024	0xD7E9      	BRA         L__doprntf54
L__doprntf55:
;__Lib_Sprintf.c,352 :: 		
____doprntf_dostring:
;__Lib_Sprintf.c,353 :: 		
0x2026	0x0100      	MOVLB       0
0x2028	0x51F1      	MOVF        _doprntf_prec_L0, 0, 1
0x202A	0x11F2      	IORWF       _doprntf_prec_L0+1, 0, 1
0x202C	0xE00E      	BZ          L__doprntf58
0x202E	0x0101      	MOVLB       1
0x2030	0x5101      	MOVF        _doprntf__val_L0+3, 0, 1
0x2032	0x0100      	MOVLB       0
0x2034	0x5DF2      	SUBWF       _doprntf_prec_L0+1, 0, 1
0x2036	0xE104      	BNZ         L___doprntf321
0x2038	0x0101      	MOVLB       1
0x203A	0x5100      	MOVF        _doprntf__val_L0+2, 0, 1
0x203C	0x0100      	MOVLB       0
0x203E	0x5DF1      	SUBWF       _doprntf_prec_L0, 0, 1
L___doprntf321:
0x2040	0xE204      	BC          L__doprntf58
L___doprntf316:
;__Lib_Sprintf.c,354 :: 		
0x2042	0xF100C0F1  	MOVFF       _doprntf_prec_L0, _doprntf__val_L0+2
0x2046	0xF101C0F2  	MOVFF       _doprntf_prec_L0+1, _doprntf__val_L0+3
L__doprntf58:
;__Lib_Sprintf.c,355 :: 		
0x204A	0x51F5      	MOVF        _doprntf_width_L0+1, 0, 1
0x204C	0x0101      	MOVLB       1
0x204E	0x5D01      	SUBWF       _doprntf__val_L0+3, 0, 1
0x2050	0xE104      	BNZ         L___doprntf322
0x2052	0x0100      	MOVLB       0
0x2054	0x51F4      	MOVF        _doprntf_width_L0, 0, 1
0x2056	0x0101      	MOVLB       1
0x2058	0x5D00      	SUBWF       _doprntf__val_L0+2, 0, 1
L___doprntf322:
0x205A	0xE208      	BC          L__doprntf59
;__Lib_Sprintf.c,356 :: 		
0x205C	0x5100      	MOVF        _doprntf__val_L0+2, 0, 1
0x205E	0x0100      	MOVLB       0
0x2060	0x5FF4      	SUBWF       _doprntf_width_L0, 1, 1
0x2062	0x0101      	MOVLB       1
0x2064	0x5101      	MOVF        _doprntf__val_L0+3, 0, 1
0x2066	0x0100      	MOVLB       0
0x2068	0x5BF5      	SUBWFB      _doprntf_width_L0+1, 1, 1
0x206A	0xD003      	BRA         L__doprntf60
L__doprntf59:
0x206C	0x0100      	MOVLB       0
;__Lib_Sprintf.c,358 :: 		
0x206E	0x6BF4      	CLRF        _doprntf_width_L0, 1
0x2070	0x6BF5      	CLRF        _doprntf_width_L0+1, 1
L__doprntf60:
;__Lib_Sprintf.c,359 :: 		
0x2072	0xB7F6      	BTFSC       _doprntf_flag_L0, 3, 1
0x2074	0xD018      	BRA         L__doprntf61
;__Lib_Sprintf.c,360 :: 		
L__doprntf62:
0x2076	0x0100      	MOVLB       0
0x2078	0xF000C0F4  	MOVFF       _doprntf_width_L0, R0
0x207C	0xF001C0F5  	MOVFF       _doprntf_width_L0+1, R1
0x2080	0x0E01      	MOVLW       1
0x2082	0x5FF4      	SUBWF       _doprntf_width_L0, 1, 1
0x2084	0x0E00      	MOVLW       0
0x2086	0x5BF5      	SUBWFB      _doprntf_width_L0+1, 1, 1
0x2088	0x5000      	MOVF        R0, 0 
0x208A	0x1001      	IORWF       R1, 0 
0x208C	0xE00C      	BZ          L__doprntf63
;__Lib_Sprintf.c,361 :: 		
0x208E	0xFFE1C0E2  	MOVFF       FARG__doprntf_pb, FSR1L
0x2092	0xFFE2C0E3  	MOVFF       FARG__doprntf_pb+1, FSR1H
0x2096	0x0E20      	MOVLW       32
0x2098	0x6EE6      	MOVWF       POSTINC1 
0x209A	0x4BE2      	INFSNZ      FARG__doprntf_pb, 1, 1
0x209C	0x2BE3      	INCF        FARG__doprntf_pb+1, 1, 1
0x209E	0x0101      	MOVLB       1
0x20A0	0x4B02      	INFSNZ      _doprntf_ccnt_L0, 1, 1
0x20A2	0x2B03      	INCF        _doprntf_ccnt_L0+1, 1, 1
0x20A4	0xD7E8      	BRA         L__doprntf62
L__doprntf63:
L__doprntf61:
;__Lib_Sprintf.c,362 :: 		
L__doprntf64:
0x20A6	0x0101      	MOVLB       1
0x20A8	0xF002C100  	MOVFF       _doprntf__val_L0+2, R2
0x20AC	0xF003C101  	MOVFF       _doprntf__val_L0+3, R3
0x20B0	0x0E01      	MOVLW       1
0x20B2	0x5D00      	SUBWF       _doprntf__val_L0+2, 0, 1
0x20B4	0x6E00      	MOVWF       R0 
0x20B6	0x0E00      	MOVLW       0
0x20B8	0x5901      	SUBWFB      _doprntf__val_L0+3, 0, 1
0x20BA	0x6E01      	MOVWF       R1 
0x20BC	0xF100C000  	MOVFF       R0, _doprntf__val_L0+2
0x20C0	0xF101C001  	MOVFF       R1, _doprntf__val_L0+3
0x20C4	0x5002      	MOVF        R2, 0 
0x20C6	0x1003      	IORWF       R3, 0 
0x20C8	0xE01B      	BZ          L__doprntf65
;__Lib_Sprintf.c,363 :: 		
0x20CA	0xFFE9C0FE  	MOVFF       _doprntf__val_L0, FSR0L
0x20CE	0xFFEAC0FF  	MOVFF       _doprntf__val_L0+1, FSR0H
0x20D2	0xFFE1C0E2  	MOVFF       FARG__doprntf_pb, FSR1L
0x20D6	0xFFE2C0E3  	MOVFF       FARG__doprntf_pb+1, FSR1H
0x20DA	0xFFE6CFEE  	MOVFF       POSTINC0, POSTINC1
0x20DE	0x0100      	MOVLB       0
0x20E0	0x4BE2      	INFSNZ      FARG__doprntf_pb, 1, 1
0x20E2	0x2BE3      	INCF        FARG__doprntf_pb+1, 1, 1
0x20E4	0x0E01      	MOVLW       1
0x20E6	0x25FE      	ADDWF       _doprntf__val_L0, 0, 1
0x20E8	0x6E00      	MOVWF       R0 
0x20EA	0x0E00      	MOVLW       0
0x20EC	0x21FF      	ADDWFC      _doprntf__val_L0+1, 0, 1
0x20EE	0x6E01      	MOVWF       R1 
0x20F0	0xF0FEC000  	MOVFF       R0, _doprntf__val_L0
0x20F4	0xF0FFC001  	MOVFF       R1, _doprntf__val_L0+1
0x20F8	0x0101      	MOVLB       1
0x20FA	0x4B02      	INFSNZ      _doprntf_ccnt_L0, 1, 1
0x20FC	0x2B03      	INCF        _doprntf_ccnt_L0+1, 1, 1
0x20FE	0xD7D3      	BRA         L__doprntf64
L__doprntf65:
;__Lib_Sprintf.c,365 :: 		
0x2100	0x0100      	MOVLB       0
0x2102	0xA7F6      	BTFSS       _doprntf_flag_L0, 3, 1
0x2104	0xD018      	BRA         L__doprntf66
;__Lib_Sprintf.c,366 :: 		
L__doprntf67:
0x2106	0x0100      	MOVLB       0
0x2108	0xF000C0F4  	MOVFF       _doprntf_width_L0, R0
0x210C	0xF001C0F5  	MOVFF       _doprntf_width_L0+1, R1
0x2110	0x0E01      	MOVLW       1
0x2112	0x5FF4      	SUBWF       _doprntf_width_L0, 1, 1
0x2114	0x0E00      	MOVLW       0
0x2116	0x5BF5      	SUBWFB      _doprntf_width_L0+1, 1, 1
0x2118	0x5000      	MOVF        R0, 0 
0x211A	0x1001      	IORWF       R1, 0 
0x211C	0xE00C      	BZ          L__doprntf68
;__Lib_Sprintf.c,367 :: 		
0x211E	0xFFE1C0E2  	MOVFF       FARG__doprntf_pb, FSR1L
0x2122	0xFFE2C0E3  	MOVFF       FARG__doprntf_pb+1, FSR1H
0x2126	0x0E20      	MOVLW       32
0x2128	0x6EE6      	MOVWF       POSTINC1 
0x212A	0x4BE2      	INFSNZ      FARG__doprntf_pb, 1, 1
0x212C	0x2BE3      	INCF        FARG__doprntf_pb+1, 1, 1
0x212E	0x0101      	MOVLB       1
0x2130	0x4B02      	INFSNZ      _doprntf_ccnt_L0, 1, 1
0x2132	0x2B03      	INCF        _doprntf_ccnt_L0+1, 1, 1
0x2134	0xD7E8      	BRA         L__doprntf67
L__doprntf68:
L__doprntf66:
;__Lib_Sprintf.c,368 :: 		
0x2136	0xD574      	BRA         L__doprntf10
;__Lib_Sprintf.c,369 :: 		
L__doprntf69:
;__Lib_Sprintf.c,370 :: 		
0x2138	0xFFE9C0E7  	MOVFF       FARG__doprntf_ap, FSR0L
0x213C	0xFFEAC0E8  	MOVFF       FARG__doprntf_ap+1, FSR0H
0x2140	0xF000CFEE  	MOVFF       POSTINC0, R0
0x2144	0xF001CFEE  	MOVFF       POSTINC0, R1
0x2148	0xFFE9C000  	MOVFF       R0, FSR0L
0x214C	0xFFEAC001  	MOVFF       R1, FSR0H
0x2150	0xF0F3CFEE  	MOVFF       POSTINC0, _doprntf_c_L0
0x2154	0xFFE9C0E7  	MOVFF       FARG__doprntf_ap, FSR0L
0x2158	0xFFEAC0E8  	MOVFF       FARG__doprntf_ap+1, FSR0H
0x215C	0x0E02      	MOVLW       2
0x215E	0x24EE      	ADDWF       POSTINC0, 0 
0x2160	0x6E00      	MOVWF       R0 
0x2162	0x0E00      	MOVLW       0
0x2164	0x20EE      	ADDWFC      POSTINC0, 0 
0x2166	0x6E01      	MOVWF       R1 
0x2168	0xFFE1C0E7  	MOVFF       FARG__doprntf_ap, FSR1L
0x216C	0xFFE2C0E8  	MOVFF       FARG__doprntf_ap+1, FSR1H
0x2170	0xFFE6C000  	MOVFF       R0, POSTINC1
0x2174	0xFFE6C001  	MOVFF       R1, POSTINC1
;__Lib_Sprintf.c,371 :: 		
L__doprntf70:
;__Lib_Sprintf.c,372 :: 		
0x2178	0x0EF3      	MOVLW       _doprntf_c_L0
0x217A	0x0100      	MOVLB       0
0x217C	0x6FFE      	MOVWF       _doprntf__val_L0, 1
0x217E	0x0E00      	MOVLW       hi_addr(_doprntf_c_L0)
0x2180	0x6FFF      	MOVWF       _doprntf__val_L0+1, 1
;__Lib_Sprintf.c,373 :: 		
0x2182	0x0E01      	MOVLW       1
0x2184	0x0101      	MOVLB       1
0x2186	0x6F00      	MOVWF       _doprntf__val_L0+2, 1
0x2188	0x0E00      	MOVLW       0
0x218A	0x6F01      	MOVWF       _doprntf__val_L0+3, 1
;__Lib_Sprintf.c,374 :: 		
0x218C	0xD74C      	BRA         ____doprntf_dostring
;__Lib_Sprintf.c,376 :: 		
L__doprntf71:
;__Lib_Sprintf.c,377 :: 		
0x218E	0x0EC0      	MOVLW       192
0x2190	0x0100      	MOVLB       0
0x2192	0x13F6      	IORWF       _doprntf_flag_L0, 1, 1
0x2194	0x0E00      	MOVLW       0
0x2196	0x13F7      	IORWF       _doprntf_flag_L0+1, 1, 1
;__Lib_Sprintf.c,378 :: 		
0x2198	0xD03F      	BRA         L__doprntf38
;__Lib_Sprintf.c,380 :: 		
L__doprntf37:
0x219A	0x51F3      	MOVF        _doprntf_c_L0, 0, 1
0x219C	0x0A00      	XORLW       0
0x219E	0xB4D8      	BTFSC       STATUS, 2 
0x21A0	0xD6E7      	BRA         L__doprntf39
0x21A2	0x51F3      	MOVF        _doprntf_c_L0, 0, 1
0x21A4	0x0A6C      	XORLW       108
0x21A6	0xB4D8      	BTFSC       STATUS, 2 
0x21A8	0xD6E9      	BRA         L__doprntf40
0x21AA	0x51F3      	MOVF        _doprntf_c_L0, 0, 1
0x21AC	0x0A4C      	XORLW       76
0x21AE	0xB4D8      	BTFSC       STATUS, 2 
0x21B0	0xD6E5      	BRA         L__doprntf41
0x21B2	0x51F3      	MOVF        _doprntf_c_L0, 0, 1
0x21B4	0x0A66      	XORLW       102
0x21B6	0xB4D8      	BTFSC       STATUS, 2 
0x21B8	0xD6E3      	BRA         L__doprntf42
0x21BA	0x51F3      	MOVF        _doprntf_c_L0, 0, 1
0x21BC	0x0A45      	XORLW       69
0x21BE	0xB4D8      	BTFSC       STATUS, 2 
0x21C0	0xD6E1      	BRA         L__doprntf43
0x21C2	0x51F3      	MOVF        _doprntf_c_L0, 0, 1
0x21C4	0x0A65      	XORLW       101
0x21C6	0xB4D8      	BTFSC       STATUS, 2 
0x21C8	0xD6DE      	BRA         L__doprntf44
0x21CA	0x51F3      	MOVF        _doprntf_c_L0, 0, 1
0x21CC	0x0A67      	XORLW       103
0x21CE	0xB4D8      	BTFSC       STATUS, 2 
0x21D0	0xD6DC      	BRA         L__doprntf45
0x21D2	0x51F3      	MOVF        _doprntf_c_L0, 0, 1
0x21D4	0x0A6F      	XORLW       111
0x21D6	0xB4D8      	BTFSC       STATUS, 2 
0x21D8	0xD6DA      	BRA         L__doprntf46
0x21DA	0x51F3      	MOVF        _doprntf_c_L0, 0, 1
0x21DC	0x0A64      	XORLW       100
0x21DE	0xB4D8      	BTFSC       STATUS, 2 
0x21E0	0xD6D8      	BRA         L__doprntf47
0x21E2	0x51F3      	MOVF        _doprntf_c_L0, 0, 1
0x21E4	0x0A69      	XORLW       105
0x21E6	0xB4D8      	BTFSC       STATUS, 2 
0x21E8	0xD6D4      	BRA         L__doprntf48
0x21EA	0x51F3      	MOVF        _doprntf_c_L0, 0, 1
0x21EC	0x0A70      	XORLW       112
0x21EE	0xB4D8      	BTFSC       STATUS, 2 
0x21F0	0xD6D1      	BRA         L__doprntf49
0x21F2	0x51F3      	MOVF        _doprntf_c_L0, 0, 1
0x21F4	0x0A58      	XORLW       88
0x21F6	0xB4D8      	BTFSC       STATUS, 2 
0x21F8	0xD6CD      	BRA         L__doprntf50
0x21FA	0x51F3      	MOVF        _doprntf_c_L0, 0, 1
0x21FC	0x0A78      	XORLW       120
0x21FE	0xB4D8      	BTFSC       STATUS, 2 
0x2200	0xD6CA      	BRA         L__doprntf51
0x2202	0x51F3      	MOVF        _doprntf_c_L0, 0, 1
0x2204	0x0A73      	XORLW       115
0x2206	0xB4D8      	BTFSC       STATUS, 2 
0x2208	0xD6C8      	BRA         L__doprntf52
0x220A	0x51F3      	MOVF        _doprntf_c_L0, 0, 1
0x220C	0x0A63      	XORLW       99
0x220E	0xE094      	BZ          L__doprntf69
0x2210	0x51F3      	MOVF        _doprntf_c_L0, 0, 1
0x2212	0x0A75      	XORLW       117
0x2214	0xE0BC      	BZ          L__doprntf71
0x2216	0xD7B0      	BRA         L__doprntf70
L__doprntf38:
;__Lib_Sprintf.c,382 :: 		
0x2218	0x0E00      	MOVLW       0
0x221A	0x15F6      	ANDWF       _doprntf_flag_L0, 0, 1
0x221C	0x6E00      	MOVWF       R0 
0x221E	0x51F7      	MOVF        _doprntf_flag_L0+1, 0, 1
0x2220	0x0B07      	ANDLW       7
0x2222	0x6E01      	MOVWF       R1 
0x2224	0x5000      	MOVF        R0, 0 
0x2226	0x1001      	IORWF       R1, 0 
0x2228	0xB4D8      	BTFSC       STATUS, 2 
0x222A	0xF01AEF35  	GOTO        L__doprntf72
;__Lib_Sprintf.c,383 :: 		
0x222E	0xA9F7      	BTFSS       _doprntf_flag_L0+1, 4, 1
0x2230	0xD004      	BRA         L__doprntf73
;__Lib_Sprintf.c,384 :: 		
0x2232	0x0E06      	MOVLW       6
0x2234	0x6FF1      	MOVWF       _doprntf_prec_L0, 1
0x2236	0x0E00      	MOVLW       0
0x2238	0x6FF2      	MOVWF       _doprntf_prec_L0+1, 1
L__doprntf73:
;__Lib_Sprintf.c,385 :: 		
0x223A	0xFFE9C0E7  	MOVFF       FARG__doprntf_ap, FSR0L
0x223E	0xFFEAC0E8  	MOVFF       FARG__doprntf_ap+1, FSR0H
0x2242	0xF000CFEE  	MOVFF       POSTINC0, R0
0x2246	0xF001CFEE  	MOVFF       POSTINC0, R1
0x224A	0xFFE9C000  	MOVFF       R0, FSR0L
0x224E	0xFFEAC001  	MOVFF       R1, FSR0H
0x2252	0xF0F8CFEE  	MOVFF       POSTINC0, _doprntf_fval_L0
0x2256	0xF0F9CFEE  	MOVFF       POSTINC0, _doprntf_fval_L0+1
0x225A	0xF0FACFEE  	MOVFF       POSTINC0, _doprntf_fval_L0+2
0x225E	0xF0FBCFEE  	MOVFF       POSTINC0, _doprntf_fval_L0+3
0x2262	0xFFE9C0E7  	MOVFF       FARG__doprntf_ap, FSR0L
0x2266	0xFFEAC0E8  	MOVFF       FARG__doprntf_ap+1, FSR0H
0x226A	0x0E04      	MOVLW       4
0x226C	0x24EE      	ADDWF       POSTINC0, 0 
0x226E	0x6E00      	MOVWF       R0 
0x2270	0x0E00      	MOVLW       0
0x2272	0x20EE      	ADDWFC      POSTINC0, 0 
0x2274	0x6E01      	MOVWF       R1 
0x2276	0xFFE1C0E7  	MOVFF       FARG__doprntf_ap, FSR1L
0x227A	0xFFE2C0E8  	MOVFF       FARG__doprntf_ap+1, FSR1H
0x227E	0xFFE6C000  	MOVFF       R0, POSTINC1
0x2282	0xFFE6C001  	MOVFF       R1, POSTINC1
;__Lib_Sprintf.c,386 :: 		
0x2286	0x6A04      	CLRF        R4 
0x2288	0x6A05      	CLRF        R5 
0x228A	0x6A06      	CLRF        R6 
0x228C	0x6A07      	CLRF        R7 
0x228E	0xF000C0F8  	MOVFF       _doprntf_fval_L0, R0
0x2292	0xF001C0F9  	MOVFF       _doprntf_fval_L0+1, R1
0x2296	0xF002C0FA  	MOVFF       _doprntf_fval_L0+2, R2
0x229A	0xF003C0FB  	MOVFF       _doprntf_fval_L0+3, R3
0x229E	0xF006EC65  	CALL        _Compare_Double, 0
0x22A2	0x0E01      	MOVLW       1
0x22A4	0xB0D8      	BTFSC       STATUS, 0 
0x22A6	0x0E00      	MOVLW       0
0x22A8	0x6E00      	MOVWF       R0 
0x22AA	0x5200      	MOVF        R0, 1 
0x22AC	0xE005      	BZ          L__doprntf74
;__Lib_Sprintf.c,387 :: 		
0x22AE	0x7FFA      	BTG         _doprntf_fval_L0+2, 7, 1
;__Lib_Sprintf.c,388 :: 		
0x22B0	0x0E03      	MOVLW       3
0x22B2	0x13F6      	IORWF       _doprntf_flag_L0, 1, 1
0x22B4	0x0E00      	MOVLW       0
0x22B6	0x13F7      	IORWF       _doprntf_flag_L0+1, 1, 1
;__Lib_Sprintf.c,389 :: 		
L__doprntf74:
;__Lib_Sprintf.c,390 :: 		
0x22B8	0x6BFC      	CLRF        _doprntf_exp_L0, 1
0x22BA	0x6BFD      	CLRF        _doprntf_exp_L0+1, 1
;__Lib_Sprintf.c,391 :: 		
0x22BC	0xF000C0F8  	MOVFF       _doprntf_fval_L0, R0
0x22C0	0xF001C0F9  	MOVFF       _doprntf_fval_L0+1, R1
0x22C4	0xF002C0FA  	MOVFF       _doprntf_fval_L0+2, R2
0x22C8	0xF003C0FB  	MOVFF       _doprntf_fval_L0+3, R3
0x22CC	0x6A04      	CLRF        R4 
0x22CE	0x6A05      	CLRF        R5 
0x22D0	0x6A06      	CLRF        R6 
0x22D2	0x6A07      	CLRF        R7 
0x22D4	0xF00BECA1  	CALL        _Equals_Double, 0
0x22D8	0x0E00      	MOVLW       0
0x22DA	0xA4D8      	BTFSS       STATUS, 2 
0x22DC	0x0E01      	MOVLW       1
0x22DE	0x6E00      	MOVWF       R0 
0x22E0	0x5200      	MOVF        R0, 1 
0x22E2	0xB4D8      	BTFSC       STATUS, 2 
0x22E4	0xD08D      	BRA         L__doprntf75
;__Lib_Sprintf.c,392 :: 		
0x22E6	0xF000C0FB  	MOVFF       _doprntf_fval_L0+3, R0
0x22EA	0x6A01      	CLRF        R1 
0x22EC	0x6A02      	CLRF        R2 
0x22EE	0x6A03      	CLRF        R3 
0x22F0	0x0EFF      	MOVLW       255
0x22F2	0x1600      	ANDWF       R0, 1 
0x22F4	0x0E00      	MOVLW       0
0x22F6	0x1601      	ANDWF       R1, 1 
0x22F8	0x0E7E      	MOVLW       126
0x22FA	0x5E00      	SUBWF       R0, 1 
0x22FC	0x0E00      	MOVLW       0
0x22FE	0x5A01      	SUBWFB      R1, 1 
0x2300	0xF0FCC000  	MOVFF       R0, _doprntf_exp_L0
0x2304	0xF0FDC001  	MOVFF       R1, _doprntf_exp_L0+1
;__Lib_Sprintf.c,393 :: 		
0x2308	0x0E01      	MOVLW       1
0x230A	0x5E00      	SUBWF       R0, 1 
0x230C	0x0E00      	MOVLW       0
0x230E	0x5A01      	SUBWFB      R1, 1 
0x2310	0xF0FCC000  	MOVFF       R0, _doprntf_exp_L0
0x2314	0xF0FDC001  	MOVFF       R1, _doprntf_exp_L0+1
;__Lib_Sprintf.c,394 :: 		
0x2318	0x0E03      	MOVLW       3
0x231A	0x6E04      	MOVWF       R4 
0x231C	0x0E00      	MOVLW       0
0x231E	0x6E05      	MOVWF       R5 
0x2320	0xF00BECB8  	CALL        _Mul_16X16_U, 0
0x2324	0xF0FCC000  	MOVFF       R0, _doprntf_exp_L0
0x2328	0xF0FDC001  	MOVFF       R1, _doprntf_exp_L0+1
;__Lib_Sprintf.c,395 :: 		
0x232C	0x0E0A      	MOVLW       10
0x232E	0x6E04      	MOVWF       R4 
0x2330	0x0E00      	MOVLW       0
0x2332	0x6E05      	MOVWF       R5 
0x2334	0xF008EC60  	CALL        _Div_16x16_S, 0
0x2338	0xF0FCC000  	MOVFF       R0, _doprntf_exp_L0
0x233C	0xF0FDC001  	MOVFF       R1, _doprntf_exp_L0+1
;__Lib_Sprintf.c,396 :: 		
0x2340	0x0E80      	MOVLW       128
0x2342	0x1801      	XORWF       R1, 0 
0x2344	0x6E02      	MOVWF       R2 
0x2346	0x0E80      	MOVLW       128
0x2348	0x5C02      	SUBWF       R2, 0 
0x234A	0xE102      	BNZ         L___doprntf323
0x234C	0x0E00      	MOVLW       0
0x234E	0x5C00      	SUBWF       R0, 0 
L___doprntf323:
0x2350	0xE205      	BC          L__doprntf76
;__Lib_Sprintf.c,397 :: 		
0x2352	0x0E01      	MOVLW       1
0x2354	0x0100      	MOVLB       0
0x2356	0x5FFC      	SUBWF       _doprntf_exp_L0, 1, 1
0x2358	0x0E00      	MOVLW       0
0x235A	0x5BFD      	SUBWFB      _doprntf_exp_L0+1, 1, 1
L__doprntf76:
0x235C	0x0100      	MOVLB       0
;__Lib_Sprintf.c,398 :: 		
0x235E	0x51FC      	MOVF        _doprntf_exp_L0, 0, 1
0x2360	0x0800      	SUBLW       0
0x2362	0x0101      	MOVLB       1
0x2364	0x6F0A      	MOVWF       FARG___Lib_Sprintf_scale_scl, 1
0x2366	0xF008ECC3  	CALL        __Lib_Sprintf_scale, 0
0x236A	0xF004C0F8  	MOVFF       _doprntf_fval_L0, R4
0x236E	0xF005C0F9  	MOVFF       _doprntf_fval_L0+1, R5
0x2372	0xF006C0FA  	MOVFF       _doprntf_fval_L0+2, R6
0x2376	0xF007C0FB  	MOVFF       _doprntf_fval_L0+3, R7
0x237A	0xF004EC18  	CALL        _Mul_32x32_FP, 0
0x237E	0xF0FEC000  	MOVFF       R0, _doprntf__val_L0
0x2382	0xF0FFC001  	MOVFF       R1, _doprntf__val_L0+1
0x2386	0xF100C002  	MOVFF       R2, _doprntf__val_L0+2
0x238A	0xF101C003  	MOVFF       R3, _doprntf__val_L0+3
;__Lib_Sprintf.c,399 :: 		
0x238E	0x0E00      	MOVLW       0
0x2390	0x6E04      	MOVWF       R4 
0x2392	0x0E00      	MOVLW       0
0x2394	0x6E05      	MOVWF       R5 
0x2396	0x0E00      	MOVLW       0
0x2398	0x6E06      	MOVWF       R6 
0x239A	0x0E7F      	MOVLW       127
0x239C	0x6E07      	MOVWF       R7 
0x239E	0xF000C0FE  	MOVFF       _doprntf__val_L0, R0
0x23A2	0xF001C0FF  	MOVFF       _doprntf__val_L0+1, R1
0x23A6	0xF002C100  	MOVFF       _doprntf__val_L0+2, R2
0x23AA	0xF003C101  	MOVFF       _doprntf__val_L0+3, R3
0x23AE	0xF006EC65  	CALL        _Compare_Double, 0
0x23B2	0x0E01      	MOVLW       1
0x23B4	0xB0D8      	BTFSC       STATUS, 0 
0x23B6	0x0E00      	MOVLW       0
0x23B8	0x6E00      	MOVWF       R0 
0x23BA	0x5200      	MOVF        R0, 1 
0x23BC	0xE006      	BZ          L__doprntf77
;__Lib_Sprintf.c,400 :: 		
0x23BE	0x0E01      	MOVLW       1
0x23C0	0x0100      	MOVLB       0
0x23C2	0x5FFC      	SUBWF       _doprntf_exp_L0, 1, 1
0x23C4	0x0E00      	MOVLW       0
0x23C6	0x5BFD      	SUBWFB      _doprntf_exp_L0+1, 1, 1
0x23C8	0xD01B      	BRA         L__doprntf78
L__doprntf77:
;__Lib_Sprintf.c,402 :: 		
0x23CA	0x0E00      	MOVLW       0
0x23CC	0x6E04      	MOVWF       R4 
0x23CE	0x0E00      	MOVLW       0
0x23D0	0x6E05      	MOVWF       R5 
0x23D2	0x0E20      	MOVLW       32
0x23D4	0x6E06      	MOVWF       R6 
0x23D6	0x0E82      	MOVLW       130
0x23D8	0x6E07      	MOVWF       R7 
0x23DA	0xF000C0FE  	MOVFF       _doprntf__val_L0, R0
0x23DE	0xF001C0FF  	MOVFF       _doprntf__val_L0+1, R1
0x23E2	0xF002C100  	MOVFF       _doprntf__val_L0+2, R2
0x23E6	0xF003C101  	MOVFF       _doprntf__val_L0+3, R3
0x23EA	0xF006EC65  	CALL        _Compare_Double, 0
0x23EE	0x0E00      	MOVLW       0
0x23F0	0xB0D8      	BTFSC       STATUS, 0 
0x23F2	0x0E01      	MOVLW       1
0x23F4	0x6E00      	MOVWF       R0 
0x23F6	0x5200      	MOVF        R0, 1 
0x23F8	0xE003      	BZ          L__doprntf79
;__Lib_Sprintf.c,403 :: 		
0x23FA	0x0100      	MOVLB       0
0x23FC	0x4BFC      	INFSNZ      _doprntf_exp_L0, 1, 1
0x23FE	0x2BFD      	INCF        _doprntf_exp_L0+1, 1, 1
L__doprntf79:
L__doprntf78:
;__Lib_Sprintf.c,404 :: 		
L__doprntf75:
0x2400	0x0100      	MOVLB       0
;__Lib_Sprintf.c,405 :: 		
0x2402	0x0E80      	MOVLW       128
0x2404	0x6E00      	MOVWF       R0 
0x2406	0x0E80      	MOVLW       128
0x2408	0x19FD      	XORWF       _doprntf_exp_L0+1, 0, 1
0x240A	0x5C00      	SUBWF       R0, 0 
0x240C	0xE102      	BNZ         L___doprntf324
0x240E	0x51FC      	MOVF        _doprntf_exp_L0, 0, 1
0x2410	0x0800      	SUBLW       0
L___doprntf324:
0x2412	0xE303      	BNC         L__doprntf80
;__Lib_Sprintf.c,406 :: 		
0x2414	0x0E01      	MOVLW       1
0x2416	0x6FF3      	MOVWF       _doprntf_c_L0, 1
0x2418	0xD002      	BRA         L__doprntf81
L__doprntf80:
;__Lib_Sprintf.c,408 :: 		
0x241A	0xF0F3C0FC  	MOVFF       _doprntf_exp_L0, _doprntf_c_L0
L__doprntf81:
;__Lib_Sprintf.c,409 :: 		
0x241E	0xB1F7      	BTFSC       _doprntf_flag_L0+1, 0, 1
0x2420	0xD019      	BRA         L___doprntf313
0x2422	0xA3F7      	BTFSS       _doprntf_flag_L0+1, 1, 1
0x2424	0xD015      	BRA         L___doprntf314
0x2426	0x0E80      	MOVLW       128
0x2428	0x19FD      	XORWF       _doprntf_exp_L0+1, 0, 1
0x242A	0x6E00      	MOVWF       R0 
0x242C	0x0E7F      	MOVLW       127
0x242E	0x5C00      	SUBWF       R0, 0 
0x2430	0xE102      	BNZ         L___doprntf325
0x2432	0x0EFC      	MOVLW       252
0x2434	0x5DFC      	SUBWF       _doprntf_exp_L0, 0, 1
L___doprntf325:
0x2436	0xE30B      	BNC         L___doprntf315
0x2438	0x0E80      	MOVLW       128
0x243A	0x19FD      	XORWF       _doprntf_exp_L0+1, 0, 1
0x243C	0x6E00      	MOVWF       R0 
0x243E	0x0E80      	MOVLW       128
0x2440	0x19F2      	XORWF       _doprntf_prec_L0+1, 0, 1
0x2442	0x5C00      	SUBWF       R0, 0 
0x2444	0xE102      	BNZ         L___doprntf326
0x2446	0x51F1      	MOVF        _doprntf_prec_L0, 0, 1
0x2448	0x5DFC      	SUBWF       _doprntf_exp_L0, 0, 1
L___doprntf326:
0x244A	0xE201      	BC          L___doprntf315
0x244C	0xD001      	BRA         L___doprntf314
L___doprntf315:
0x244E	0xD002      	BRA         L___doprntf313
L___doprntf314:
0x2450	0xF016EF3F  	GOTO        L__doprntf88
L___doprntf313:
;__Lib_Sprintf.c,410 :: 		
0x2454	0x51F1      	MOVF        _doprntf_prec_L0, 0, 1
0x2456	0x11F2      	IORWF       _doprntf_prec_L0+1, 0, 1
0x2458	0xE006      	BZ          L__doprntf91
0x245A	0xA3F7      	BTFSS       _doprntf_flag_L0+1, 1, 1
0x245C	0xD004      	BRA         L__doprntf91
L___doprntf312:
;__Lib_Sprintf.c,411 :: 		
0x245E	0x0E01      	MOVLW       1
0x2460	0x5FF1      	SUBWF       _doprntf_prec_L0, 1, 1
0x2462	0x0E00      	MOVLW       0
0x2464	0x5BF2      	SUBWFB      _doprntf_prec_L0+1, 1, 1
L__doprntf91:
;__Lib_Sprintf.c,412 :: 		
0x2466	0x51F2      	MOVF        _doprntf_prec_L0+1, 0, 1
0x2468	0x0800      	SUBLW       0
0x246A	0xE102      	BNZ         L___doprntf327
0x246C	0x51F1      	MOVF        _doprntf_prec_L0, 0, 1
0x246E	0x0808      	SUBLW       8
L___doprntf327:
0x2470	0xE203      	BC          L__doprntf92
;__Lib_Sprintf.c,413 :: 		
0x2472	0x0E08      	MOVLW       8
0x2474	0x6FF3      	MOVWF       _doprntf_c_L0, 1
0x2476	0xD002      	BRA         L__doprntf93
L__doprntf92:
;__Lib_Sprintf.c,415 :: 		
0x2478	0xF0F3C0F1  	MOVFF       _doprntf_prec_L0, _doprntf_c_L0
L__doprntf93:
;__Lib_Sprintf.c,416 :: 		
0x247C	0xF000C0F8  	MOVFF       _doprntf_fval_L0, R0
0x2480	0xF001C0F9  	MOVFF       _doprntf_fval_L0+1, R1
0x2484	0xF002C0FA  	MOVFF       _doprntf_fval_L0+2, R2
0x2488	0xF003C0FB  	MOVFF       _doprntf_fval_L0+3, R3
0x248C	0x6A04      	CLRF        R4 
0x248E	0x6A05      	CLRF        R5 
0x2490	0x6A06      	CLRF        R6 
0x2492	0x6A07      	CLRF        R7 
0x2494	0xF00BECA1  	CALL        _Equals_Double, 0
0x2498	0x0E00      	MOVLW       0
0x249A	0xA4D8      	BTFSS       STATUS, 2 
0x249C	0x0E01      	MOVLW       1
0x249E	0x6E00      	MOVWF       R0 
0x24A0	0x5200      	MOVF        R0, 1 
0x24A2	0xB4D8      	BTFSC       STATUS, 2 
0x24A4	0xD14C      	BRA         L__doprntf94
;__Lib_Sprintf.c,417 :: 		
0x24A6	0xF10AC0FC  	MOVFF       _doprntf_exp_L0, FARG___Lib_Sprintf_scale_scl
0x24AA	0xF008ECC3  	CALL        __Lib_Sprintf_scale, 0
0x24AE	0xF004C000  	MOVFF       R0, R4
0x24B2	0xF005C001  	MOVFF       R1, R5
0x24B6	0xF006C002  	MOVFF       R2, R6
0x24BA	0xF007C003  	MOVFF       R3, R7
0x24BE	0xF000C0F8  	MOVFF       _doprntf_fval_L0, R0
0x24C2	0xF001C0F9  	MOVFF       _doprntf_fval_L0+1, R1
0x24C6	0xF002C0FA  	MOVFF       _doprntf_fval_L0+2, R2
0x24CA	0xF003C0FB  	MOVFF       _doprntf_fval_L0+3, R3
0x24CE	0xF00CECA4  	CALL        _Div_32x32_FP, 0
0x24D2	0xF0F8C000  	MOVFF       R0, _doprntf_fval_L0
0x24D6	0xF0F9C001  	MOVFF       R1, _doprntf_fval_L0+1
0x24DA	0xF0FAC002  	MOVFF       R2, _doprntf_fval_L0+2
0x24DE	0xF0FBC003  	MOVFF       R3, _doprntf_fval_L0+3
;__Lib_Sprintf.c,418 :: 		
0x24E2	0x0100      	MOVLB       0
0x24E4	0x51F3      	MOVF        _doprntf_c_L0, 0, 1
0x24E6	0x0800      	SUBLW       0
0x24E8	0x0101      	MOVLB       1
0x24EA	0x6F0A      	MOVWF       FARG___Lib_Sprintf_scale_scl, 1
0x24EC	0xF008ECC3  	CALL        __Lib_Sprintf_scale, 0
0x24F0	0xF004C000  	MOVFF       R0, R4
0x24F4	0xF005C001  	MOVFF       R1, R5
0x24F8	0xF006C002  	MOVFF       R2, R6
0x24FC	0xF007C003  	MOVFF       R3, R7
0x2500	0xF000C0F8  	MOVFF       _doprntf_fval_L0, R0
0x2504	0xF001C0F9  	MOVFF       _doprntf_fval_L0+1, R1
0x2508	0xF002C0FA  	MOVFF       _doprntf_fval_L0+2, R2
0x250C	0xF003C0FB  	MOVFF       _doprntf_fval_L0+3, R3
0x2510	0xF00CECA4  	CALL        _Div_32x32_FP, 0
0x2514	0xF104C000  	MOVFF       R0, FLOC___doprntf
0x2518	0xF105C001  	MOVFF       R1, FLOC___doprntf+1
0x251C	0xF106C002  	MOVFF       R2, FLOC___doprntf+2
0x2520	0xF107C003  	MOVFF       R3, FLOC___doprntf+3
0x2524	0xF0F8C104  	MOVFF       FLOC___doprntf, _doprntf_fval_L0
0x2528	0xF0F9C105  	MOVFF       FLOC___doprntf+1, _doprntf_fval_L0+1
0x252C	0xF0FAC106  	MOVFF       FLOC___doprntf+2, _doprntf_fval_L0+2
0x2530	0xF0FBC107  	MOVFF       FLOC___doprntf+3, _doprntf_fval_L0+3
;__Lib_Sprintf.c,419 :: 		
0x2534	0xF000C104  	MOVFF       FLOC___doprntf, R0
0x2538	0xF001C105  	MOVFF       FLOC___doprntf+1, R1
0x253C	0xF002C106  	MOVFF       FLOC___doprntf+2, R2
0x2540	0xF003C107  	MOVFF       FLOC___doprntf+3, R3
0x2544	0xF00DEC62  	CALL        _double2longword, 0
0x2548	0xF00BECEC  	CALL        _longword2double, 0
0x254C	0xF004C000  	MOVFF       R0, R4
0x2550	0xF005C001  	MOVFF       R1, R5
0x2554	0xF006C002  	MOVFF       R2, R6
0x2558	0xF007C003  	MOVFF       R3, R7
0x255C	0xF000C104  	MOVFF       FLOC___doprntf, R0
0x2560	0xF001C105  	MOVFF       FLOC___doprntf+1, R1
0x2564	0xF002C106  	MOVFF       FLOC___doprntf+2, R2
0x2568	0xF003C107  	MOVFF       FLOC___doprntf+3, R3
0x256C	0xF006ECCC  	CALL        _Sub_32x32_FP, 0
0x2570	0x0E00      	MOVLW       0
0x2572	0x6E04      	MOVWF       R4 
0x2574	0x0E00      	MOVLW       0
0x2576	0x6E05      	MOVWF       R5 
0x2578	0x0E00      	MOVLW       0
0x257A	0x6E06      	MOVWF       R6 
0x257C	0x0E7E      	MOVLW       126
0x257E	0x6E07      	MOVWF       R7 
0x2580	0xF006EC65  	CALL        _Compare_Double, 0
0x2584	0x0E00      	MOVLW       0
0x2586	0xB0D8      	BTFSC       STATUS, 0 
0x2588	0x0E01      	MOVLW       1
0x258A	0x6E00      	MOVWF       R0 
0x258C	0x5200      	MOVF        R0, 1 
0x258E	0xE01A      	BZ          L__doprntf95
;__Lib_Sprintf.c,420 :: 		
0x2590	0xF000C0F8  	MOVFF       _doprntf_fval_L0, R0
0x2594	0xF001C0F9  	MOVFF       _doprntf_fval_L0+1, R1
0x2598	0xF002C0FA  	MOVFF       _doprntf_fval_L0+2, R2
0x259C	0xF003C0FB  	MOVFF       _doprntf_fval_L0+3, R3
0x25A0	0x0E00      	MOVLW       0
0x25A2	0x6E04      	MOVWF       R4 
0x25A4	0x0E00      	MOVLW       0
0x25A6	0x6E05      	MOVWF       R5 
0x25A8	0x0E00      	MOVLW       0
0x25AA	0x6E06      	MOVWF       R6 
0x25AC	0x0E7E      	MOVLW       126
0x25AE	0x6E07      	MOVWF       R7 
0x25B0	0xF002EC08  	CALL        _Add_32x32_FP, 0
0x25B4	0xF0F8C000  	MOVFF       R0, _doprntf_fval_L0
0x25B8	0xF0F9C001  	MOVFF       R1, _doprntf_fval_L0+1
0x25BC	0xF0FAC002  	MOVFF       R2, _doprntf_fval_L0+2
0x25C0	0xF0FBC003  	MOVFF       R3, _doprntf_fval_L0+3
L__doprntf95:
;__Lib_Sprintf.c,421 :: 		
0x25C4	0xF000C0F8  	MOVFF       _doprntf_fval_L0, R0
0x25C8	0xF001C0F9  	MOVFF       _doprntf_fval_L0+1, R1
0x25CC	0xF002C0FA  	MOVFF       _doprntf_fval_L0+2, R2
0x25D0	0xF003C0FB  	MOVFF       _doprntf_fval_L0+3, R3
0x25D4	0xF00DEC62  	CALL        _double2longword, 0
0x25D8	0x0100      	MOVLB       0
0x25DA	0x51F3      	MOVF        _doprntf_c_L0, 0, 1
0x25DC	0x0F01      	ADDLW       1
0x25DE	0x6E09      	MOVWF       R9 
0x25E0	0x6A0A      	CLRF        R10 
0x25E2	0x0E00      	MOVLW       0
0x25E4	0x220A      	ADDWFC      R10, 1 
0x25E6	0xF004C009  	MOVFF       R9, R4
0x25EA	0xF005C00A  	MOVFF       R10, R5
0x25EE	0x0E00      	MOVLW       0
0x25F0	0xBE0A      	BTFSC       R10, 7 
0x25F2	0x0EFF      	MOVLW       255
0x25F4	0x6E06      	MOVWF       R6 
0x25F6	0x6E07      	MOVWF       R7 
0x25F8	0x3604      	RLCF        R4, 1 
0x25FA	0x9004      	BCF         R4, 0 
0x25FC	0x3605      	RLCF        R5, 1 
0x25FE	0x3606      	RLCF        R6, 1 
0x2600	0x3607      	RLCF        R7, 1 
0x2602	0x3604      	RLCF        R4, 1 
0x2604	0x9004      	BCF         R4, 0 
0x2606	0x3605      	RLCF        R5, 1 
0x2608	0x3606      	RLCF        R6, 1 
0x260A	0x3607      	RLCF        R7, 1 
0x260C	0x0E20      	MOVLW       __Lib_Sprintf_dpowers
0x260E	0x2404      	ADDWF       R4, 0 
0x2610	0x6EF6      	MOVWF       TBLPTR 
0x2612	0x0E42      	MOVLW       hi_addr(__Lib_Sprintf_dpowers)
0x2614	0x2005      	ADDWFC      R5, 0 
0x2616	0x6EF7      	MOVWF       TBLPTR+1 
0x2618	0x0E00      	MOVLW       higher_addr(__Lib_Sprintf_dpowers)
0x261A	0x2006      	ADDWFC      R6, 0 
0x261C	0x6EF8      	MOVWF       TBLPTR+2 
0x261E	0x0009      	TBLRD*+
0x2620	0xF005CFF5  	MOVFF       TABLAT, R5
0x2624	0x0009      	TBLRD*+
0x2626	0xF006CFF5  	MOVFF       TABLAT, R6
0x262A	0x0009      	TBLRD*+
0x262C	0xF007CFF5  	MOVFF       TABLAT, R7
0x2630	0x0009      	TBLRD*+
0x2632	0xF008CFF5  	MOVFF       TABLAT, R8
0x2636	0x5008      	MOVF        R8, 0 
0x2638	0x5C03      	SUBWF       R3, 0 
0x263A	0xE108      	BNZ         L___doprntf328
0x263C	0x5007      	MOVF        R7, 0 
0x263E	0x5C02      	SUBWF       R2, 0 
0x2640	0xE105      	BNZ         L___doprntf328
0x2642	0x5006      	MOVF        R6, 0 
0x2644	0x5C01      	SUBWF       R1, 0 
0x2646	0xE102      	BNZ         L___doprntf328
0x2648	0x5005      	MOVF        R5, 0 
0x264A	0x5C00      	SUBWF       R0, 0 
L___doprntf328:
0x264C	0xE31E      	BNC         L__doprntf96
;__Lib_Sprintf.c,422 :: 		
0x264E	0x0100      	MOVLB       0
0x2650	0xF000C0F8  	MOVFF       _doprntf_fval_L0, R0
0x2654	0xF001C0F9  	MOVFF       _doprntf_fval_L0+1, R1
0x2658	0xF002C0FA  	MOVFF       _doprntf_fval_L0+2, R2
0x265C	0xF003C0FB  	MOVFF       _doprntf_fval_L0+3, R3
0x2660	0x0ECD      	MOVLW       205
0x2662	0x6E04      	MOVWF       R4 
0x2664	0x0ECC      	MOVLW       204
0x2666	0x6E05      	MOVWF       R5 
0x2668	0x0E4C      	MOVLW       76
0x266A	0x6E06      	MOVWF       R6 
0x266C	0x0E7B      	MOVLW       123
0x266E	0x6E07      	MOVWF       R7 
0x2670	0xF004EC18  	CALL        _Mul_32x32_FP, 0
0x2674	0xF0F8C000  	MOVFF       R0, _doprntf_fval_L0
0x2678	0xF0F9C001  	MOVFF       R1, _doprntf_fval_L0+1
0x267C	0xF0FAC002  	MOVFF       R2, _doprntf_fval_L0+2
0x2680	0xF0FBC003  	MOVFF       R3, _doprntf_fval_L0+3
;__Lib_Sprintf.c,423 :: 		
0x2684	0x4BFC      	INFSNZ      _doprntf_exp_L0, 1, 1
0x2686	0x2BFD      	INCF        _doprntf_exp_L0+1, 1, 1
;__Lib_Sprintf.c,424 :: 		
0x2688	0xD05A      	BRA         L__doprntf97
L__doprntf96:
;__Lib_Sprintf.c,426 :: 		
0x268A	0xF000C0F8  	MOVFF       _doprntf_fval_L0, R0
0x268E	0xF001C0F9  	MOVFF       _doprntf_fval_L0+1, R1
0x2692	0xF002C0FA  	MOVFF       _doprntf_fval_L0+2, R2
0x2696	0xF003C0FB  	MOVFF       _doprntf_fval_L0+3, R3
0x269A	0xF00DEC62  	CALL        _double2longword, 0
0x269E	0xF004C0F3  	MOVFF       _doprntf_c_L0, R4
0x26A2	0x0E00      	MOVLW       0
0x26A4	0x6E05      	MOVWF       R5 
0x26A6	0x6E06      	MOVWF       R6 
0x26A8	0x6E07      	MOVWF       R7 
0x26AA	0x3604      	RLCF        R4, 1 
0x26AC	0x9004      	BCF         R4, 0 
0x26AE	0x3605      	RLCF        R5, 1 
0x26B0	0x3606      	RLCF        R6, 1 
0x26B2	0x3607      	RLCF        R7, 1 
0x26B4	0x3604      	RLCF        R4, 1 
0x26B6	0x9004      	BCF         R4, 0 
0x26B8	0x3605      	RLCF        R5, 1 
0x26BA	0x3606      	RLCF        R6, 1 
0x26BC	0x3607      	RLCF        R7, 1 
0x26BE	0x0E20      	MOVLW       __Lib_Sprintf_dpowers
0x26C0	0x2404      	ADDWF       R4, 0 
0x26C2	0x6EF6      	MOVWF       TBLPTR 
0x26C4	0x0E42      	MOVLW       hi_addr(__Lib_Sprintf_dpowers)
0x26C6	0x2005      	ADDWFC      R5, 0 
0x26C8	0x6EF7      	MOVWF       TBLPTR+1 
0x26CA	0x0E00      	MOVLW       higher_addr(__Lib_Sprintf_dpowers)
0x26CC	0x2006      	ADDWFC      R6, 0 
0x26CE	0x6EF8      	MOVWF       TBLPTR+2 
0x26D0	0x0009      	TBLRD*+
0x26D2	0xF005CFF5  	MOVFF       TABLAT, R5
0x26D6	0x0009      	TBLRD*+
0x26D8	0xF006CFF5  	MOVFF       TABLAT, R6
0x26DC	0x0009      	TBLRD*+
0x26DE	0xF007CFF5  	MOVFF       TABLAT, R7
0x26E2	0x0009      	TBLRD*+
0x26E4	0xF008CFF5  	MOVFF       TABLAT, R8
0x26E8	0x5008      	MOVF        R8, 0 
0x26EA	0x5C03      	SUBWF       R3, 0 
0x26EC	0xE108      	BNZ         L___doprntf329
0x26EE	0x5007      	MOVF        R7, 0 
0x26F0	0x5C02      	SUBWF       R2, 0 
0x26F2	0xE105      	BNZ         L___doprntf329
0x26F4	0x5006      	MOVF        R6, 0 
0x26F6	0x5C01      	SUBWF       R1, 0 
0x26F8	0xE102      	BNZ         L___doprntf329
0x26FA	0x5005      	MOVF        R5, 0 
0x26FC	0x5C00      	SUBWF       R0, 0 
L___doprntf329:
0x26FE	0xE21F      	BC          L__doprntf98
;__Lib_Sprintf.c,427 :: 		
0x2700	0x0100      	MOVLB       0
0x2702	0xF000C0F8  	MOVFF       _doprntf_fval_L0, R0
0x2706	0xF001C0F9  	MOVFF       _doprntf_fval_L0+1, R1
0x270A	0xF002C0FA  	MOVFF       _doprntf_fval_L0+2, R2
0x270E	0xF003C0FB  	MOVFF       _doprntf_fval_L0+3, R3
0x2712	0x0E00      	MOVLW       0
0x2714	0x6E04      	MOVWF       R4 
0x2716	0x0E00      	MOVLW       0
0x2718	0x6E05      	MOVWF       R5 
0x271A	0x0E20      	MOVLW       32
0x271C	0x6E06      	MOVWF       R6 
0x271E	0x0E82      	MOVLW       130
0x2720	0x6E07      	MOVWF       R7 
0x2722	0xF004EC18  	CALL        _Mul_32x32_FP, 0
0x2726	0xF0F8C000  	MOVFF       R0, _doprntf_fval_L0
0x272A	0xF0F9C001  	MOVFF       R1, _doprntf_fval_L0+1
0x272E	0xF0FAC002  	MOVFF       R2, _doprntf_fval_L0+2
0x2732	0xF0FBC003  	MOVFF       R3, _doprntf_fval_L0+3
;__Lib_Sprintf.c,428 :: 		
0x2736	0x0E01      	MOVLW       1
0x2738	0x5FFC      	SUBWF       _doprntf_exp_L0, 1, 1
0x273A	0x0E00      	MOVLW       0
0x273C	0x5BFD      	SUBWFB      _doprntf_exp_L0+1, 1, 1
;__Lib_Sprintf.c,429 :: 		
L__doprntf98:
L__doprntf97:
;__Lib_Sprintf.c,430 :: 		
L__doprntf94:
0x273E	0x0100      	MOVLB       0
;__Lib_Sprintf.c,431 :: 		
0x2740	0xA3F7      	BTFSS       _doprntf_flag_L0+1, 1, 1
0x2742	0xD097      	BRA         L__doprntf101
0x2744	0xB7F7      	BTFSC       _doprntf_flag_L0+1, 3, 1
0x2746	0xD095      	BRA         L__doprntf101
L___doprntf311:
;__Lib_Sprintf.c,432 :: 		
0x2748	0x0E80      	MOVLW       128
0x274A	0x0A00      	XORLW       0
0x274C	0x6E00      	MOVWF       R0 
0x274E	0x0E80      	MOVLW       128
0x2750	0x19F2      	XORWF       _doprntf_prec_L0+1, 0, 1
0x2752	0x5C00      	SUBWF       R0, 0 
0x2754	0xE102      	BNZ         L___doprntf330
0x2756	0x51F1      	MOVF        _doprntf_prec_L0, 0, 1
0x2758	0x080A      	SUBLW       10
L___doprntf330:
0x275A	0xE204      	BC          L__doprntf102
;__Lib_Sprintf.c,433 :: 		
0x275C	0x0E0A      	MOVLW       10
0x275E	0x6FF1      	MOVWF       _doprntf_prec_L0, 1
0x2760	0x0E00      	MOVLW       0
0x2762	0x6FF2      	MOVWF       _doprntf_prec_L0+1, 1
L__doprntf102:
;__Lib_Sprintf.c,434 :: 		
0x2764	0xF000C0F8  	MOVFF       _doprntf_fval_L0, R0
0x2768	0xF001C0F9  	MOVFF       _doprntf_fval_L0+1, R1
0x276C	0xF002C0FA  	MOVFF       _doprntf_fval_L0+2, R2
0x2770	0xF003C0FB  	MOVFF       _doprntf_fval_L0+3, R3
0x2774	0xF00DEC62  	CALL        _double2longword, 0
0x2778	0xF0FEC000  	MOVFF       R0, _doprntf__val_L0
0x277C	0xF0FFC001  	MOVFF       R1, _doprntf__val_L0+1
0x2780	0xF100C002  	MOVFF       R2, _doprntf__val_L0+2
0x2784	0xF101C003  	MOVFF       R3, _doprntf__val_L0+3
;__Lib_Sprintf.c,435 :: 		
L__doprntf103:
0x2788	0x51FE      	MOVF        _doprntf__val_L0, 0, 1
0x278A	0x11FF      	IORWF       _doprntf__val_L0+1, 0, 1
0x278C	0x0101      	MOVLB       1
0x278E	0x1100      	IORWF       _doprntf__val_L0+2, 0, 1
0x2790	0x1101      	IORWF       _doprntf__val_L0+3, 0, 1
0x2792	0xE043      	BZ          L__doprntf104
0x2794	0x0E0A      	MOVLW       10
0x2796	0x6E04      	MOVWF       R4 
0x2798	0x0E00      	MOVLW       0
0x279A	0x6E05      	MOVWF       R5 
0x279C	0x6E06      	MOVWF       R6 
0x279E	0x6E07      	MOVWF       R7 
0x27A0	0xF000C0FE  	MOVFF       _doprntf__val_L0, R0
0x27A4	0xF001C0FF  	MOVFF       _doprntf__val_L0+1, R1
0x27A8	0xF002C100  	MOVFF       _doprntf__val_L0+2, R2
0x27AC	0xF003C101  	MOVFF       _doprntf__val_L0+3, R3
0x27B0	0xF004ECEF  	CALL        _Div_32x32_U, 0
0x27B4	0xF000C008  	MOVFF       R8, R0
0x27B8	0xF001C009  	MOVFF       R9, R1
0x27BC	0xF002C00A  	MOVFF       R10, R2
0x27C0	0xF003C00B  	MOVFF       R11, R3
0x27C4	0x0E00      	MOVLW       0
0x27C6	0x6E04      	MOVWF       R4 
0x27C8	0x1803      	XORWF       R3, 0 
0x27CA	0xE108      	BNZ         L___doprntf331
0x27CC	0x5004      	MOVF        R4, 0 
0x27CE	0x1802      	XORWF       R2, 0 
0x27D0	0xE105      	BNZ         L___doprntf331
0x27D2	0x5004      	MOVF        R4, 0 
0x27D4	0x1801      	XORWF       R1, 0 
0x27D6	0xE102      	BNZ         L___doprntf331
0x27D8	0x5000      	MOVF        R0, 0 
0x27DA	0x0A00      	XORLW       0
L___doprntf331:
0x27DC	0xE11E      	BNZ         L__doprntf104
L___doprntf310:
;__Lib_Sprintf.c,436 :: 		
0x27DE	0x0E01      	MOVLW       1
0x27E0	0x0100      	MOVLB       0
0x27E2	0x5FF1      	SUBWF       _doprntf_prec_L0, 1, 1
0x27E4	0x0E00      	MOVLW       0
0x27E6	0x5BF2      	SUBWFB      _doprntf_prec_L0+1, 1, 1
;__Lib_Sprintf.c,437 :: 		
0x27E8	0x0E0A      	MOVLW       10
0x27EA	0x6E04      	MOVWF       R4 
0x27EC	0x0E00      	MOVLW       0
0x27EE	0x6E05      	MOVWF       R5 
0x27F0	0x6E06      	MOVWF       R6 
0x27F2	0x6E07      	MOVWF       R7 
0x27F4	0xF000C0FE  	MOVFF       _doprntf__val_L0, R0
0x27F8	0xF001C0FF  	MOVFF       _doprntf__val_L0+1, R1
0x27FC	0xF002C100  	MOVFF       _doprntf__val_L0+2, R2
0x2800	0xF003C101  	MOVFF       _doprntf__val_L0+3, R3
0x2804	0xF004ECEF  	CALL        _Div_32x32_U, 0
0x2808	0xF0FEC000  	MOVFF       R0, _doprntf__val_L0
0x280C	0xF0FFC001  	MOVFF       R1, _doprntf__val_L0+1
0x2810	0xF100C002  	MOVFF       R2, _doprntf__val_L0+2
0x2814	0xF101C003  	MOVFF       R3, _doprntf__val_L0+3
;__Lib_Sprintf.c,438 :: 		
0x2818	0xD7B7      	BRA         L__doprntf103
L__doprntf104:
0x281A	0x0100      	MOVLB       0
;__Lib_Sprintf.c,439 :: 		
0x281C	0x0E80      	MOVLW       128
0x281E	0x19F2      	XORWF       _doprntf_prec_L0+1, 0, 1
0x2820	0x6E00      	MOVWF       R0 
0x2822	0x0E80      	MOVLW       128
0x2824	0x5C00      	SUBWF       R0, 0 
0x2826	0xE102      	BNZ         L___doprntf332
0x2828	0x51F3      	MOVF        _doprntf_c_L0, 0, 1
0x282A	0x5DF1      	SUBWF       _doprntf_prec_L0, 0, 1
L___doprntf332:
0x282C	0xE222      	BC          L__doprntf107
;__Lib_Sprintf.c,440 :: 		
0x282E	0x51F1      	MOVF        _doprntf_prec_L0, 0, 1
0x2830	0x5DF3      	SUBWF       _doprntf_c_L0, 0, 1
0x2832	0x0101      	MOVLB       1
0x2834	0x6F0A      	MOVWF       FARG___Lib_Sprintf_scale_scl, 1
0x2836	0xF008ECC3  	CALL        __Lib_Sprintf_scale, 0
0x283A	0xF004C000  	MOVFF       R0, R4
0x283E	0xF005C001  	MOVFF       R1, R5
0x2842	0xF006C002  	MOVFF       R2, R6
0x2846	0xF007C003  	MOVFF       R3, R7
0x284A	0xF000C0F8  	MOVFF       _doprntf_fval_L0, R0
0x284E	0xF001C0F9  	MOVFF       _doprntf_fval_L0+1, R1
0x2852	0xF002C0FA  	MOVFF       _doprntf_fval_L0+2, R2
0x2856	0xF003C0FB  	MOVFF       _doprntf_fval_L0+3, R3
0x285A	0xF00CECA4  	CALL        _Div_32x32_FP, 0
0x285E	0xF0F8C000  	MOVFF       R0, _doprntf_fval_L0
0x2862	0xF0F9C001  	MOVFF       R1, _doprntf_fval_L0+1
0x2866	0xF0FAC002  	MOVFF       R2, _doprntf_fval_L0+2
0x286A	0xF0FBC003  	MOVFF       R3, _doprntf_fval_L0+3
;__Lib_Sprintf.c,441 :: 		
0x286E	0xF0F3C0F1  	MOVFF       _doprntf_prec_L0, _doprntf_c_L0
;__Lib_Sprintf.c,442 :: 		
L__doprntf107:
;__Lib_Sprintf.c,443 :: 		
L__doprntf101:
;__Lib_Sprintf.c,444 :: 		
0x2872	0x0E05      	MOVLW       5
0x2874	0x0100      	MOVLB       0
0x2876	0x25F1      	ADDWF       _doprntf_prec_L0, 0, 1
0x2878	0x6E00      	MOVWF       R0 
0x287A	0x0E00      	MOVLW       0
0x287C	0x21F2      	ADDWFC      _doprntf_prec_L0+1, 0, 1
0x287E	0x6E01      	MOVWF       R1 
0x2880	0x5000      	MOVF        R0, 0 
0x2882	0x5FF4      	SUBWF       _doprntf_width_L0, 1, 1
0x2884	0x5001      	MOVF        R1, 0 
0x2886	0x5BF5      	SUBWFB      _doprntf_width_L0+1, 1, 1
;__Lib_Sprintf.c,445 :: 		
0x2888	0x51F1      	MOVF        _doprntf_prec_L0, 0, 1
0x288A	0x11F2      	IORWF       _doprntf_prec_L0+1, 0, 1
0x288C	0xE103      	BNZ         L___doprntf309
0x288E	0xB7F7      	BTFSC       _doprntf_flag_L0+1, 3, 1
0x2890	0xD001      	BRA         L___doprntf309
0x2892	0xD004      	BRA         L__doprntf110
L___doprntf309:
;__Lib_Sprintf.c,446 :: 		
0x2894	0x0E01      	MOVLW       1
0x2896	0x5FF4      	SUBWF       _doprntf_width_L0, 1, 1
0x2898	0x0E00      	MOVLW       0
0x289A	0x5BF5      	SUBWFB      _doprntf_width_L0+1, 1, 1
L__doprntf110:
;__Lib_Sprintf.c,447 :: 		
0x289C	0x0E03      	MOVLW       3
0x289E	0x15F6      	ANDWF       _doprntf_flag_L0, 0, 1
0x28A0	0x6E00      	MOVWF       R0 
0x28A2	0xF001C0F7  	MOVFF       _doprntf_flag_L0+1, R1
0x28A6	0x0E00      	MOVLW       0
0x28A8	0x1601      	ANDWF       R1, 1 
0x28AA	0x5000      	MOVF        R0, 0 
0x28AC	0x1001      	IORWF       R1, 0 
0x28AE	0xE004      	BZ          L__doprntf111
;__Lib_Sprintf.c,448 :: 		
0x28B0	0x0E01      	MOVLW       1
0x28B2	0x5FF4      	SUBWF       _doprntf_width_L0, 1, 1
0x28B4	0x0E00      	MOVLW       0
0x28B6	0x5BF5      	SUBWFB      _doprntf_width_L0+1, 1, 1
L__doprntf111:
;__Lib_Sprintf.c,449 :: 		
0x28B8	0xA5F6      	BTFSS       _doprntf_flag_L0, 2, 1
0x28BA	0xD03F      	BRA         L__doprntf112
;__Lib_Sprintf.c,450 :: 		
0x28BC	0xA3F6      	BTFSS       _doprntf_flag_L0, 1, 1
0x28BE	0xD013      	BRA         L__doprntf113
;__Lib_Sprintf.c,451 :: 		
0x28C0	0xA1F6      	BTFSS       _doprntf_flag_L0, 0, 1
0x28C2	0xD003      	BRA         L__doprntf114
0x28C4	0x0E2D      	MOVLW       45
0x28C6	0x6FE9      	MOVWF       ?FLOC____doprntfT369, 1
0x28C8	0xD002      	BRA         L__doprntf115
L__doprntf114:
0x28CA	0x0E2B      	MOVLW       43
0x28CC	0x6FE9      	MOVWF       ?FLOC____doprntfT369, 1
L__doprntf115:
0x28CE	0xFFE1C0E2  	MOVFF       FARG__doprntf_pb, FSR1L
0x28D2	0xFFE2C0E3  	MOVFF       FARG__doprntf_pb+1, FSR1H
0x28D6	0xFFE6C0E9  	MOVFF       ?FLOC____doprntfT369, POSTINC1
0x28DA	0x4BE2      	INFSNZ      FARG__doprntf_pb, 1, 1
0x28DC	0x2BE3      	INCF        FARG__doprntf_pb+1, 1, 1
0x28DE	0x0101      	MOVLB       1
0x28E0	0x4B02      	INFSNZ      _doprntf_ccnt_L0, 1, 1
0x28E2	0x2B03      	INCF        _doprntf_ccnt_L0+1, 1, 1
0x28E4	0xD00E      	BRA         L__doprntf116
L__doprntf113:
;__Lib_Sprintf.c,453 :: 		
0x28E6	0x0100      	MOVLB       0
0x28E8	0xA1F6      	BTFSS       _doprntf_flag_L0, 0, 1
0x28EA	0xD00B      	BRA         L__doprntf117
;__Lib_Sprintf.c,454 :: 		
0x28EC	0xFFE1C0E2  	MOVFF       FARG__doprntf_pb, FSR1L
0x28F0	0xFFE2C0E3  	MOVFF       FARG__doprntf_pb+1, FSR1H
0x28F4	0x0E20      	MOVLW       32
0x28F6	0x6EE6      	MOVWF       POSTINC1 
0x28F8	0x4BE2      	INFSNZ      FARG__doprntf_pb, 1, 1
0x28FA	0x2BE3      	INCF        FARG__doprntf_pb+1, 1, 1
0x28FC	0x0101      	MOVLB       1
0x28FE	0x4B02      	INFSNZ      _doprntf_ccnt_L0, 1, 1
0x2900	0x2B03      	INCF        _doprntf_ccnt_L0+1, 1, 1
L__doprntf117:
L__doprntf116:
;__Lib_Sprintf.c,455 :: 		
L__doprntf118:
0x2902	0x0E80      	MOVLW       128
0x2904	0x6E00      	MOVWF       R0 
0x2906	0x0E80      	MOVLW       128
0x2908	0x0100      	MOVLB       0
0x290A	0x19F5      	XORWF       _doprntf_width_L0+1, 0, 1
0x290C	0x5C00      	SUBWF       R0, 0 
0x290E	0xE102      	BNZ         L___doprntf333
0x2910	0x51F4      	MOVF        _doprntf_width_L0, 0, 1
0x2912	0x0800      	SUBLW       0
L___doprntf333:
0x2914	0xE211      	BC          L__doprntf119
;__Lib_Sprintf.c,456 :: 		
0x2916	0xFFE1C0E2  	MOVFF       FARG__doprntf_pb, FSR1L
0x291A	0xFFE2C0E3  	MOVFF       FARG__doprntf_pb+1, FSR1H
0x291E	0x0E30      	MOVLW       48
0x2920	0x6EE6      	MOVWF       POSTINC1 
0x2922	0x4BE2      	INFSNZ      FARG__doprntf_pb, 1, 1
0x2924	0x2BE3      	INCF        FARG__doprntf_pb+1, 1, 1
0x2926	0x0101      	MOVLB       1
0x2928	0x4B02      	INFSNZ      _doprntf_ccnt_L0, 1, 1
0x292A	0x2B03      	INCF        _doprntf_ccnt_L0+1, 1, 1
;__Lib_Sprintf.c,457 :: 		
0x292C	0x0E01      	MOVLW       1
0x292E	0x0100      	MOVLB       0
0x2930	0x5FF4      	SUBWF       _doprntf_width_L0, 1, 1
0x2932	0x0E00      	MOVLW       0
0x2934	0x5BF5      	SUBWFB      _doprntf_width_L0+1, 1, 1
;__Lib_Sprintf.c,458 :: 		
0x2936	0xD7E5      	BRA         L__doprntf118
L__doprntf119:
;__Lib_Sprintf.c,459 :: 		
0x2938	0xD03F      	BRA         L__doprntf120
L__doprntf112:
;__Lib_Sprintf.c,461 :: 		
0x293A	0xB7F6      	BTFSC       _doprntf_flag_L0, 3, 1
0x293C	0xD01A      	BRA         L__doprntf121
;__Lib_Sprintf.c,462 :: 		
L__doprntf122:
0x293E	0x0E80      	MOVLW       128
0x2940	0x6E00      	MOVWF       R0 
0x2942	0x0E80      	MOVLW       128
0x2944	0x19F5      	XORWF       _doprntf_width_L0+1, 0, 1
0x2946	0x5C00      	SUBWF       R0, 0 
0x2948	0xE102      	BNZ         L___doprntf334
0x294A	0x51F4      	MOVF        _doprntf_width_L0, 0, 1
0x294C	0x0800      	SUBLW       0
L___doprntf334:
0x294E	0xE211      	BC          L__doprntf123
;__Lib_Sprintf.c,463 :: 		
0x2950	0xFFE1C0E2  	MOVFF       FARG__doprntf_pb, FSR1L
0x2954	0xFFE2C0E3  	MOVFF       FARG__doprntf_pb+1, FSR1H
0x2958	0x0E20      	MOVLW       32
0x295A	0x6EE6      	MOVWF       POSTINC1 
0x295C	0x4BE2      	INFSNZ      FARG__doprntf_pb, 1, 1
0x295E	0x2BE3      	INCF        FARG__doprntf_pb+1, 1, 1
0x2960	0x0101      	MOVLB       1
0x2962	0x4B02      	INFSNZ      _doprntf_ccnt_L0, 1, 1
0x2964	0x2B03      	INCF        _doprntf_ccnt_L0+1, 1, 1
;__Lib_Sprintf.c,464 :: 		
0x2966	0x0E01      	MOVLW       1
0x2968	0x0100      	MOVLB       0
0x296A	0x5FF4      	SUBWF       _doprntf_width_L0, 1, 1
0x296C	0x0E00      	MOVLW       0
0x296E	0x5BF5      	SUBWFB      _doprntf_width_L0+1, 1, 1
;__Lib_Sprintf.c,465 :: 		
0x2970	0xD7E6      	BRA         L__doprntf122
L__doprntf123:
L__doprntf121:
;__Lib_Sprintf.c,466 :: 		
0x2972	0xA3F6      	BTFSS       _doprntf_flag_L0, 1, 1
0x2974	0xD013      	BRA         L__doprntf124
;__Lib_Sprintf.c,467 :: 		
0x2976	0xA1F6      	BTFSS       _doprntf_flag_L0, 0, 1
0x2978	0xD003      	BRA         L__doprntf125
0x297A	0x0E2D      	MOVLW       45
0x297C	0x6FEA      	MOVWF       ?FLOC____doprntfT387, 1
0x297E	0xD002      	BRA         L__doprntf126
L__doprntf125:
0x2980	0x0E2B      	MOVLW       43
0x2982	0x6FEA      	MOVWF       ?FLOC____doprntfT387, 1
L__doprntf126:
0x2984	0xFFE1C0E2  	MOVFF       FARG__doprntf_pb, FSR1L
0x2988	0xFFE2C0E3  	MOVFF       FARG__doprntf_pb+1, FSR1H
0x298C	0xFFE6C0EA  	MOVFF       ?FLOC____doprntfT387, POSTINC1
0x2990	0x4BE2      	INFSNZ      FARG__doprntf_pb, 1, 1
0x2992	0x2BE3      	INCF        FARG__doprntf_pb+1, 1, 1
0x2994	0x0101      	MOVLB       1
0x2996	0x4B02      	INFSNZ      _doprntf_ccnt_L0, 1, 1
0x2998	0x2B03      	INCF        _doprntf_ccnt_L0+1, 1, 1
0x299A	0xD00E      	BRA         L__doprntf127
L__doprntf124:
;__Lib_Sprintf.c,469 :: 		
0x299C	0x0100      	MOVLB       0
0x299E	0xA1F6      	BTFSS       _doprntf_flag_L0, 0, 1
0x29A0	0xD00B      	BRA         L__doprntf128
;__Lib_Sprintf.c,470 :: 		
0x29A2	0xFFE1C0E2  	MOVFF       FARG__doprntf_pb, FSR1L
0x29A6	0xFFE2C0E3  	MOVFF       FARG__doprntf_pb+1, FSR1H
0x29AA	0x0E20      	MOVLW       32
0x29AC	0x6EE6      	MOVWF       POSTINC1 
0x29AE	0x4BE2      	INFSNZ      FARG__doprntf_pb, 1, 1
0x29B0	0x2BE3      	INCF        FARG__doprntf_pb+1, 1, 1
0x29B2	0x0101      	MOVLB       1
0x29B4	0x4B02      	INFSNZ      _doprntf_ccnt_L0, 1, 1
0x29B6	0x2B03      	INCF        _doprntf_ccnt_L0+1, 1, 1
L__doprntf128:
L__doprntf127:
;__Lib_Sprintf.c,471 :: 		
L__doprntf120:
;__Lib_Sprintf.c,472 :: 		
0x29B8	0xF000C0F8  	MOVFF       _doprntf_fval_L0, R0
0x29BC	0xF001C0F9  	MOVFF       _doprntf_fval_L0+1, R1
0x29C0	0xF002C0FA  	MOVFF       _doprntf_fval_L0+2, R2
0x29C4	0xF003C0FB  	MOVFF       _doprntf_fval_L0+3, R3
0x29C8	0xF00DEC62  	CALL        _double2longword, 0
0x29CC	0xF0FEC000  	MOVFF       R0, _doprntf__val_L0
0x29D0	0xF0FFC001  	MOVFF       R1, _doprntf__val_L0+1
0x29D4	0xF100C002  	MOVFF       R2, _doprntf__val_L0+2
0x29D8	0xF101C003  	MOVFF       R3, _doprntf__val_L0+3
;__Lib_Sprintf.c,473 :: 		
0x29DC	0xF000C0F3  	MOVFF       _doprntf_c_L0, R0
0x29E0	0x0E00      	MOVLW       0
0x29E2	0x6E01      	MOVWF       R1 
0x29E4	0x6E02      	MOVWF       R2 
0x29E6	0x6E03      	MOVWF       R3 
0x29E8	0x3600      	RLCF        R0, 1 
0x29EA	0x9000      	BCF         R0, 0 
0x29EC	0x3601      	RLCF        R1, 1 
0x29EE	0x3602      	RLCF        R2, 1 
0x29F0	0x3603      	RLCF        R3, 1 
0x29F2	0x3600      	RLCF        R0, 1 
0x29F4	0x9000      	BCF         R0, 0 
0x29F6	0x3601      	RLCF        R1, 1 
0x29F8	0x3602      	RLCF        R2, 1 
0x29FA	0x3603      	RLCF        R3, 1 
0x29FC	0x0E20      	MOVLW       __Lib_Sprintf_dpowers
0x29FE	0x2400      	ADDWF       R0, 0 
0x2A00	0x6EF6      	MOVWF       TBLPTR 
0x2A02	0x0E42      	MOVLW       hi_addr(__Lib_Sprintf_dpowers)
0x2A04	0x2001      	ADDWFC      R1, 0 
0x2A06	0x6EF7      	MOVWF       TBLPTR+1 
0x2A08	0x0E00      	MOVLW       higher_addr(__Lib_Sprintf_dpowers)
0x2A0A	0x2002      	ADDWFC      R2, 0 
0x2A0C	0x6EF8      	MOVWF       TBLPTR+2 
0x2A0E	0x0009      	TBLRD*+
0x2A10	0xF004CFF5  	MOVFF       TABLAT, R4
0x2A14	0x0009      	TBLRD*+
0x2A16	0xF005CFF5  	MOVFF       TABLAT, R5
0x2A1A	0x0009      	TBLRD*+
0x2A1C	0xF006CFF5  	MOVFF       TABLAT, R6
0x2A20	0x0009      	TBLRD*+
0x2A22	0xF007CFF5  	MOVFF       TABLAT, R7
0x2A26	0xF000C0FE  	MOVFF       _doprntf__val_L0, R0
0x2A2A	0xF001C0FF  	MOVFF       _doprntf__val_L0+1, R1
0x2A2E	0xF002C100  	MOVFF       _doprntf__val_L0+2, R2
0x2A32	0xF003C101  	MOVFF       _doprntf__val_L0+3, R3
0x2A36	0xF004ECEF  	CALL        _Div_32x32_U, 0
0x2A3A	0x0E30      	MOVLW       48
0x2A3C	0x2600      	ADDWF       R0, 1 
0x2A3E	0xFFE1C0E2  	MOVFF       FARG__doprntf_pb, FSR1L
0x2A42	0xFFE2C0E3  	MOVFF       FARG__doprntf_pb+1, FSR1H
0x2A46	0xFFE6C000  	MOVFF       R0, POSTINC1
0x2A4A	0x0100      	MOVLB       0
0x2A4C	0x4BE2      	INFSNZ      FARG__doprntf_pb, 1, 1
0x2A4E	0x2BE3      	INCF        FARG__doprntf_pb+1, 1, 1
0x2A50	0x0101      	MOVLB       1
0x2A52	0x4B02      	INFSNZ      _doprntf_ccnt_L0, 1, 1
0x2A54	0x2B03      	INCF        _doprntf_ccnt_L0+1, 1, 1
;__Lib_Sprintf.c,474 :: 		
0x2A56	0x0100      	MOVLB       0
0x2A58	0x51F1      	MOVF        _doprntf_prec_L0, 0, 1
0x2A5A	0x11F2      	IORWF       _doprntf_prec_L0+1, 0, 1
0x2A5C	0xE103      	BNZ         L___doprntf308
0x2A5E	0xB7F7      	BTFSC       _doprntf_flag_L0+1, 3, 1
0x2A60	0xD001      	BRA         L___doprntf308
0x2A62	0xD076      	BRA         L__doprntf131
L___doprntf308:
;__Lib_Sprintf.c,475 :: 		
0x2A64	0xFFE1C0E2  	MOVFF       FARG__doprntf_pb, FSR1L
0x2A68	0xFFE2C0E3  	MOVFF       FARG__doprntf_pb+1, FSR1H
0x2A6C	0x0E2E      	MOVLW       46
0x2A6E	0x6EE6      	MOVWF       POSTINC1 
0x2A70	0x4BE2      	INFSNZ      FARG__doprntf_pb, 1, 1
0x2A72	0x2BE3      	INCF        FARG__doprntf_pb+1, 1, 1
0x2A74	0x0101      	MOVLB       1
0x2A76	0x4B02      	INFSNZ      _doprntf_ccnt_L0, 1, 1
0x2A78	0x2B03      	INCF        _doprntf_ccnt_L0+1, 1, 1
;__Lib_Sprintf.c,476 :: 		
0x2A7A	0x0100      	MOVLB       0
0x2A7C	0x51F3      	MOVF        _doprntf_c_L0, 0, 1
0x2A7E	0x5FF1      	SUBWF       _doprntf_prec_L0, 1, 1
0x2A80	0x0E00      	MOVLW       0
0x2A82	0x5BF2      	SUBWFB      _doprntf_prec_L0+1, 1, 1
;__Lib_Sprintf.c,477 :: 		
L__doprntf132:
0x2A84	0x0100      	MOVLB       0
0x2A86	0x53F3      	MOVF        _doprntf_c_L0, 1, 1
0x2A88	0xE04E      	BZ          L__doprntf133
;__Lib_Sprintf.c,478 :: 		
0x2A8A	0x07F3      	DECF        _doprntf_c_L0, 1, 1
0x2A8C	0xF000C0F3  	MOVFF       _doprntf_c_L0, R0
0x2A90	0x0E00      	MOVLW       0
0x2A92	0x6E01      	MOVWF       R1 
0x2A94	0x6E02      	MOVWF       R2 
0x2A96	0x6E03      	MOVWF       R3 
0x2A98	0x3600      	RLCF        R0, 1 
0x2A9A	0x9000      	BCF         R0, 0 
0x2A9C	0x3601      	RLCF        R1, 1 
0x2A9E	0x3602      	RLCF        R2, 1 
0x2AA0	0x3603      	RLCF        R3, 1 
0x2AA2	0x3600      	RLCF        R0, 1 
0x2AA4	0x9000      	BCF         R0, 0 
0x2AA6	0x3601      	RLCF        R1, 1 
0x2AA8	0x3602      	RLCF        R2, 1 
0x2AAA	0x3603      	RLCF        R3, 1 
0x2AAC	0x0E20      	MOVLW       __Lib_Sprintf_dpowers
0x2AAE	0x2400      	ADDWF       R0, 0 
0x2AB0	0x6EF6      	MOVWF       TBLPTR 
0x2AB2	0x0E42      	MOVLW       hi_addr(__Lib_Sprintf_dpowers)
0x2AB4	0x2001      	ADDWFC      R1, 0 
0x2AB6	0x6EF7      	MOVWF       TBLPTR+1 
0x2AB8	0x0E00      	MOVLW       higher_addr(__Lib_Sprintf_dpowers)
0x2ABA	0x2002      	ADDWFC      R2, 0 
0x2ABC	0x6EF8      	MOVWF       TBLPTR+2 
0x2ABE	0x0009      	TBLRD*+
0x2AC0	0xF004CFF5  	MOVFF       TABLAT, R4
0x2AC4	0x0009      	TBLRD*+
0x2AC6	0xF005CFF5  	MOVFF       TABLAT, R5
0x2ACA	0x0009      	TBLRD*+
0x2ACC	0xF006CFF5  	MOVFF       TABLAT, R6
0x2AD0	0x0009      	TBLRD*+
0x2AD2	0xF007CFF5  	MOVFF       TABLAT, R7
0x2AD6	0xF000C0FE  	MOVFF       _doprntf__val_L0, R0
0x2ADA	0xF001C0FF  	MOVFF       _doprntf__val_L0+1, R1
0x2ADE	0xF002C100  	MOVFF       _doprntf__val_L0+2, R2
0x2AE2	0xF003C101  	MOVFF       _doprntf__val_L0+3, R3
0x2AE6	0xF004ECEF  	CALL        _Div_32x32_U, 0
0x2AEA	0x0E0A      	MOVLW       10
0x2AEC	0x6E04      	MOVWF       R4 
0x2AEE	0x0E00      	MOVLW       0
0x2AF0	0x6E05      	MOVWF       R5 
0x2AF2	0x6E06      	MOVWF       R6 
0x2AF4	0x6E07      	MOVWF       R7 
0x2AF6	0xF004ECEF  	CALL        _Div_32x32_U, 0
0x2AFA	0xF000C008  	MOVFF       R8, R0
0x2AFE	0xF001C009  	MOVFF       R9, R1
0x2B02	0xF002C00A  	MOVFF       R10, R2
0x2B06	0xF003C00B  	MOVFF       R11, R3
0x2B0A	0x0E30      	MOVLW       48
0x2B0C	0x2600      	ADDWF       R0, 1 
0x2B0E	0xFFE1C0E2  	MOVFF       FARG__doprntf_pb, FSR1L
0x2B12	0xFFE2C0E3  	MOVFF       FARG__doprntf_pb+1, FSR1H
0x2B16	0xFFE6C000  	MOVFF       R0, POSTINC1
0x2B1A	0x4BE2      	INFSNZ      FARG__doprntf_pb, 1, 1
0x2B1C	0x2BE3      	INCF        FARG__doprntf_pb+1, 1, 1
0x2B1E	0x0101      	MOVLB       1
0x2B20	0x4B02      	INFSNZ      _doprntf_ccnt_L0, 1, 1
0x2B22	0x2B03      	INCF        _doprntf_ccnt_L0+1, 1, 1
;__Lib_Sprintf.c,479 :: 		
0x2B24	0xD7AF      	BRA         L__doprntf132
L__doprntf133:
;__Lib_Sprintf.c,480 :: 		
L__doprntf134:
0x2B26	0x0100      	MOVLB       0
0x2B28	0x51F1      	MOVF        _doprntf_prec_L0, 0, 1
0x2B2A	0x11F2      	IORWF       _doprntf_prec_L0+1, 0, 1
0x2B2C	0xE011      	BZ          L__doprntf135
;__Lib_Sprintf.c,481 :: 		
0x2B2E	0xFFE1C0E2  	MOVFF       FARG__doprntf_pb, FSR1L
0x2B32	0xFFE2C0E3  	MOVFF       FARG__doprntf_pb+1, FSR1H
0x2B36	0x0E30      	MOVLW       48
0x2B38	0x6EE6      	MOVWF       POSTINC1 
0x2B3A	0x4BE2      	INFSNZ      FARG__doprntf_pb, 1, 1
0x2B3C	0x2BE3      	INCF        FARG__doprntf_pb+1, 1, 1
0x2B3E	0x0101      	MOVLB       1
0x2B40	0x4B02      	INFSNZ      _doprntf_ccnt_L0, 1, 1
0x2B42	0x2B03      	INCF        _doprntf_ccnt_L0+1, 1, 1
;__Lib_Sprintf.c,482 :: 		
0x2B44	0x0E01      	MOVLW       1
0x2B46	0x0100      	MOVLB       0
0x2B48	0x5FF1      	SUBWF       _doprntf_prec_L0, 1, 1
0x2B4A	0x0E00      	MOVLW       0
0x2B4C	0x5BF2      	SUBWFB      _doprntf_prec_L0+1, 1, 1
;__Lib_Sprintf.c,483 :: 		
0x2B4E	0xD7EB      	BRA         L__doprntf134
L__doprntf135:
;__Lib_Sprintf.c,484 :: 		
L__doprntf131:
;__Lib_Sprintf.c,485 :: 		
0x2B50	0xABF6      	BTFSS       _doprntf_flag_L0, 5, 1
0x2B52	0xD00C      	BRA         L__doprntf136
;__Lib_Sprintf.c,486 :: 		
0x2B54	0xFFE1C0E2  	MOVFF       FARG__doprntf_pb, FSR1L
0x2B58	0xFFE2C0E3  	MOVFF       FARG__doprntf_pb+1, FSR1H
0x2B5C	0x0E45      	MOVLW       69
0x2B5E	0x6EE6      	MOVWF       POSTINC1 
0x2B60	0x4BE2      	INFSNZ      FARG__doprntf_pb, 1, 1
0x2B62	0x2BE3      	INCF        FARG__doprntf_pb+1, 1, 1
0x2B64	0x0101      	MOVLB       1
0x2B66	0x4B02      	INFSNZ      _doprntf_ccnt_L0, 1, 1
0x2B68	0x2B03      	INCF        _doprntf_ccnt_L0+1, 1, 1
0x2B6A	0xD00C      	BRA         L__doprntf137
L__doprntf136:
;__Lib_Sprintf.c,488 :: 		
0x2B6C	0xFFE1C0E2  	MOVFF       FARG__doprntf_pb, FSR1L
0x2B70	0xFFE2C0E3  	MOVFF       FARG__doprntf_pb+1, FSR1H
0x2B74	0x0E65      	MOVLW       101
0x2B76	0x6EE6      	MOVWF       POSTINC1 
0x2B78	0x0100      	MOVLB       0
0x2B7A	0x4BE2      	INFSNZ      FARG__doprntf_pb, 1, 1
0x2B7C	0x2BE3      	INCF        FARG__doprntf_pb+1, 1, 1
0x2B7E	0x0101      	MOVLB       1
0x2B80	0x4B02      	INFSNZ      _doprntf_ccnt_L0, 1, 1
0x2B82	0x2B03      	INCF        _doprntf_ccnt_L0+1, 1, 1
L__doprntf137:
;__Lib_Sprintf.c,489 :: 		
0x2B84	0x0E80      	MOVLW       128
0x2B86	0x0100      	MOVLB       0
0x2B88	0x19FD      	XORWF       _doprntf_exp_L0+1, 0, 1
0x2B8A	0x6E00      	MOVWF       R0 
0x2B8C	0x0E80      	MOVLW       128
0x2B8E	0x5C00      	SUBWF       R0, 0 
0x2B90	0xE102      	BNZ         L___doprntf335
0x2B92	0x0E00      	MOVLW       0
0x2B94	0x5DFC      	SUBWF       _doprntf_exp_L0, 0, 1
L___doprntf335:
0x2B96	0xE212      	BC          L__doprntf138
;__Lib_Sprintf.c,490 :: 		
0x2B98	0x51FC      	MOVF        _doprntf_exp_L0, 0, 1
0x2B9A	0x0800      	SUBLW       0
0x2B9C	0x6FFC      	MOVWF       _doprntf_exp_L0, 1
0x2B9E	0x51FD      	MOVF        _doprntf_exp_L0+1, 0, 1
0x2BA0	0x0E00      	MOVLW       0
0x2BA2	0x57FD      	SUBFWB      _doprntf_exp_L0+1, 1, 1
;__Lib_Sprintf.c,491 :: 		
0x2BA4	0xFFE1C0E2  	MOVFF       FARG__doprntf_pb, FSR1L
0x2BA8	0xFFE2C0E3  	MOVFF       FARG__doprntf_pb+1, FSR1H
0x2BAC	0x0E2D      	MOVLW       45
0x2BAE	0x6EE6      	MOVWF       POSTINC1 
0x2BB0	0x4BE2      	INFSNZ      FARG__doprntf_pb, 1, 1
0x2BB2	0x2BE3      	INCF        FARG__doprntf_pb+1, 1, 1
0x2BB4	0x0101      	MOVLB       1
0x2BB6	0x4B02      	INFSNZ      _doprntf_ccnt_L0, 1, 1
0x2BB8	0x2B03      	INCF        _doprntf_ccnt_L0+1, 1, 1
;__Lib_Sprintf.c,492 :: 		
0x2BBA	0xD00C      	BRA         L__doprntf139
L__doprntf138:
;__Lib_Sprintf.c,494 :: 		
0x2BBC	0xFFE1C0E2  	MOVFF       FARG__doprntf_pb, FSR1L
0x2BC0	0xFFE2C0E3  	MOVFF       FARG__doprntf_pb+1, FSR1H
0x2BC4	0x0E2B      	MOVLW       43
0x2BC6	0x6EE6      	MOVWF       POSTINC1 
0x2BC8	0x0100      	MOVLB       0
0x2BCA	0x4BE2      	INFSNZ      FARG__doprntf_pb, 1, 1
0x2BCC	0x2BE3      	INCF        FARG__doprntf_pb+1, 1, 1
0x2BCE	0x0101      	MOVLB       1
0x2BD0	0x4B02      	INFSNZ      _doprntf_ccnt_L0, 1, 1
0x2BD2	0x2B03      	INCF        _doprntf_ccnt_L0+1, 1, 1
L__doprntf139:
;__Lib_Sprintf.c,495 :: 		
0x2BD4	0x0E0A      	MOVLW       10
0x2BD6	0x6E04      	MOVWF       R4 
0x2BD8	0x0E00      	MOVLW       0
0x2BDA	0x6E05      	MOVWF       R5 
0x2BDC	0xF000C0FC  	MOVFF       _doprntf_exp_L0, R0
0x2BE0	0xF001C0FD  	MOVFF       _doprntf_exp_L0+1, R1
0x2BE4	0xF008EC60  	CALL        _Div_16x16_S, 0
0x2BE8	0x0E30      	MOVLW       48
0x2BEA	0x2600      	ADDWF       R0, 1 
0x2BEC	0xFFE1C0E2  	MOVFF       FARG__doprntf_pb, FSR1L
0x2BF0	0xFFE2C0E3  	MOVFF       FARG__doprntf_pb+1, FSR1H
0x2BF4	0xFFE6C000  	MOVFF       R0, POSTINC1
0x2BF8	0x0100      	MOVLB       0
0x2BFA	0x4BE2      	INFSNZ      FARG__doprntf_pb, 1, 1
0x2BFC	0x2BE3      	INCF        FARG__doprntf_pb+1, 1, 1
0x2BFE	0x0101      	MOVLB       1
0x2C00	0x4B02      	INFSNZ      _doprntf_ccnt_L0, 1, 1
0x2C02	0x2B03      	INCF        _doprntf_ccnt_L0+1, 1, 1
;__Lib_Sprintf.c,496 :: 		
0x2C04	0x0E0A      	MOVLW       10
0x2C06	0x6E04      	MOVWF       R4 
0x2C08	0x0E00      	MOVLW       0
0x2C0A	0x6E05      	MOVWF       R5 
0x2C0C	0xF000C0FC  	MOVFF       _doprntf_exp_L0, R0
0x2C10	0xF001C0FD  	MOVFF       _doprntf_exp_L0+1, R1
0x2C14	0xF008EC60  	CALL        _Div_16x16_S, 0
0x2C18	0xF000C008  	MOVFF       R8, R0
0x2C1C	0xF001C009  	MOVFF       R9, R1
0x2C20	0x0E30      	MOVLW       48
0x2C22	0x2600      	ADDWF       R0, 1 
0x2C24	0xFFE1C0E2  	MOVFF       FARG__doprntf_pb, FSR1L
0x2C28	0xFFE2C0E3  	MOVFF       FARG__doprntf_pb+1, FSR1H
0x2C2C	0xFFE6C000  	MOVFF       R0, POSTINC1
0x2C30	0x0100      	MOVLB       0
0x2C32	0x4BE2      	INFSNZ      FARG__doprntf_pb, 1, 1
0x2C34	0x2BE3      	INCF        FARG__doprntf_pb+1, 1, 1
0x2C36	0x0101      	MOVLB       1
0x2C38	0x4B02      	INFSNZ      _doprntf_ccnt_L0, 1, 1
0x2C3A	0x2B03      	INCF        _doprntf_ccnt_L0+1, 1, 1
;__Lib_Sprintf.c,497 :: 		
0x2C3C	0x0100      	MOVLB       0
0x2C3E	0xA7F6      	BTFSS       _doprntf_flag_L0, 3, 1
0x2C40	0xD01C      	BRA         L__doprntf142
0x2C42	0x0E80      	MOVLW       128
0x2C44	0x6E00      	MOVWF       R0 
0x2C46	0x0E80      	MOVLW       128
0x2C48	0x19F5      	XORWF       _doprntf_width_L0+1, 0, 1
0x2C4A	0x5C00      	SUBWF       R0, 0 
0x2C4C	0xE102      	BNZ         L___doprntf336
0x2C4E	0x51F4      	MOVF        _doprntf_width_L0, 0, 1
0x2C50	0x0800      	SUBLW       0
L___doprntf336:
0x2C52	0xE213      	BC          L__doprntf142
L___doprntf307:
;__Lib_Sprintf.c,498 :: 		
L__doprntf143:
;__Lib_Sprintf.c,499 :: 		
0x2C54	0xFFE1C0E2  	MOVFF       FARG__doprntf_pb, FSR1L
0x2C58	0xFFE2C0E3  	MOVFF       FARG__doprntf_pb+1, FSR1H
0x2C5C	0x0E20      	MOVLW       32
0x2C5E	0x6EE6      	MOVWF       POSTINC1 
0x2C60	0x4BE2      	INFSNZ      FARG__doprntf_pb, 1, 1
0x2C62	0x2BE3      	INCF        FARG__doprntf_pb+1, 1, 1
0x2C64	0x0101      	MOVLB       1
0x2C66	0x4B02      	INFSNZ      _doprntf_ccnt_L0, 1, 1
0x2C68	0x2B03      	INCF        _doprntf_ccnt_L0+1, 1, 1
;__Lib_Sprintf.c,500 :: 		
0x2C6A	0x0E01      	MOVLW       1
0x2C6C	0x0100      	MOVLB       0
0x2C6E	0x5FF4      	SUBWF       _doprntf_width_L0, 1, 1
0x2C70	0x0E00      	MOVLW       0
0x2C72	0x5BF5      	SUBWFB      _doprntf_width_L0+1, 1, 1
0x2C74	0x51F4      	MOVF        _doprntf_width_L0, 0, 1
0x2C76	0x11F5      	IORWF       _doprntf_width_L0+1, 0, 1
0x2C78	0xE1ED      	BNZ         L__doprntf143
L__doprntf142:
;__Lib_Sprintf.c,501 :: 		
0x2C7A	0xF00EEF10  	GOTO        L__doprntf10
;__Lib_Sprintf.c,502 :: 		
L__doprntf88:
;__Lib_Sprintf.c,505 :: 		
0x2C7E	0xA3F7      	BTFSS       _doprntf_flag_L0+1, 1, 1
0x2C80	0xD0FC      	BRA         L__doprntf146
;__Lib_Sprintf.c,506 :: 		
0x2C82	0x0E80      	MOVLW       128
0x2C84	0x19FD      	XORWF       _doprntf_exp_L0+1, 0, 1
0x2C86	0x6E00      	MOVWF       R0 
0x2C88	0x0E80      	MOVLW       128
0x2C8A	0x5C00      	SUBWF       R0, 0 
0x2C8C	0xE102      	BNZ         L___doprntf337
0x2C8E	0x0E00      	MOVLW       0
0x2C90	0x5DFC      	SUBWF       _doprntf_exp_L0, 0, 1
L___doprntf337:
0x2C92	0xE20A      	BC          L__doprntf147
;__Lib_Sprintf.c,507 :: 		
0x2C94	0x0E01      	MOVLW       1
0x2C96	0x5DFC      	SUBWF       _doprntf_exp_L0, 0, 1
0x2C98	0x6E00      	MOVWF       R0 
0x2C9A	0x0E00      	MOVLW       0
0x2C9C	0x59FD      	SUBWFB      _doprntf_exp_L0+1, 0, 1
0x2C9E	0x6E01      	MOVWF       R1 
0x2CA0	0x5000      	MOVF        R0, 0 
0x2CA2	0x5FF1      	SUBWF       _doprntf_prec_L0, 1, 1
0x2CA4	0x5001      	MOVF        R1, 0 
0x2CA6	0x5BF2      	SUBWFB      _doprntf_prec_L0+1, 1, 1
L__doprntf147:
;__Lib_Sprintf.c,508 :: 		
0x2CA8	0xF000C0F8  	MOVFF       _doprntf_fval_L0, R0
0x2CAC	0xF001C0F9  	MOVFF       _doprntf_fval_L0+1, R1
0x2CB0	0xF002C0FA  	MOVFF       _doprntf_fval_L0+2, R2
0x2CB4	0xF003C0FB  	MOVFF       _doprntf_fval_L0+3, R3
0x2CB8	0xF00DEC62  	CALL        _double2longword, 0
0x2CBC	0xF0FEC000  	MOVFF       R0, _doprntf__val_L0
0x2CC0	0xF0FFC001  	MOVFF       R1, _doprntf__val_L0+1
0x2CC4	0xF100C002  	MOVFF       R2, _doprntf__val_L0+2
0x2CC8	0xF101C003  	MOVFF       R3, _doprntf__val_L0+3
;__Lib_Sprintf.c,509 :: 		
0x2CCC	0x0E01      	MOVLW       1
0x2CCE	0x6FF3      	MOVWF       _doprntf_c_L0, 1
L__doprntf148:
0x2CD0	0x51F3      	MOVF        _doprntf_c_L0, 0, 1
0x2CD2	0x0A0A      	XORLW       10
0x2CD4	0xE037      	BZ          L__doprntf149
;__Lib_Sprintf.c,510 :: 		
0x2CD6	0xF000C0F3  	MOVFF       _doprntf_c_L0, R0
0x2CDA	0x0E00      	MOVLW       0
0x2CDC	0x6E01      	MOVWF       R1 
0x2CDE	0x6E02      	MOVWF       R2 
0x2CE0	0x6E03      	MOVWF       R3 
0x2CE2	0x3600      	RLCF        R0, 1 
0x2CE4	0x9000      	BCF         R0, 0 
0x2CE6	0x3601      	RLCF        R1, 1 
0x2CE8	0x3602      	RLCF        R2, 1 
0x2CEA	0x3603      	RLCF        R3, 1 
0x2CEC	0x3600      	RLCF        R0, 1 
0x2CEE	0x9000      	BCF         R0, 0 
0x2CF0	0x3601      	RLCF        R1, 1 
0x2CF2	0x3602      	RLCF        R2, 1 
0x2CF4	0x3603      	RLCF        R3, 1 
0x2CF6	0x0E20      	MOVLW       __Lib_Sprintf_dpowers
0x2CF8	0x2400      	ADDWF       R0, 0 
0x2CFA	0x6EF6      	MOVWF       TBLPTR 
0x2CFC	0x0E42      	MOVLW       hi_addr(__Lib_Sprintf_dpowers)
0x2CFE	0x2001      	ADDWFC      R1, 0 
0x2D00	0x6EF7      	MOVWF       TBLPTR+1 
0x2D02	0x0E00      	MOVLW       higher_addr(__Lib_Sprintf_dpowers)
0x2D04	0x2002      	ADDWFC      R2, 0 
0x2D06	0x6EF8      	MOVWF       TBLPTR+2 
0x2D08	0x0009      	TBLRD*+
0x2D0A	0xF001CFF5  	MOVFF       TABLAT, R1
0x2D0E	0x0009      	TBLRD*+
0x2D10	0xF002CFF5  	MOVFF       TABLAT, R2
0x2D14	0x0009      	TBLRD*+
0x2D16	0xF003CFF5  	MOVFF       TABLAT, R3
0x2D1A	0x0009      	TBLRD*+
0x2D1C	0xF004CFF5  	MOVFF       TABLAT, R4
0x2D20	0x5004      	MOVF        R4, 0 
0x2D22	0x0101      	MOVLB       1
0x2D24	0x5D01      	SUBWF       _doprntf__val_L0+3, 0, 1
0x2D26	0xE109      	BNZ         L___doprntf338
0x2D28	0x5003      	MOVF        R3, 0 
0x2D2A	0x5D00      	SUBWF       _doprntf__val_L0+2, 0, 1
0x2D2C	0xE106      	BNZ         L___doprntf338
0x2D2E	0x5002      	MOVF        R2, 0 
0x2D30	0x0100      	MOVLB       0
0x2D32	0x5DFF      	SUBWF       _doprntf__val_L0+1, 0, 1
0x2D34	0xE102      	BNZ         L___doprntf338
0x2D36	0x5001      	MOVF        R1, 0 
0x2D38	0x5DFE      	SUBWF       _doprntf__val_L0, 0, 1
L___doprntf338:
0x2D3A	0xE201      	BC          L__doprntf151
;__Lib_Sprintf.c,511 :: 		
0x2D3C	0xD003      	BRA         L__doprntf149
L__doprntf151:
0x2D3E	0x0100      	MOVLB       0
;__Lib_Sprintf.c,509 :: 		
0x2D40	0x2BF3      	INCF        _doprntf_c_L0, 1, 1
;__Lib_Sprintf.c,511 :: 		
0x2D42	0xD7C6      	BRA         L__doprntf148
L__doprntf149:
0x2D44	0x0100      	MOVLB       0
;__Lib_Sprintf.c,512 :: 		
0x2D46	0x51F3      	MOVF        _doprntf_c_L0, 0, 1
0x2D48	0x5DF1      	SUBWF       _doprntf_prec_L0, 0, 1
0x2D4A	0x0101      	MOVLB       1
0x2D4C	0x6F08      	MOVWF       FLOC___doprntf+4, 1
0x2D4E	0x0E00      	MOVLW       0
0x2D50	0x0100      	MOVLB       0
0x2D52	0x59F2      	SUBWFB      _doprntf_prec_L0+1, 0, 1
0x2D54	0x0101      	MOVLB       1
0x2D56	0x6F09      	MOVWF       FLOC___doprntf+5, 1
0x2D58	0xF0F1C108  	MOVFF       FLOC___doprntf+4, _doprntf_prec_L0
0x2D5C	0xF0F2C109  	MOVFF       FLOC___doprntf+5, _doprntf_prec_L0+1
;__Lib_Sprintf.c,513 :: 		
0x2D60	0xF000C0FE  	MOVFF       _doprntf__val_L0, R0
0x2D64	0xF001C0FF  	MOVFF       _doprntf__val_L0+1, R1
0x2D68	0xF002C100  	MOVFF       _doprntf__val_L0+2, R2
0x2D6C	0xF003C101  	MOVFF       _doprntf__val_L0+3, R3
0x2D70	0xF00BECEC  	CALL        _longword2double, 0
0x2D74	0xF004C000  	MOVFF       R0, R4
0x2D78	0xF005C001  	MOVFF       R1, R5
0x2D7C	0xF006C002  	MOVFF       R2, R6
0x2D80	0xF007C003  	MOVFF       R3, R7
0x2D84	0xF000C0F8  	MOVFF       _doprntf_fval_L0, R0
0x2D88	0xF001C0F9  	MOVFF       _doprntf_fval_L0+1, R1
0x2D8C	0xF002C0FA  	MOVFF       _doprntf_fval_L0+2, R2
0x2D90	0xF003C0FB  	MOVFF       _doprntf_fval_L0+3, R3
0x2D94	0xF006ECCC  	CALL        _Sub_32x32_FP, 0
0x2D98	0xF104C000  	MOVFF       R0, FLOC___doprntf
0x2D9C	0xF105C001  	MOVFF       R1, FLOC___doprntf+1
0x2DA0	0xF106C002  	MOVFF       R2, FLOC___doprntf+2
0x2DA4	0xF107C003  	MOVFF       R3, FLOC___doprntf+3
0x2DA8	0xF10AC108  	MOVFF       FLOC___doprntf+4, FARG___Lib_Sprintf_scale_scl
0x2DAC	0xF008ECC3  	CALL        __Lib_Sprintf_scale, 0
0x2DB0	0xF004C104  	MOVFF       FLOC___doprntf, R4
0x2DB4	0xF005C105  	MOVFF       FLOC___doprntf+1, R5
0x2DB8	0xF006C106  	MOVFF       FLOC___doprntf+2, R6
0x2DBC	0xF007C107  	MOVFF       FLOC___doprntf+3, R7
0x2DC0	0xF004EC18  	CALL        _Mul_32x32_FP, 0
0x2DC4	0x0E00      	MOVLW       0
0x2DC6	0x6E04      	MOVWF       R4 
0x2DC8	0x0E00      	MOVLW       0
0x2DCA	0x6E05      	MOVWF       R5 
0x2DCC	0x0E00      	MOVLW       0
0x2DCE	0x6E06      	MOVWF       R6 
0x2DD0	0x0E7E      	MOVLW       126
0x2DD2	0x6E07      	MOVWF       R7 
0x2DD4	0xF002EC08  	CALL        _Add_32x32_FP, 0
0x2DD8	0xF00DEC62  	CALL        _double2longword, 0
0x2DDC	0xF0FEC000  	MOVFF       R0, _doprntf__val_L0
0x2DE0	0xF0FFC001  	MOVFF       R1, _doprntf__val_L0+1
0x2DE4	0xF100C002  	MOVFF       R2, _doprntf__val_L0+2
0x2DE8	0xF101C003  	MOVFF       R3, _doprntf__val_L0+3
;__Lib_Sprintf.c,514 :: 		
L__doprntf152:
0x2DEC	0x0100      	MOVLB       0
0x2DEE	0x51F1      	MOVF        _doprntf_prec_L0, 0, 1
0x2DF0	0x11F2      	IORWF       _doprntf_prec_L0+1, 0, 1
0x2DF2	0xE043      	BZ          L__doprntf153
0x2DF4	0x0E0A      	MOVLW       10
0x2DF6	0x6E04      	MOVWF       R4 
0x2DF8	0x0E00      	MOVLW       0
0x2DFA	0x6E05      	MOVWF       R5 
0x2DFC	0x6E06      	MOVWF       R6 
0x2DFE	0x6E07      	MOVWF       R7 
0x2E00	0xF000C0FE  	MOVFF       _doprntf__val_L0, R0
0x2E04	0xF001C0FF  	MOVFF       _doprntf__val_L0+1, R1
0x2E08	0xF002C100  	MOVFF       _doprntf__val_L0+2, R2
0x2E0C	0xF003C101  	MOVFF       _doprntf__val_L0+3, R3
0x2E10	0xF004ECEF  	CALL        _Div_32x32_U, 0
0x2E14	0xF000C008  	MOVFF       R8, R0
0x2E18	0xF001C009  	MOVFF       R9, R1
0x2E1C	0xF002C00A  	MOVFF       R10, R2
0x2E20	0xF003C00B  	MOVFF       R11, R3
0x2E24	0x0E00      	MOVLW       0
0x2E26	0x6E04      	MOVWF       R4 
0x2E28	0x1803      	XORWF       R3, 0 
0x2E2A	0xE108      	BNZ         L___doprntf339
0x2E2C	0x5004      	MOVF        R4, 0 
0x2E2E	0x1802      	XORWF       R2, 0 
0x2E30	0xE105      	BNZ         L___doprntf339
0x2E32	0x5004      	MOVF        R4, 0 
0x2E34	0x1801      	XORWF       R1, 0 
0x2E36	0xE102      	BNZ         L___doprntf339
0x2E38	0x5000      	MOVF        R0, 0 
0x2E3A	0x0A00      	XORLW       0
L___doprntf339:
0x2E3C	0xE11E      	BNZ         L__doprntf153
L___doprntf306:
0x2E3E	0x0100      	MOVLB       0
;__Lib_Sprintf.c,515 :: 		
0x2E40	0x0E0A      	MOVLW       10
0x2E42	0x6E04      	MOVWF       R4 
0x2E44	0x0E00      	MOVLW       0
0x2E46	0x6E05      	MOVWF       R5 
0x2E48	0x6E06      	MOVWF       R6 
0x2E4A	0x6E07      	MOVWF       R7 
0x2E4C	0xF000C0FE  	MOVFF       _doprntf__val_L0, R0
0x2E50	0xF001C0FF  	MOVFF       _doprntf__val_L0+1, R1
0x2E54	0xF002C100  	MOVFF       _doprntf__val_L0+2, R2
0x2E58	0xF003C101  	MOVFF       _doprntf__val_L0+3, R3
0x2E5C	0xF004ECEF  	CALL        _Div_32x32_U, 0
0x2E60	0xF0FEC000  	MOVFF       R0, _doprntf__val_L0
0x2E64	0xF0FFC001  	MOVFF       R1, _doprntf__val_L0+1
0x2E68	0xF100C002  	MOVFF       R2, _doprntf__val_L0+2
0x2E6C	0xF101C003  	MOVFF       R3, _doprntf__val_L0+3
;__Lib_Sprintf.c,516 :: 		
0x2E70	0x0E01      	MOVLW       1
0x2E72	0x5FF1      	SUBWF       _doprntf_prec_L0, 1, 1
0x2E74	0x0E00      	MOVLW       0
0x2E76	0x5BF2      	SUBWFB      _doprntf_prec_L0+1, 1, 1
;__Lib_Sprintf.c,517 :: 		
0x2E78	0xD7B9      	BRA         L__doprntf152
L__doprntf153:
;__Lib_Sprintf.c,518 :: 		
L__doprntf146:
0x2E7A	0x0100      	MOVLB       0
;__Lib_Sprintf.c,519 :: 		
0x2E7C	0x0E80      	MOVLW       128
0x2E7E	0x6E00      	MOVWF       R0 
0x2E80	0x0E80      	MOVLW       128
0x2E82	0x19F2      	XORWF       _doprntf_prec_L0+1, 0, 1
0x2E84	0x5C00      	SUBWF       R0, 0 
0x2E86	0xE102      	BNZ         L___doprntf340
0x2E88	0x51F1      	MOVF        _doprntf_prec_L0, 0, 1
0x2E8A	0x080C      	SUBLW       12
L___doprntf340:
0x2E8C	0xE316      	BNC         L__doprntf156
;__Lib_Sprintf.c,520 :: 		
0x2E8E	0xF10AC0F1  	MOVFF       _doprntf_prec_L0, FARG___Lib_Sprintf_fround_prec
0x2E92	0xF006ECD0  	CALL        __Lib_Sprintf_fround, 0
0x2E96	0xF004C0F8  	MOVFF       _doprntf_fval_L0, R4
0x2E9A	0xF005C0F9  	MOVFF       _doprntf_fval_L0+1, R5
0x2E9E	0xF006C0FA  	MOVFF       _doprntf_fval_L0+2, R6
0x2EA2	0xF007C0FB  	MOVFF       _doprntf_fval_L0+3, R7
0x2EA6	0xF002EC08  	CALL        _Add_32x32_FP, 0
0x2EAA	0xF0F8C000  	MOVFF       R0, _doprntf_fval_L0
0x2EAE	0xF0F9C001  	MOVFF       R1, _doprntf_fval_L0+1
0x2EB2	0xF0FAC002  	MOVFF       R2, _doprntf_fval_L0+2
0x2EB6	0xF0FBC003  	MOVFF       R3, _doprntf_fval_L0+3
L__doprntf156:
;__Lib_Sprintf.c,523 :: 		
0x2EBA	0xF000C0F8  	MOVFF       _doprntf_fval_L0, R0
0x2EBE	0xF001C0F9  	MOVFF       _doprntf_fval_L0+1, R1
0x2EC2	0xF002C0FA  	MOVFF       _doprntf_fval_L0+2, R2
0x2EC6	0xF003C0FB  	MOVFF       _doprntf_fval_L0+3, R3
0x2ECA	0x6A04      	CLRF        R4 
0x2ECC	0x6A05      	CLRF        R5 
0x2ECE	0x6A06      	CLRF        R6 
0x2ED0	0x6A07      	CLRF        R7 
0x2ED2	0xF00BECA1  	CALL        _Equals_Double, 0
0x2ED6	0x0E00      	MOVLW       0
0x2ED8	0xA4D8      	BTFSS       STATUS, 2 
0x2EDA	0x0E01      	MOVLW       1
0x2EDC	0x6E00      	MOVWF       R0 
0x2EDE	0x5200      	MOVF        R0, 1 
0x2EE0	0xB4D8      	BTFSC       STATUS, 2 
0x2EE2	0xD078      	BRA         L__doprntf159
0x2EE4	0xF000C0F8  	MOVFF       _doprntf_fval_L0, R0
0x2EE8	0xF001C0F9  	MOVFF       _doprntf_fval_L0+1, R1
0x2EEC	0xF002C0FA  	MOVFF       _doprntf_fval_L0+2, R2
0x2EF0	0xF003C0FB  	MOVFF       _doprntf_fval_L0+3, R3
0x2EF4	0xF00DEC62  	CALL        _double2longword, 0
0x2EF8	0x0E00      	MOVLW       0
0x2EFA	0x6E04      	MOVWF       R4 
0x2EFC	0x1803      	XORWF       R3, 0 
0x2EFE	0xE108      	BNZ         L___doprntf341
0x2F00	0x5004      	MOVF        R4, 0 
0x2F02	0x1802      	XORWF       R2, 0 
0x2F04	0xE105      	BNZ         L___doprntf341
0x2F06	0x5004      	MOVF        R4, 0 
0x2F08	0x1801      	XORWF       R1, 0 
0x2F0A	0xE102      	BNZ         L___doprntf341
0x2F0C	0x5000      	MOVF        R0, 0 
0x2F0E	0x0A00      	XORLW       0
L___doprntf341:
0x2F10	0xE161      	BNZ         L__doprntf159
0x2F12	0x0E80      	MOVLW       128
0x2F14	0x6E00      	MOVWF       R0 
0x2F16	0x0E80      	MOVLW       128
0x2F18	0x0100      	MOVLB       0
0x2F1A	0x19FD      	XORWF       _doprntf_exp_L0+1, 0, 1
0x2F1C	0x5C00      	SUBWF       R0, 0 
0x2F1E	0xE102      	BNZ         L___doprntf342
0x2F20	0x51FC      	MOVF        _doprntf_exp_L0, 0, 1
0x2F22	0x0801      	SUBLW       1
L___doprntf342:
0x2F24	0xE257      	BC          L__doprntf159
L___doprntf305:
;__Lib_Sprintf.c,526 :: 		
0x2F26	0xF10AC0FC  	MOVFF       _doprntf_exp_L0, FARG___Lib_Sprintf_scale_scl
0x2F2A	0xF008ECC3  	CALL        __Lib_Sprintf_scale, 0
0x2F2E	0xF004C000  	MOVFF       R0, R4
0x2F32	0xF005C001  	MOVFF       R1, R5
0x2F36	0xF006C002  	MOVFF       R2, R6
0x2F3A	0xF007C003  	MOVFF       R3, R7
0x2F3E	0xF000C0F8  	MOVFF       _doprntf_fval_L0, R0
0x2F42	0xF001C0F9  	MOVFF       _doprntf_fval_L0+1, R1
0x2F46	0xF002C0FA  	MOVFF       _doprntf_fval_L0+2, R2
0x2F4A	0xF003C0FB  	MOVFF       _doprntf_fval_L0+3, R3
0x2F4E	0xF00CECA4  	CALL        _Div_32x32_FP, 0
0x2F52	0x0E5F      	MOVLW       95
0x2F54	0x6E04      	MOVWF       R4 
0x2F56	0x0E70      	MOVLW       112
0x2F58	0x6E05      	MOVWF       R5 
0x2F5A	0x0E09      	MOVLW       9
0x2F5C	0x6E06      	MOVWF       R6 
0x2F5E	0x0E81      	MOVLW       129
0x2F60	0x6E07      	MOVWF       R7 
0x2F62	0xF006EC65  	CALL        _Compare_Double, 0
0x2F66	0x0E01      	MOVLW       1
0x2F68	0xB0D8      	BTFSC       STATUS, 0 
0x2F6A	0x0E00      	MOVLW       0
0x2F6C	0x6E00      	MOVWF       R0 
0x2F6E	0x5200      	MOVF        R0, 1 
0x2F70	0xE006      	BZ          L__doprntf160
;__Lib_Sprintf.c,527 :: 		
0x2F72	0x0E09      	MOVLW       9
0x2F74	0x0100      	MOVLB       0
0x2F76	0x5FFC      	SUBWF       _doprntf_exp_L0, 1, 1
0x2F78	0x0E00      	MOVLW       0
0x2F7A	0x5BFD      	SUBWFB      _doprntf_exp_L0+1, 1, 1
0x2F7C	0xD005      	BRA         L__doprntf161
L__doprntf160:
0x2F7E	0x0100      	MOVLB       0
;__Lib_Sprintf.c,529 :: 		
0x2F80	0x0E08      	MOVLW       8
0x2F82	0x5FFC      	SUBWF       _doprntf_exp_L0, 1, 1
0x2F84	0x0E00      	MOVLW       0
0x2F86	0x5BFD      	SUBWFB      _doprntf_exp_L0+1, 1, 1
L__doprntf161:
;__Lib_Sprintf.c,530 :: 		
0x2F88	0xF10AC0FC  	MOVFF       _doprntf_exp_L0, FARG___Lib_Sprintf_scale_scl
0x2F8C	0xF008ECC3  	CALL        __Lib_Sprintf_scale, 0
0x2F90	0xF004C000  	MOVFF       R0, R4
0x2F94	0xF005C001  	MOVFF       R1, R5
0x2F98	0xF006C002  	MOVFF       R2, R6
0x2F9C	0xF007C003  	MOVFF       R3, R7
0x2FA0	0xF000C0F8  	MOVFF       _doprntf_fval_L0, R0
0x2FA4	0xF001C0F9  	MOVFF       _doprntf_fval_L0+1, R1
0x2FA8	0xF002C0FA  	MOVFF       _doprntf_fval_L0+2, R2
0x2FAC	0xF003C0FB  	MOVFF       _doprntf_fval_L0+3, R3
0x2FB0	0xF00CECA4  	CALL        _Div_32x32_FP, 0
0x2FB4	0xF00DEC62  	CALL        _double2longword, 0
0x2FB8	0xF0FEC000  	MOVFF       R0, _doprntf__val_L0
0x2FBC	0xF0FFC001  	MOVFF       R1, _doprntf__val_L0+1
0x2FC0	0xF100C002  	MOVFF       R2, _doprntf__val_L0+2
0x2FC4	0xF101C003  	MOVFF       R3, _doprntf__val_L0+3
;__Lib_Sprintf.c,531 :: 		
0x2FC8	0x0100      	MOVLB       0
0x2FCA	0x6BF8      	CLRF        _doprntf_fval_L0, 1
0x2FCC	0x6BF9      	CLRF        _doprntf_fval_L0+1, 1
0x2FCE	0x6BFA      	CLRF        _doprntf_fval_L0+2, 1
0x2FD0	0x6BFB      	CLRF        _doprntf_fval_L0+3, 1
;__Lib_Sprintf.c,532 :: 		
0x2FD2	0xD039      	BRA         L__doprntf162
L__doprntf159:
0x2FD4	0x0100      	MOVLB       0
;__Lib_Sprintf.c,534 :: 		
0x2FD6	0xF000C0F8  	MOVFF       _doprntf_fval_L0, R0
0x2FDA	0xF001C0F9  	MOVFF       _doprntf_fval_L0+1, R1
0x2FDE	0xF002C0FA  	MOVFF       _doprntf_fval_L0+2, R2
0x2FE2	0xF003C0FB  	MOVFF       _doprntf_fval_L0+3, R3
0x2FE6	0xF00DEC62  	CALL        _double2longword, 0
0x2FEA	0xF0FEC000  	MOVFF       R0, _doprntf__val_L0
0x2FEE	0xF0FFC001  	MOVFF       R1, _doprntf__val_L0+1
0x2FF2	0xF100C002  	MOVFF       R2, _doprntf__val_L0+2
0x2FF6	0xF101C003  	MOVFF       R3, _doprntf__val_L0+3
;__Lib_Sprintf.c,535 :: 		
0x2FFA	0xF000C0FE  	MOVFF       _doprntf__val_L0, R0
0x2FFE	0xF001C0FF  	MOVFF       _doprntf__val_L0+1, R1
0x3002	0xF002C100  	MOVFF       _doprntf__val_L0+2, R2
0x3006	0xF003C101  	MOVFF       _doprntf__val_L0+3, R3
0x300A	0xF00BECEC  	CALL        _longword2double, 0
0x300E	0xF004C000  	MOVFF       R0, R4
0x3012	0xF005C001  	MOVFF       R1, R5
0x3016	0xF006C002  	MOVFF       R2, R6
0x301A	0xF007C003  	MOVFF       R3, R7
0x301E	0xF000C0F8  	MOVFF       _doprntf_fval_L0, R0
0x3022	0xF001C0F9  	MOVFF       _doprntf_fval_L0+1, R1
0x3026	0xF002C0FA  	MOVFF       _doprntf_fval_L0+2, R2
0x302A	0xF003C0FB  	MOVFF       _doprntf_fval_L0+3, R3
0x302E	0xF006ECCC  	CALL        _Sub_32x32_FP, 0
0x3032	0xF0F8C000  	MOVFF       R0, _doprntf_fval_L0
0x3036	0xF0F9C001  	MOVFF       R1, _doprntf_fval_L0+1
0x303A	0xF0FAC002  	MOVFF       R2, _doprntf_fval_L0+2
0x303E	0xF0FBC003  	MOVFF       R3, _doprntf_fval_L0+3
;__Lib_Sprintf.c,536 :: 		
0x3042	0x6BFC      	CLRF        _doprntf_exp_L0, 1
0x3044	0x6BFD      	CLRF        _doprntf_exp_L0+1, 1
;__Lib_Sprintf.c,537 :: 		
L__doprntf162:
;__Lib_Sprintf.c,538 :: 		
0x3046	0x0E01      	MOVLW       1
0x3048	0x6FF3      	MOVWF       _doprntf_c_L0, 1
L__doprntf163:
0x304A	0x51F3      	MOVF        _doprntf_c_L0, 0, 1
0x304C	0x0A0A      	XORLW       10
0x304E	0xE037      	BZ          L__doprntf164
;__Lib_Sprintf.c,539 :: 		
0x3050	0xF000C0F3  	MOVFF       _doprntf_c_L0, R0
0x3054	0x0E00      	MOVLW       0
0x3056	0x6E01      	MOVWF       R1 
0x3058	0x6E02      	MOVWF       R2 
0x305A	0x6E03      	MOVWF       R3 
0x305C	0x3600      	RLCF        R0, 1 
0x305E	0x9000      	BCF         R0, 0 
0x3060	0x3601      	RLCF        R1, 1 
0x3062	0x3602      	RLCF        R2, 1 
0x3064	0x3603      	RLCF        R3, 1 
0x3066	0x3600      	RLCF        R0, 1 
0x3068	0x9000      	BCF         R0, 0 
0x306A	0x3601      	RLCF        R1, 1 
0x306C	0x3602      	RLCF        R2, 1 
0x306E	0x3603      	RLCF        R3, 1 
0x3070	0x0E20      	MOVLW       __Lib_Sprintf_dpowers
0x3072	0x2400      	ADDWF       R0, 0 
0x3074	0x6EF6      	MOVWF       TBLPTR 
0x3076	0x0E42      	MOVLW       hi_addr(__Lib_Sprintf_dpowers)
0x3078	0x2001      	ADDWFC      R1, 0 
0x307A	0x6EF7      	MOVWF       TBLPTR+1 
0x307C	0x0E00      	MOVLW       higher_addr(__Lib_Sprintf_dpowers)
0x307E	0x2002      	ADDWFC      R2, 0 
0x3080	0x6EF8      	MOVWF       TBLPTR+2 
0x3082	0x0009      	TBLRD*+
0x3084	0xF001CFF5  	MOVFF       TABLAT, R1
0x3088	0x0009      	TBLRD*+
0x308A	0xF002CFF5  	MOVFF       TABLAT, R2
0x308E	0x0009      	TBLRD*+
0x3090	0xF003CFF5  	MOVFF       TABLAT, R3
0x3094	0x0009      	TBLRD*+
0x3096	0xF004CFF5  	MOVFF       TABLAT, R4
0x309A	0x5004      	MOVF        R4, 0 
0x309C	0x0101      	MOVLB       1
0x309E	0x5D01      	SUBWF       _doprntf__val_L0+3, 0, 1
0x30A0	0xE109      	BNZ         L___doprntf343
0x30A2	0x5003      	MOVF        R3, 0 
0x30A4	0x5D00      	SUBWF       _doprntf__val_L0+2, 0, 1
0x30A6	0xE106      	BNZ         L___doprntf343
0x30A8	0x5002      	MOVF        R2, 0 
0x30AA	0x0100      	MOVLB       0
0x30AC	0x5DFF      	SUBWF       _doprntf__val_L0+1, 0, 1
0x30AE	0xE102      	BNZ         L___doprntf343
0x30B0	0x5001      	MOVF        R1, 0 
0x30B2	0x5DFE      	SUBWF       _doprntf__val_L0, 0, 1
L___doprntf343:
0x30B4	0xE201      	BC          L__doprntf166
;__Lib_Sprintf.c,540 :: 		
0x30B6	0xD003      	BRA         L__doprntf164
L__doprntf166:
0x30B8	0x0100      	MOVLB       0
;__Lib_Sprintf.c,538 :: 		
0x30BA	0x2BF3      	INCF        _doprntf_c_L0, 1, 1
;__Lib_Sprintf.c,540 :: 		
0x30BC	0xD7C6      	BRA         L__doprntf163
L__doprntf164:
0x30BE	0x0100      	MOVLB       0
;__Lib_Sprintf.c,541 :: 		
0x30C0	0x51F3      	MOVF        _doprntf_c_L0, 0, 1
0x30C2	0x25F1      	ADDWF       _doprntf_prec_L0, 0, 1
0x30C4	0x6E00      	MOVWF       R0 
0x30C6	0x0E00      	MOVLW       0
0x30C8	0x21F2      	ADDWFC      _doprntf_prec_L0+1, 0, 1
0x30CA	0x6E01      	MOVWF       R1 
0x30CC	0x51FC      	MOVF        _doprntf_exp_L0, 0, 1
0x30CE	0x2600      	ADDWF       R0, 1 
0x30D0	0x51FD      	MOVF        _doprntf_exp_L0+1, 0, 1
0x30D2	0x2201      	ADDWFC      R1, 1 
0x30D4	0x5000      	MOVF        R0, 0 
0x30D6	0x5FF4      	SUBWF       _doprntf_width_L0, 1, 1
0x30D8	0x5001      	MOVF        R1, 0 
0x30DA	0x5BF5      	SUBWFB      _doprntf_width_L0+1, 1, 1
;__Lib_Sprintf.c,542 :: 		
0x30DC	0xB7F7      	BTFSC       _doprntf_flag_L0+1, 3, 1
0x30DE	0xD004      	BRA         L___doprntf304
0x30E0	0x51F1      	MOVF        _doprntf_prec_L0, 0, 1
0x30E2	0x11F2      	IORWF       _doprntf_prec_L0+1, 0, 1
0x30E4	0xE101      	BNZ         L___doprntf304
0x30E6	0xD004      	BRA         L__doprntf169
L___doprntf304:
;__Lib_Sprintf.c,543 :: 		
0x30E8	0x0E01      	MOVLW       1
0x30EA	0x5FF4      	SUBWF       _doprntf_width_L0, 1, 1
0x30EC	0x0E00      	MOVLW       0
0x30EE	0x5BF5      	SUBWFB      _doprntf_width_L0+1, 1, 1
L__doprntf169:
;__Lib_Sprintf.c,544 :: 		
0x30F0	0x0E03      	MOVLW       3
0x30F2	0x15F6      	ANDWF       _doprntf_flag_L0, 0, 1
0x30F4	0x6E00      	MOVWF       R0 
0x30F6	0xF001C0F7  	MOVFF       _doprntf_flag_L0+1, R1
0x30FA	0x0E00      	MOVLW       0
0x30FC	0x1601      	ANDWF       R1, 1 
0x30FE	0x5000      	MOVF        R0, 0 
0x3100	0x1001      	IORWF       R1, 0 
0x3102	0xE004      	BZ          L__doprntf170
;__Lib_Sprintf.c,545 :: 		
0x3104	0x0E01      	MOVLW       1
0x3106	0x5FF4      	SUBWF       _doprntf_width_L0, 1, 1
0x3108	0x0E00      	MOVLW       0
0x310A	0x5BF5      	SUBWFB      _doprntf_width_L0+1, 1, 1
L__doprntf170:
;__Lib_Sprintf.c,546 :: 		
0x310C	0xA5F6      	BTFSS       _doprntf_flag_L0, 2, 1
0x310E	0xD03F      	BRA         L__doprntf171
;__Lib_Sprintf.c,547 :: 		
0x3110	0xA3F6      	BTFSS       _doprntf_flag_L0, 1, 1
0x3112	0xD013      	BRA         L__doprntf172
;__Lib_Sprintf.c,548 :: 		
0x3114	0xA1F6      	BTFSS       _doprntf_flag_L0, 0, 1
0x3116	0xD003      	BRA         L__doprntf173
0x3118	0x0E2D      	MOVLW       45
0x311A	0x6FEB      	MOVWF       ?FLOC____doprntfT514, 1
0x311C	0xD002      	BRA         L__doprntf174
L__doprntf173:
0x311E	0x0E2B      	MOVLW       43
0x3120	0x6FEB      	MOVWF       ?FLOC____doprntfT514, 1
L__doprntf174:
0x3122	0xFFE1C0E2  	MOVFF       FARG__doprntf_pb, FSR1L
0x3126	0xFFE2C0E3  	MOVFF       FARG__doprntf_pb+1, FSR1H
0x312A	0xFFE6C0EB  	MOVFF       ?FLOC____doprntfT514, POSTINC1
0x312E	0x4BE2      	INFSNZ      FARG__doprntf_pb, 1, 1
0x3130	0x2BE3      	INCF        FARG__doprntf_pb+1, 1, 1
0x3132	0x0101      	MOVLB       1
0x3134	0x4B02      	INFSNZ      _doprntf_ccnt_L0, 1, 1
0x3136	0x2B03      	INCF        _doprntf_ccnt_L0+1, 1, 1
0x3138	0xD00E      	BRA         L__doprntf175
L__doprntf172:
;__Lib_Sprintf.c,550 :: 		
0x313A	0x0100      	MOVLB       0
0x313C	0xA1F6      	BTFSS       _doprntf_flag_L0, 0, 1
0x313E	0xD00B      	BRA         L__doprntf176
;__Lib_Sprintf.c,551 :: 		
0x3140	0xFFE1C0E2  	MOVFF       FARG__doprntf_pb, FSR1L
0x3144	0xFFE2C0E3  	MOVFF       FARG__doprntf_pb+1, FSR1H
0x3148	0x0E20      	MOVLW       32
0x314A	0x6EE6      	MOVWF       POSTINC1 
0x314C	0x4BE2      	INFSNZ      FARG__doprntf_pb, 1, 1
0x314E	0x2BE3      	INCF        FARG__doprntf_pb+1, 1, 1
0x3150	0x0101      	MOVLB       1
0x3152	0x4B02      	INFSNZ      _doprntf_ccnt_L0, 1, 1
0x3154	0x2B03      	INCF        _doprntf_ccnt_L0+1, 1, 1
L__doprntf176:
L__doprntf175:
;__Lib_Sprintf.c,552 :: 		
L__doprntf177:
0x3156	0x0E80      	MOVLW       128
0x3158	0x6E00      	MOVWF       R0 
0x315A	0x0E80      	MOVLW       128
0x315C	0x0100      	MOVLB       0
0x315E	0x19F5      	XORWF       _doprntf_width_L0+1, 0, 1
0x3160	0x5C00      	SUBWF       R0, 0 
0x3162	0xE102      	BNZ         L___doprntf344
0x3164	0x51F4      	MOVF        _doprntf_width_L0, 0, 1
0x3166	0x0800      	SUBLW       0
L___doprntf344:
0x3168	0xE211      	BC          L__doprntf178
;__Lib_Sprintf.c,553 :: 		
0x316A	0xFFE1C0E2  	MOVFF       FARG__doprntf_pb, FSR1L
0x316E	0xFFE2C0E3  	MOVFF       FARG__doprntf_pb+1, FSR1H
0x3172	0x0E30      	MOVLW       48
0x3174	0x6EE6      	MOVWF       POSTINC1 
0x3176	0x4BE2      	INFSNZ      FARG__doprntf_pb, 1, 1
0x3178	0x2BE3      	INCF        FARG__doprntf_pb+1, 1, 1
0x317A	0x0101      	MOVLB       1
0x317C	0x4B02      	INFSNZ      _doprntf_ccnt_L0, 1, 1
0x317E	0x2B03      	INCF        _doprntf_ccnt_L0+1, 1, 1
;__Lib_Sprintf.c,554 :: 		
0x3180	0x0E01      	MOVLW       1
0x3182	0x0100      	MOVLB       0
0x3184	0x5FF4      	SUBWF       _doprntf_width_L0, 1, 1
0x3186	0x0E00      	MOVLW       0
0x3188	0x5BF5      	SUBWFB      _doprntf_width_L0+1, 1, 1
;__Lib_Sprintf.c,555 :: 		
0x318A	0xD7E5      	BRA         L__doprntf177
L__doprntf178:
;__Lib_Sprintf.c,556 :: 		
0x318C	0xD03F      	BRA         L__doprntf179
L__doprntf171:
;__Lib_Sprintf.c,558 :: 		
0x318E	0xB7F6      	BTFSC       _doprntf_flag_L0, 3, 1
0x3190	0xD01A      	BRA         L__doprntf180
;__Lib_Sprintf.c,559 :: 		
L__doprntf181:
0x3192	0x0E80      	MOVLW       128
0x3194	0x6E00      	MOVWF       R0 
0x3196	0x0E80      	MOVLW       128
0x3198	0x19F5      	XORWF       _doprntf_width_L0+1, 0, 1
0x319A	0x5C00      	SUBWF       R0, 0 
0x319C	0xE102      	BNZ         L___doprntf345
0x319E	0x51F4      	MOVF        _doprntf_width_L0, 0, 1
0x31A0	0x0800      	SUBLW       0
L___doprntf345:
0x31A2	0xE211      	BC          L__doprntf182
;__Lib_Sprintf.c,560 :: 		
0x31A4	0xFFE1C0E2  	MOVFF       FARG__doprntf_pb, FSR1L
0x31A8	0xFFE2C0E3  	MOVFF       FARG__doprntf_pb+1, FSR1H
0x31AC	0x0E20      	MOVLW       32
0x31AE	0x6EE6      	MOVWF       POSTINC1 
0x31B0	0x4BE2      	INFSNZ      FARG__doprntf_pb, 1, 1
0x31B2	0x2BE3      	INCF        FARG__doprntf_pb+1, 1, 1
0x31B4	0x0101      	MOVLB       1
0x31B6	0x4B02      	INFSNZ      _doprntf_ccnt_L0, 1, 1
0x31B8	0x2B03      	INCF        _doprntf_ccnt_L0+1, 1, 1
;__Lib_Sprintf.c,561 :: 		
0x31BA	0x0E01      	MOVLW       1
0x31BC	0x0100      	MOVLB       0
0x31BE	0x5FF4      	SUBWF       _doprntf_width_L0, 1, 1
0x31C0	0x0E00      	MOVLW       0
0x31C2	0x5BF5      	SUBWFB      _doprntf_width_L0+1, 1, 1
;__Lib_Sprintf.c,562 :: 		
0x31C4	0xD7E6      	BRA         L__doprntf181
L__doprntf182:
L__doprntf180:
;__Lib_Sprintf.c,563 :: 		
0x31C6	0xA3F6      	BTFSS       _doprntf_flag_L0, 1, 1
0x31C8	0xD013      	BRA         L__doprntf183
;__Lib_Sprintf.c,564 :: 		
0x31CA	0xA1F6      	BTFSS       _doprntf_flag_L0, 0, 1
0x31CC	0xD003      	BRA         L__doprntf184
0x31CE	0x0E2D      	MOVLW       45
0x31D0	0x6FEC      	MOVWF       ?FLOC____doprntfT532, 1
0x31D2	0xD002      	BRA         L__doprntf185
L__doprntf184:
0x31D4	0x0E2B      	MOVLW       43
0x31D6	0x6FEC      	MOVWF       ?FLOC____doprntfT532, 1
L__doprntf185:
0x31D8	0xFFE1C0E2  	MOVFF       FARG__doprntf_pb, FSR1L
0x31DC	0xFFE2C0E3  	MOVFF       FARG__doprntf_pb+1, FSR1H
0x31E0	0xFFE6C0EC  	MOVFF       ?FLOC____doprntfT532, POSTINC1
0x31E4	0x4BE2      	INFSNZ      FARG__doprntf_pb, 1, 1
0x31E6	0x2BE3      	INCF        FARG__doprntf_pb+1, 1, 1
0x31E8	0x0101      	MOVLB       1
0x31EA	0x4B02      	INFSNZ      _doprntf_ccnt_L0, 1, 1
0x31EC	0x2B03      	INCF        _doprntf_ccnt_L0+1, 1, 1
0x31EE	0xD00E      	BRA         L__doprntf186
L__doprntf183:
;__Lib_Sprintf.c,566 :: 		
0x31F0	0x0100      	MOVLB       0
0x31F2	0xA1F6      	BTFSS       _doprntf_flag_L0, 0, 1
0x31F4	0xD00B      	BRA         L__doprntf187
;__Lib_Sprintf.c,567 :: 		
0x31F6	0xFFE1C0E2  	MOVFF       FARG__doprntf_pb, FSR1L
0x31FA	0xFFE2C0E3  	MOVFF       FARG__doprntf_pb+1, FSR1H
0x31FE	0x0E20      	MOVLW       32
0x3200	0x6EE6      	MOVWF       POSTINC1 
0x3202	0x4BE2      	INFSNZ      FARG__doprntf_pb, 1, 1
0x3204	0x2BE3      	INCF        FARG__doprntf_pb+1, 1, 1
0x3206	0x0101      	MOVLB       1
0x3208	0x4B02      	INFSNZ      _doprntf_ccnt_L0, 1, 1
0x320A	0x2B03      	INCF        _doprntf_ccnt_L0+1, 1, 1
L__doprntf187:
L__doprntf186:
;__Lib_Sprintf.c,568 :: 		
L__doprntf179:
;__Lib_Sprintf.c,569 :: 		
L__doprntf188:
0x320C	0xF000C0F3  	MOVFF       _doprntf_c_L0, R0
0x3210	0x0100      	MOVLB       0
0x3212	0x07F3      	DECF        _doprntf_c_L0, 1, 1
0x3214	0x5200      	MOVF        R0, 1 
0x3216	0xE04D      	BZ          L__doprntf189
;__Lib_Sprintf.c,570 :: 		
0x3218	0xF000C0F3  	MOVFF       _doprntf_c_L0, R0
0x321C	0x0E00      	MOVLW       0
0x321E	0x6E01      	MOVWF       R1 
0x3220	0x6E02      	MOVWF       R2 
0x3222	0x6E03      	MOVWF       R3 
0x3224	0x3600      	RLCF        R0, 1 
0x3226	0x9000      	BCF         R0, 0 
0x3228	0x3601      	RLCF        R1, 1 
0x322A	0x3602      	RLCF        R2, 1 
0x322C	0x3603      	RLCF        R3, 1 
0x322E	0x3600      	RLCF        R0, 1 
0x3230	0x9000      	BCF         R0, 0 
0x3232	0x3601      	RLCF        R1, 1 
0x3234	0x3602      	RLCF        R2, 1 
0x3236	0x3603      	RLCF        R3, 1 
0x3238	0x0E20      	MOVLW       __Lib_Sprintf_dpowers
0x323A	0x2400      	ADDWF       R0, 0 
0x323C	0x6EF6      	MOVWF       TBLPTR 
0x323E	0x0E42      	MOVLW       hi_addr(__Lib_Sprintf_dpowers)
0x3240	0x2001      	ADDWFC      R1, 0 
0x3242	0x6EF7      	MOVWF       TBLPTR+1 
0x3244	0x0E00      	MOVLW       higher_addr(__Lib_Sprintf_dpowers)
0x3246	0x2002      	ADDWFC      R2, 0 
0x3248	0x6EF8      	MOVWF       TBLPTR+2 
0x324A	0x0009      	TBLRD*+
0x324C	0xF004CFF5  	MOVFF       TABLAT, R4
0x3250	0x0009      	TBLRD*+
0x3252	0xF005CFF5  	MOVFF       TABLAT, R5
0x3256	0x0009      	TBLRD*+
0x3258	0xF006CFF5  	MOVFF       TABLAT, R6
0x325C	0x0009      	TBLRD*+
0x325E	0xF007CFF5  	MOVFF       TABLAT, R7
0x3262	0xF000C0FE  	MOVFF       _doprntf__val_L0, R0
0x3266	0xF001C0FF  	MOVFF       _doprntf__val_L0+1, R1
0x326A	0xF002C100  	MOVFF       _doprntf__val_L0+2, R2
0x326E	0xF003C101  	MOVFF       _doprntf__val_L0+3, R3
0x3272	0xF004ECEF  	CALL        _Div_32x32_U, 0
0x3276	0x0E0A      	MOVLW       10
0x3278	0x6E04      	MOVWF       R4 
0x327A	0x0E00      	MOVLW       0
0x327C	0x6E05      	MOVWF       R5 
0x327E	0x6E06      	MOVWF       R6 
0x3280	0x6E07      	MOVWF       R7 
0x3282	0xF004ECEF  	CALL        _Div_32x32_U, 0
0x3286	0xF000C008  	MOVFF       R8, R0
0x328A	0xF001C009  	MOVFF       R9, R1
0x328E	0xF002C00A  	MOVFF       R10, R2
0x3292	0xF003C00B  	MOVFF       R11, R3
0x3296	0x0E30      	MOVLW       48
0x3298	0x2600      	ADDWF       R0, 1 
0x329A	0xFFE1C0E2  	MOVFF       FARG__doprntf_pb, FSR1L
0x329E	0xFFE2C0E3  	MOVFF       FARG__doprntf_pb+1, FSR1H
0x32A2	0xFFE6C000  	MOVFF       R0, POSTINC1
0x32A6	0x4BE2      	INFSNZ      FARG__doprntf_pb, 1, 1
0x32A8	0x2BE3      	INCF        FARG__doprntf_pb+1, 1, 1
0x32AA	0x0101      	MOVLB       1
0x32AC	0x4B02      	INFSNZ      _doprntf_ccnt_L0, 1, 1
0x32AE	0x2B03      	INCF        _doprntf_ccnt_L0+1, 1, 1
0x32B0	0xD7AD      	BRA         L__doprntf188
L__doprntf189:
;__Lib_Sprintf.c,571 :: 		
L__doprntf190:
0x32B2	0x0E80      	MOVLW       128
0x32B4	0x6E00      	MOVWF       R0 
0x32B6	0x0E80      	MOVLW       128
0x32B8	0x0100      	MOVLB       0
0x32BA	0x19FD      	XORWF       _doprntf_exp_L0+1, 0, 1
0x32BC	0x5C00      	SUBWF       R0, 0 
0x32BE	0xE102      	BNZ         L___doprntf346
0x32C0	0x51FC      	MOVF        _doprntf_exp_L0, 0, 1
0x32C2	0x0800      	SUBLW       0
L___doprntf346:
0x32C4	0xE211      	BC          L__doprntf191
;__Lib_Sprintf.c,572 :: 		
0x32C6	0xFFE1C0E2  	MOVFF       FARG__doprntf_pb, FSR1L
0x32CA	0xFFE2C0E3  	MOVFF       FARG__doprntf_pb+1, FSR1H
0x32CE	0x0E30      	MOVLW       48
0x32D0	0x6EE6      	MOVWF       POSTINC1 
0x32D2	0x4BE2      	INFSNZ      FARG__doprntf_pb, 1, 1
0x32D4	0x2BE3      	INCF        FARG__doprntf_pb+1, 1, 1
0x32D6	0x0101      	MOVLB       1
0x32D8	0x4B02      	INFSNZ      _doprntf_ccnt_L0, 1, 1
0x32DA	0x2B03      	INCF        _doprntf_ccnt_L0+1, 1, 1
;__Lib_Sprintf.c,573 :: 		
0x32DC	0x0E01      	MOVLW       1
0x32DE	0x0100      	MOVLB       0
0x32E0	0x5FFC      	SUBWF       _doprntf_exp_L0, 1, 1
0x32E2	0x0E00      	MOVLW       0
0x32E4	0x5BFD      	SUBWFB      _doprntf_exp_L0+1, 1, 1
;__Lib_Sprintf.c,574 :: 		
0x32E6	0xD7E5      	BRA         L__doprntf190
L__doprntf191:
;__Lib_Sprintf.c,575 :: 		
0x32E8	0x0E80      	MOVLW       128
0x32EA	0x0A00      	XORLW       0
0x32EC	0x6E00      	MOVWF       R0 
0x32EE	0x0E80      	MOVLW       128
0x32F0	0x19F2      	XORWF       _doprntf_prec_L0+1, 0, 1
0x32F2	0x5C00      	SUBWF       R0, 0 
0x32F4	0xE102      	BNZ         L___doprntf347
0x32F6	0x51F1      	MOVF        _doprntf_prec_L0, 0, 1
0x32F8	0x0808      	SUBLW       8
L___doprntf347:
0x32FA	0xE203      	BC          L__doprntf192
;__Lib_Sprintf.c,576 :: 		
0x32FC	0x0E08      	MOVLW       8
0x32FE	0x6FF3      	MOVWF       _doprntf_c_L0, 1
0x3300	0xD002      	BRA         L__doprntf193
L__doprntf192:
;__Lib_Sprintf.c,578 :: 		
0x3302	0xF0F3C0F1  	MOVFF       _doprntf_prec_L0, _doprntf_c_L0
L__doprntf193:
;__Lib_Sprintf.c,579 :: 		
0x3306	0x51F3      	MOVF        _doprntf_c_L0, 0, 1
0x3308	0x5FF1      	SUBWF       _doprntf_prec_L0, 1, 1
0x330A	0x0E00      	MOVLW       0
0x330C	0x5BF2      	SUBWFB      _doprntf_prec_L0+1, 1, 1
;__Lib_Sprintf.c,580 :: 		
0x330E	0x53F3      	MOVF        _doprntf_c_L0, 1, 1
0x3310	0xE103      	BNZ         L___doprntf303
0x3312	0xB7F7      	BTFSC       _doprntf_flag_L0+1, 3, 1
0x3314	0xD001      	BRA         L___doprntf303
0x3316	0xD00B      	BRA         L__doprntf196
L___doprntf303:
;__Lib_Sprintf.c,581 :: 		
0x3318	0xFFE1C0E2  	MOVFF       FARG__doprntf_pb, FSR1L
0x331C	0xFFE2C0E3  	MOVFF       FARG__doprntf_pb+1, FSR1H
0x3320	0x0E2E      	MOVLW       46
0x3322	0x6EE6      	MOVWF       POSTINC1 
0x3324	0x4BE2      	INFSNZ      FARG__doprntf_pb, 1, 1
0x3326	0x2BE3      	INCF        FARG__doprntf_pb+1, 1, 1
0x3328	0x0101      	MOVLB       1
0x332A	0x4B02      	INFSNZ      _doprntf_ccnt_L0, 1, 1
0x332C	0x2B03      	INCF        _doprntf_ccnt_L0+1, 1, 1
L__doprntf196:
;__Lib_Sprintf.c,583 :: 		
0x332E	0xF10AC0F3  	MOVFF       _doprntf_c_L0, FARG___Lib_Sprintf_scale_scl
0x3332	0xF008ECC3  	CALL        __Lib_Sprintf_scale, 0
0x3336	0xF004C0F8  	MOVFF       _doprntf_fval_L0, R4
0x333A	0xF005C0F9  	MOVFF       _doprntf_fval_L0+1, R5
0x333E	0xF006C0FA  	MOVFF       _doprntf_fval_L0+2, R6
0x3342	0xF007C0FB  	MOVFF       _doprntf_fval_L0+3, R7
0x3346	0xF004EC18  	CALL        _Mul_32x32_FP, 0
0x334A	0xF00CEC0B  	CALL        _double2longint, 0
0x334E	0xF0FEC000  	MOVFF       R0, _doprntf__val_L0
0x3352	0xF0FFC001  	MOVFF       R1, _doprntf__val_L0+1
0x3356	0xF100C002  	MOVFF       R2, _doprntf__val_L0+2
0x335A	0xF101C003  	MOVFF       R3, _doprntf__val_L0+3
;__Lib_Sprintf.c,584 :: 		
L__doprntf197:
0x335E	0x0100      	MOVLB       0
0x3360	0x53F3      	MOVF        _doprntf_c_L0, 1, 1
0x3362	0xE04E      	BZ          L__doprntf198
;__Lib_Sprintf.c,585 :: 		
0x3364	0x07F3      	DECF        _doprntf_c_L0, 1, 1
0x3366	0xF000C0F3  	MOVFF       _doprntf_c_L0, R0
0x336A	0x0E00      	MOVLW       0
0x336C	0x6E01      	MOVWF       R1 
0x336E	0x6E02      	MOVWF       R2 
0x3370	0x6E03      	MOVWF       R3 
0x3372	0x3600      	RLCF        R0, 1 
0x3374	0x9000      	BCF         R0, 0 
0x3376	0x3601      	RLCF        R1, 1 
0x3378	0x3602      	RLCF        R2, 1 
0x337A	0x3603      	RLCF        R3, 1 
0x337C	0x3600      	RLCF        R0, 1 
0x337E	0x9000      	BCF         R0, 0 
0x3380	0x3601      	RLCF        R1, 1 
0x3382	0x3602      	RLCF        R2, 1 
0x3384	0x3603      	RLCF        R3, 1 
0x3386	0x0E20      	MOVLW       __Lib_Sprintf_dpowers
0x3388	0x2400      	ADDWF       R0, 0 
0x338A	0x6EF6      	MOVWF       TBLPTR 
0x338C	0x0E42      	MOVLW       hi_addr(__Lib_Sprintf_dpowers)
0x338E	0x2001      	ADDWFC      R1, 0 
0x3390	0x6EF7      	MOVWF       TBLPTR+1 
0x3392	0x0E00      	MOVLW       higher_addr(__Lib_Sprintf_dpowers)
0x3394	0x2002      	ADDWFC      R2, 0 
0x3396	0x6EF8      	MOVWF       TBLPTR+2 
0x3398	0x0009      	TBLRD*+
0x339A	0xF004CFF5  	MOVFF       TABLAT, R4
0x339E	0x0009      	TBLRD*+
0x33A0	0xF005CFF5  	MOVFF       TABLAT, R5
0x33A4	0x0009      	TBLRD*+
0x33A6	0xF006CFF5  	MOVFF       TABLAT, R6
0x33AA	0x0009      	TBLRD*+
0x33AC	0xF007CFF5  	MOVFF       TABLAT, R7
0x33B0	0xF000C0FE  	MOVFF       _doprntf__val_L0, R0
0x33B4	0xF001C0FF  	MOVFF       _doprntf__val_L0+1, R1
0x33B8	0xF002C100  	MOVFF       _doprntf__val_L0+2, R2
0x33BC	0xF003C101  	MOVFF       _doprntf__val_L0+3, R3
0x33C0	0xF004ECEF  	CALL        _Div_32x32_U, 0
0x33C4	0x0E0A      	MOVLW       10
0x33C6	0x6E04      	MOVWF       R4 
0x33C8	0x0E00      	MOVLW       0
0x33CA	0x6E05      	MOVWF       R5 
0x33CC	0x6E06      	MOVWF       R6 
0x33CE	0x6E07      	MOVWF       R7 
0x33D0	0xF004ECEF  	CALL        _Div_32x32_U, 0
0x33D4	0xF000C008  	MOVFF       R8, R0
0x33D8	0xF001C009  	MOVFF       R9, R1
0x33DC	0xF002C00A  	MOVFF       R10, R2
0x33E0	0xF003C00B  	MOVFF       R11, R3
0x33E4	0x0E30      	MOVLW       48
0x33E6	0x2600      	ADDWF       R0, 1 
0x33E8	0xFFE1C0E2  	MOVFF       FARG__doprntf_pb, FSR1L
0x33EC	0xFFE2C0E3  	MOVFF       FARG__doprntf_pb+1, FSR1H
0x33F0	0xFFE6C000  	MOVFF       R0, POSTINC1
0x33F4	0x4BE2      	INFSNZ      FARG__doprntf_pb, 1, 1
0x33F6	0x2BE3      	INCF        FARG__doprntf_pb+1, 1, 1
0x33F8	0x0101      	MOVLB       1
0x33FA	0x4B02      	INFSNZ      _doprntf_ccnt_L0, 1, 1
0x33FC	0x2B03      	INCF        _doprntf_ccnt_L0+1, 1, 1
0x33FE	0xD7AF      	BRA         L__doprntf197
L__doprntf198:
;__Lib_Sprintf.c,587 :: 		
L__doprntf199:
0x3400	0x0100      	MOVLB       0
0x3402	0x51F1      	MOVF        _doprntf_prec_L0, 0, 1
0x3404	0x11F2      	IORWF       _doprntf_prec_L0+1, 0, 1
0x3406	0xE011      	BZ          L__doprntf200
;__Lib_Sprintf.c,588 :: 		
0x3408	0xFFE1C0E2  	MOVFF       FARG__doprntf_pb, FSR1L
0x340C	0xFFE2C0E3  	MOVFF       FARG__doprntf_pb+1, FSR1H
0x3410	0x0E30      	MOVLW       48
0x3412	0x6EE6      	MOVWF       POSTINC1 
0x3414	0x4BE2      	INFSNZ      FARG__doprntf_pb, 1, 1
0x3416	0x2BE3      	INCF        FARG__doprntf_pb+1, 1, 1
0x3418	0x0101      	MOVLB       1
0x341A	0x4B02      	INFSNZ      _doprntf_ccnt_L0, 1, 1
0x341C	0x2B03      	INCF        _doprntf_ccnt_L0+1, 1, 1
;__Lib_Sprintf.c,589 :: 		
0x341E	0x0E01      	MOVLW       1
0x3420	0x0100      	MOVLB       0
0x3422	0x5FF1      	SUBWF       _doprntf_prec_L0, 1, 1
0x3424	0x0E00      	MOVLW       0
0x3426	0x5BF2      	SUBWFB      _doprntf_prec_L0+1, 1, 1
;__Lib_Sprintf.c,590 :: 		
0x3428	0xD7EB      	BRA         L__doprntf199
L__doprntf200:
;__Lib_Sprintf.c,591 :: 		
0x342A	0xA7F6      	BTFSS       _doprntf_flag_L0, 3, 1
0x342C	0xD01C      	BRA         L__doprntf203
0x342E	0x0E80      	MOVLW       128
0x3430	0x6E00      	MOVWF       R0 
0x3432	0x0E80      	MOVLW       128
0x3434	0x19F5      	XORWF       _doprntf_width_L0+1, 0, 1
0x3436	0x5C00      	SUBWF       R0, 0 
0x3438	0xE102      	BNZ         L___doprntf348
0x343A	0x51F4      	MOVF        _doprntf_width_L0, 0, 1
0x343C	0x0800      	SUBLW       0
L___doprntf348:
0x343E	0xE213      	BC          L__doprntf203
L___doprntf302:
;__Lib_Sprintf.c,592 :: 		
L__doprntf204:
;__Lib_Sprintf.c,593 :: 		
0x3440	0xFFE1C0E2  	MOVFF       FARG__doprntf_pb, FSR1L
0x3444	0xFFE2C0E3  	MOVFF       FARG__doprntf_pb+1, FSR1H
0x3448	0x0E20      	MOVLW       32
0x344A	0x6EE6      	MOVWF       POSTINC1 
0x344C	0x4BE2      	INFSNZ      FARG__doprntf_pb, 1, 1
0x344E	0x2BE3      	INCF        FARG__doprntf_pb+1, 1, 1
0x3450	0x0101      	MOVLB       1
0x3452	0x4B02      	INFSNZ      _doprntf_ccnt_L0, 1, 1
0x3454	0x2B03      	INCF        _doprntf_ccnt_L0+1, 1, 1
;__Lib_Sprintf.c,594 :: 		
0x3456	0x0E01      	MOVLW       1
0x3458	0x0100      	MOVLB       0
0x345A	0x5FF4      	SUBWF       _doprntf_width_L0, 1, 1
0x345C	0x0E00      	MOVLW       0
0x345E	0x5BF5      	SUBWFB      _doprntf_width_L0+1, 1, 1
0x3460	0x51F4      	MOVF        _doprntf_width_L0, 0, 1
0x3462	0x11F5      	IORWF       _doprntf_width_L0+1, 0, 1
0x3464	0xE1ED      	BNZ         L__doprntf204
L__doprntf203:
;__Lib_Sprintf.c,595 :: 		
0x3466	0xF00EEF10  	GOTO        L__doprntf10
;__Lib_Sprintf.c,596 :: 		
L__doprntf72:
;__Lib_Sprintf.c,598 :: 		
0x346A	0x0EC0      	MOVLW       192
0x346C	0x15F6      	ANDWF       _doprntf_flag_L0, 0, 1
0x346E	0x6E01      	MOVWF       R1 
0x3470	0xF002C0F7  	MOVFF       _doprntf_flag_L0+1, R2
0x3474	0x0E00      	MOVLW       0
0x3476	0x1602      	ANDWF       R2, 1 
0x3478	0x0E00      	MOVLW       0
0x347A	0x1802      	XORWF       R2, 0 
0x347C	0xE102      	BNZ         L___doprntf349
0x347E	0x0E00      	MOVLW       0
0x3480	0x1801      	XORWF       R1, 0 
L___doprntf349:
0x3482	0xA4D8      	BTFSS       STATUS, 2 
0x3484	0xD084      	BRA         L__doprntf207
;__Lib_Sprintf.c,600 :: 		
0x3486	0xA9F6      	BTFSS       _doprntf_flag_L0, 4, 1
0x3488	0xD027      	BRA         L__doprntf208
;__Lib_Sprintf.c,601 :: 		
0x348A	0xFFE9C0E7  	MOVFF       FARG__doprntf_ap, FSR0L
0x348E	0xFFEAC0E8  	MOVFF       FARG__doprntf_ap+1, FSR0H
0x3492	0xF000CFEE  	MOVFF       POSTINC0, R0
0x3496	0xF001CFEE  	MOVFF       POSTINC0, R1
0x349A	0xFFE9C000  	MOVFF       R0, FSR0L
0x349E	0xFFEAC001  	MOVFF       R1, FSR0H
0x34A2	0xF0FECFEE  	MOVFF       POSTINC0, _doprntf__val_L0
0x34A6	0xF0FFCFEE  	MOVFF       POSTINC0, _doprntf__val_L0+1
0x34AA	0xF100CFEE  	MOVFF       POSTINC0, _doprntf__val_L0+2
0x34AE	0xF101CFEE  	MOVFF       POSTINC0, _doprntf__val_L0+3
0x34B2	0xFFE9C0E7  	MOVFF       FARG__doprntf_ap, FSR0L
0x34B6	0xFFEAC0E8  	MOVFF       FARG__doprntf_ap+1, FSR0H
0x34BA	0x0E04      	MOVLW       4
0x34BC	0x24EE      	ADDWF       POSTINC0, 0 
0x34BE	0x6E00      	MOVWF       R0 
0x34C0	0x0E00      	MOVLW       0
0x34C2	0x20EE      	ADDWFC      POSTINC0, 0 
0x34C4	0x6E01      	MOVWF       R1 
0x34C6	0xFFE1C0E7  	MOVFF       FARG__doprntf_ap, FSR1L
0x34CA	0xFFE2C0E8  	MOVFF       FARG__doprntf_ap+1, FSR1H
0x34CE	0xFFE6C000  	MOVFF       R0, POSTINC1
0x34D2	0xFFE6C001  	MOVFF       R1, POSTINC1
0x34D6	0xD02F      	BRA         L__doprntf209
L__doprntf208:
;__Lib_Sprintf.c,604 :: 		
0x34D8	0xFFE9C0E7  	MOVFF       FARG__doprntf_ap, FSR0L
0x34DC	0xFFEAC0E8  	MOVFF       FARG__doprntf_ap+1, FSR0H
0x34E0	0xF000CFEE  	MOVFF       POSTINC0, R0
0x34E4	0xF001CFEE  	MOVFF       POSTINC0, R1
0x34E8	0xFFE9C000  	MOVFF       R0, FSR0L
0x34EC	0xFFEAC001  	MOVFF       R1, FSR0H
0x34F0	0xF000CFEE  	MOVFF       POSTINC0, R0
0x34F4	0xF001CFEE  	MOVFF       POSTINC0, R1
0x34F8	0x0E00      	MOVLW       0
0x34FA	0xBE01      	BTFSC       R1, 7 
0x34FC	0x0EFF      	MOVLW       255
0x34FE	0x6E02      	MOVWF       R2 
0x3500	0x6E03      	MOVWF       R3 
0x3502	0xF0FEC000  	MOVFF       R0, _doprntf__val_L0
0x3506	0xF0FFC001  	MOVFF       R1, _doprntf__val_L0+1
0x350A	0xF100C002  	MOVFF       R2, _doprntf__val_L0+2
0x350E	0xF101C003  	MOVFF       R3, _doprntf__val_L0+3
0x3512	0xFFE9C0E7  	MOVFF       FARG__doprntf_ap, FSR0L
0x3516	0xFFEAC0E8  	MOVFF       FARG__doprntf_ap+1, FSR0H
0x351A	0x0E02      	MOVLW       2
0x351C	0x24EE      	ADDWF       POSTINC0, 0 
0x351E	0x6E00      	MOVWF       R0 
0x3520	0x0E00      	MOVLW       0
0x3522	0x20EE      	ADDWFC      POSTINC0, 0 
0x3524	0x6E01      	MOVWF       R1 
0x3526	0xFFE1C0E7  	MOVFF       FARG__doprntf_ap, FSR1L
0x352A	0xFFE2C0E8  	MOVFF       FARG__doprntf_ap+1, FSR1H
0x352E	0xFFE6C000  	MOVFF       R0, POSTINC1
0x3532	0xFFE6C001  	MOVFF       R1, POSTINC1
L__doprntf209:
;__Lib_Sprintf.c,605 :: 		
0x3536	0x0E80      	MOVLW       128
0x3538	0x0101      	MOVLB       1
0x353A	0x1901      	XORWF       _doprntf__val_L0+3, 0, 1
0x353C	0x6E00      	MOVWF       R0 
0x353E	0x0E80      	MOVLW       128
0x3540	0x5C00      	SUBWF       R0, 0 
0x3542	0xE109      	BNZ         L___doprntf350
0x3544	0x0E00      	MOVLW       0
0x3546	0x5D00      	SUBWF       _doprntf__val_L0+2, 0, 1
0x3548	0xE106      	BNZ         L___doprntf350
0x354A	0x0E00      	MOVLW       0
0x354C	0x0100      	MOVLB       0
0x354E	0x5DFF      	SUBWF       _doprntf__val_L0+1, 0, 1
0x3550	0xE102      	BNZ         L___doprntf350
0x3552	0x0E00      	MOVLW       0
0x3554	0x5DFE      	SUBWF       _doprntf__val_L0, 0, 1
L___doprntf350:
0x3556	0xE21A      	BC          L__doprntf210
;__Lib_Sprintf.c,606 :: 		
0x3558	0x0100      	MOVLB       0
0x355A	0x0E03      	MOVLW       3
0x355C	0x13F6      	IORWF       _doprntf_flag_L0, 1, 1
0x355E	0x0E00      	MOVLW       0
0x3560	0x13F7      	IORWF       _doprntf_flag_L0+1, 1, 1
;__Lib_Sprintf.c,607 :: 		
0x3562	0x6A00      	CLRF        R0 
0x3564	0x6A01      	CLRF        R1 
0x3566	0x6A02      	CLRF        R2 
0x3568	0x6A03      	CLRF        R3 
0x356A	0x51FE      	MOVF        _doprntf__val_L0, 0, 1
0x356C	0x5E00      	SUBWF       R0, 1 
0x356E	0x51FF      	MOVF        _doprntf__val_L0+1, 0, 1
0x3570	0x5A01      	SUBWFB      R1, 1 
0x3572	0x0101      	MOVLB       1
0x3574	0x5100      	MOVF        _doprntf__val_L0+2, 0, 1
0x3576	0x5A02      	SUBWFB      R2, 1 
0x3578	0x5101      	MOVF        _doprntf__val_L0+3, 0, 1
0x357A	0x5A03      	SUBWFB      R3, 1 
0x357C	0xF0FEC000  	MOVFF       R0, _doprntf__val_L0
0x3580	0xF0FFC001  	MOVFF       R1, _doprntf__val_L0+1
0x3584	0xF100C002  	MOVFF       R2, _doprntf__val_L0+2
0x3588	0xF101C003  	MOVFF       R3, _doprntf__val_L0+3
;__Lib_Sprintf.c,608 :: 		
L__doprntf210:
;__Lib_Sprintf.c,609 :: 		
0x358C	0xD050      	BRA         L__doprntf211
L__doprntf207:
;__Lib_Sprintf.c,612 :: 		
0x358E	0x0100      	MOVLB       0
0x3590	0xA9F6      	BTFSS       _doprntf_flag_L0, 4, 1
0x3592	0xD027      	BRA         L__doprntf212
;__Lib_Sprintf.c,613 :: 		
0x3594	0xFFE9C0E7  	MOVFF       FARG__doprntf_ap, FSR0L
0x3598	0xFFEAC0E8  	MOVFF       FARG__doprntf_ap+1, FSR0H
0x359C	0xF000CFEE  	MOVFF       POSTINC0, R0
0x35A0	0xF001CFEE  	MOVFF       POSTINC0, R1
0x35A4	0xFFE9C000  	MOVFF       R0, FSR0L
0x35A8	0xFFEAC001  	MOVFF       R1, FSR0H
0x35AC	0xF0FECFEE  	MOVFF       POSTINC0, _doprntf__val_L0
0x35B0	0xF0FFCFEE  	MOVFF       POSTINC0, _doprntf__val_L0+1
0x35B4	0xF100CFEE  	MOVFF       POSTINC0, _doprntf__val_L0+2
0x35B8	0xF101CFEE  	MOVFF       POSTINC0, _doprntf__val_L0+3
0x35BC	0xFFE9C0E7  	MOVFF       FARG__doprntf_ap, FSR0L
0x35C0	0xFFEAC0E8  	MOVFF       FARG__doprntf_ap+1, FSR0H
0x35C4	0x0E04      	MOVLW       4
0x35C6	0x24EE      	ADDWF       POSTINC0, 0 
0x35C8	0x6E00      	MOVWF       R0 
0x35CA	0x0E00      	MOVLW       0
0x35CC	0x20EE      	ADDWFC      POSTINC0, 0 
0x35CE	0x6E01      	MOVWF       R1 
0x35D0	0xFFE1C0E7  	MOVFF       FARG__doprntf_ap, FSR1L
0x35D4	0xFFE2C0E8  	MOVFF       FARG__doprntf_ap+1, FSR1H
0x35D8	0xFFE6C000  	MOVFF       R0, POSTINC1
0x35DC	0xFFE6C001  	MOVFF       R1, POSTINC1
0x35E0	0xD026      	BRA         L__doprntf213
L__doprntf212:
;__Lib_Sprintf.c,616 :: 		
0x35E2	0xFFE9C0E7  	MOVFF       FARG__doprntf_ap, FSR0L
0x35E6	0xFFEAC0E8  	MOVFF       FARG__doprntf_ap+1, FSR0H
0x35EA	0xF000CFEE  	MOVFF       POSTINC0, R0
0x35EE	0xF001CFEE  	MOVFF       POSTINC0, R1
0x35F2	0xFFE9C000  	MOVFF       R0, FSR0L
0x35F6	0xFFEAC001  	MOVFF       R1, FSR0H
0x35FA	0xF0FECFEE  	MOVFF       POSTINC0, _doprntf__val_L0
0x35FE	0xF0FFCFEE  	MOVFF       POSTINC0, _doprntf__val_L0+1
0x3602	0x0E00      	MOVLW       0
0x3604	0x0101      	MOVLB       1
0x3606	0x6F00      	MOVWF       _doprntf__val_L0+2, 1
0x3608	0x6F01      	MOVWF       _doprntf__val_L0+3, 1
0x360A	0xFFE9C0E7  	MOVFF       FARG__doprntf_ap, FSR0L
0x360E	0xFFEAC0E8  	MOVFF       FARG__doprntf_ap+1, FSR0H
0x3612	0x0E02      	MOVLW       2
0x3614	0x24EE      	ADDWF       POSTINC0, 0 
0x3616	0x6E00      	MOVWF       R0 
0x3618	0x0E00      	MOVLW       0
0x361A	0x20EE      	ADDWFC      POSTINC0, 0 
0x361C	0x6E01      	MOVWF       R1 
0x361E	0xFFE1C0E7  	MOVFF       FARG__doprntf_ap, FSR1L
0x3622	0xFFE2C0E8  	MOVFF       FARG__doprntf_ap+1, FSR1H
0x3626	0xFFE6C000  	MOVFF       R0, POSTINC1
0x362A	0xFFE6C001  	MOVFF       R1, POSTINC1
L__doprntf213:
;__Lib_Sprintf.c,617 :: 		
L__doprntf211:
;__Lib_Sprintf.c,618 :: 		
0x362E	0x0E00      	MOVLW       0
0x3630	0x0100      	MOVLB       0
0x3632	0x19F2      	XORWF       _doprntf_prec_L0+1, 0, 1
0x3634	0xE102      	BNZ         L___doprntf351
0x3636	0x0E00      	MOVLW       0
0x3638	0x19F1      	XORWF       _doprntf_prec_L0, 0, 1
L___doprntf351:
0x363A	0xE112      	BNZ         L__doprntf216
0x363C	0x0E00      	MOVLW       0
0x363E	0x6E00      	MOVWF       R0 
0x3640	0x0101      	MOVLB       1
0x3642	0x1901      	XORWF       _doprntf__val_L0+3, 0, 1
0x3644	0xE109      	BNZ         L___doprntf352
0x3646	0x5000      	MOVF        R0, 0 
0x3648	0x1900      	XORWF       _doprntf__val_L0+2, 0, 1
0x364A	0xE106      	BNZ         L___doprntf352
0x364C	0x5000      	MOVF        R0, 0 
0x364E	0x0100      	MOVLB       0
0x3650	0x19FF      	XORWF       _doprntf__val_L0+1, 0, 1
0x3652	0xE102      	BNZ         L___doprntf352
0x3654	0x51FE      	MOVF        _doprntf__val_L0, 0, 1
0x3656	0x0A00      	XORLW       0
L___doprntf352:
0x3658	0xE103      	BNZ         L__doprntf216
L___doprntf301:
0x365A	0x0100      	MOVLB       0
;__Lib_Sprintf.c,619 :: 		
0x365C	0x4BF1      	INFSNZ      _doprntf_prec_L0, 1, 1
0x365E	0x2BF2      	INCF        _doprntf_prec_L0+1, 1, 1
L__doprntf216:
0x3660	0x0100      	MOVLB       0
;__Lib_Sprintf.c,620 :: 		
0x3662	0x0EC0      	MOVLW       192
0x3664	0x15F6      	ANDWF       _doprntf_flag_L0, 0, 1
0x3666	0x6E00      	MOVWF       R0 
0x3668	0xF005C000  	MOVFF       R0, R5
0x366C	0xD0BA      	BRA         L__doprntf217
;__Lib_Sprintf.c,621 :: 		
L__doprntf219:
;__Lib_Sprintf.c,622 :: 		
L__doprntf220:
0x366E	0x0100      	MOVLB       0
;__Lib_Sprintf.c,623 :: 		
0x3670	0x0E01      	MOVLW       1
0x3672	0x6FF3      	MOVWF       _doprntf_c_L0, 1
L__doprntf221:
0x3674	0x51F3      	MOVF        _doprntf_c_L0, 0, 1
0x3676	0x0A0A      	XORLW       10
0x3678	0xE037      	BZ          L__doprntf222
;__Lib_Sprintf.c,624 :: 		
0x367A	0xF000C0F3  	MOVFF       _doprntf_c_L0, R0
0x367E	0x0E00      	MOVLW       0
0x3680	0x6E01      	MOVWF       R1 
0x3682	0x6E02      	MOVWF       R2 
0x3684	0x6E03      	MOVWF       R3 
0x3686	0x3600      	RLCF        R0, 1 
0x3688	0x9000      	BCF         R0, 0 
0x368A	0x3601      	RLCF        R1, 1 
0x368C	0x3602      	RLCF        R2, 1 
0x368E	0x3603      	RLCF        R3, 1 
0x3690	0x3600      	RLCF        R0, 1 
0x3692	0x9000      	BCF         R0, 0 
0x3694	0x3601      	RLCF        R1, 1 
0x3696	0x3602      	RLCF        R2, 1 
0x3698	0x3603      	RLCF        R3, 1 
0x369A	0x0E20      	MOVLW       __Lib_Sprintf_dpowers
0x369C	0x2400      	ADDWF       R0, 0 
0x369E	0x6EF6      	MOVWF       TBLPTR 
0x36A0	0x0E42      	MOVLW       hi_addr(__Lib_Sprintf_dpowers)
0x36A2	0x2001      	ADDWFC      R1, 0 
0x36A4	0x6EF7      	MOVWF       TBLPTR+1 
0x36A6	0x0E00      	MOVLW       higher_addr(__Lib_Sprintf_dpowers)
0x36A8	0x2002      	ADDWFC      R2, 0 
0x36AA	0x6EF8      	MOVWF       TBLPTR+2 
0x36AC	0x0009      	TBLRD*+
0x36AE	0xF001CFF5  	MOVFF       TABLAT, R1
0x36B2	0x0009      	TBLRD*+
0x36B4	0xF002CFF5  	MOVFF       TABLAT, R2
0x36B8	0x0009      	TBLRD*+
0x36BA	0xF003CFF5  	MOVFF       TABLAT, R3
0x36BE	0x0009      	TBLRD*+
0x36C0	0xF004CFF5  	MOVFF       TABLAT, R4
0x36C4	0x5004      	MOVF        R4, 0 
0x36C6	0x0101      	MOVLB       1
0x36C8	0x5D01      	SUBWF       _doprntf__val_L0+3, 0, 1
0x36CA	0xE109      	BNZ         L___doprntf353
0x36CC	0x5003      	MOVF        R3, 0 
0x36CE	0x5D00      	SUBWF       _doprntf__val_L0+2, 0, 1
0x36D0	0xE106      	BNZ         L___doprntf353
0x36D2	0x5002      	MOVF        R2, 0 
0x36D4	0x0100      	MOVLB       0
0x36D6	0x5DFF      	SUBWF       _doprntf__val_L0+1, 0, 1
0x36D8	0xE102      	BNZ         L___doprntf353
0x36DA	0x5001      	MOVF        R1, 0 
0x36DC	0x5DFE      	SUBWF       _doprntf__val_L0, 0, 1
L___doprntf353:
0x36DE	0xE201      	BC          L__doprntf224
;__Lib_Sprintf.c,625 :: 		
0x36E0	0xD003      	BRA         L__doprntf222
L__doprntf224:
0x36E2	0x0100      	MOVLB       0
;__Lib_Sprintf.c,623 :: 		
0x36E4	0x2BF3      	INCF        _doprntf_c_L0, 1, 1
;__Lib_Sprintf.c,625 :: 		
0x36E6	0xD7C6      	BRA         L__doprntf221
L__doprntf222:
;__Lib_Sprintf.c,626 :: 		
0x36E8	0xD08B      	BRA         L__doprntf218
;__Lib_Sprintf.c,628 :: 		
L__doprntf225:
0x36EA	0x0100      	MOVLB       0
;__Lib_Sprintf.c,629 :: 		
0x36EC	0x0E01      	MOVLW       1
0x36EE	0x6FF3      	MOVWF       _doprntf_c_L0, 1
L__doprntf226:
0x36F0	0x51F3      	MOVF        _doprntf_c_L0, 0, 1
0x36F2	0x0A08      	XORLW       8
0x36F4	0xE037      	BZ          L__doprntf227
;__Lib_Sprintf.c,630 :: 		
0x36F6	0xF000C0F3  	MOVFF       _doprntf_c_L0, R0
0x36FA	0x0E00      	MOVLW       0
0x36FC	0x6E01      	MOVWF       R1 
0x36FE	0x6E02      	MOVWF       R2 
0x3700	0x6E03      	MOVWF       R3 
0x3702	0x3600      	RLCF        R0, 1 
0x3704	0x9000      	BCF         R0, 0 
0x3706	0x3601      	RLCF        R1, 1 
0x3708	0x3602      	RLCF        R2, 1 
0x370A	0x3603      	RLCF        R3, 1 
0x370C	0x3600      	RLCF        R0, 1 
0x370E	0x9000      	BCF         R0, 0 
0x3710	0x3601      	RLCF        R1, 1 
0x3712	0x3602      	RLCF        R2, 1 
0x3714	0x3603      	RLCF        R3, 1 
0x3716	0x0E48      	MOVLW       __Lib_Sprintf_hexpowers
0x3718	0x2400      	ADDWF       R0, 0 
0x371A	0x6EF6      	MOVWF       TBLPTR 
0x371C	0x0E42      	MOVLW       hi_addr(__Lib_Sprintf_hexpowers)
0x371E	0x2001      	ADDWFC      R1, 0 
0x3720	0x6EF7      	MOVWF       TBLPTR+1 
0x3722	0x0E00      	MOVLW       higher_addr(__Lib_Sprintf_hexpowers)
0x3724	0x2002      	ADDWFC      R2, 0 
0x3726	0x6EF8      	MOVWF       TBLPTR+2 
0x3728	0x0009      	TBLRD*+
0x372A	0xF001CFF5  	MOVFF       TABLAT, R1
0x372E	0x0009      	TBLRD*+
0x3730	0xF002CFF5  	MOVFF       TABLAT, R2
0x3734	0x0009      	TBLRD*+
0x3736	0xF003CFF5  	MOVFF       TABLAT, R3
0x373A	0x0009      	TBLRD*+
0x373C	0xF004CFF5  	MOVFF       TABLAT, R4
0x3740	0x5004      	MOVF        R4, 0 
0x3742	0x0101      	MOVLB       1
0x3744	0x5D01      	SUBWF       _doprntf__val_L0+3, 0, 1
0x3746	0xE109      	BNZ         L___doprntf354
0x3748	0x5003      	MOVF        R3, 0 
0x374A	0x5D00      	SUBWF       _doprntf__val_L0+2, 0, 1
0x374C	0xE106      	BNZ         L___doprntf354
0x374E	0x5002      	MOVF        R2, 0 
0x3750	0x0100      	MOVLB       0
0x3752	0x5DFF      	SUBWF       _doprntf__val_L0+1, 0, 1
0x3754	0xE102      	BNZ         L___doprntf354
0x3756	0x5001      	MOVF        R1, 0 
0x3758	0x5DFE      	SUBWF       _doprntf__val_L0, 0, 1
L___doprntf354:
0x375A	0xE201      	BC          L__doprntf229
;__Lib_Sprintf.c,631 :: 		
0x375C	0xD003      	BRA         L__doprntf227
L__doprntf229:
0x375E	0x0100      	MOVLB       0
;__Lib_Sprintf.c,629 :: 		
0x3760	0x2BF3      	INCF        _doprntf_c_L0, 1, 1
;__Lib_Sprintf.c,631 :: 		
0x3762	0xD7C6      	BRA         L__doprntf226
L__doprntf227:
;__Lib_Sprintf.c,632 :: 		
0x3764	0xD04D      	BRA         L__doprntf218
;__Lib_Sprintf.c,634 :: 		
L__doprntf230:
0x3766	0x0100      	MOVLB       0
;__Lib_Sprintf.c,635 :: 		
0x3768	0x0E01      	MOVLW       1
0x376A	0x6FF3      	MOVWF       _doprntf_c_L0, 1
L__doprntf231:
0x376C	0x51F3      	MOVF        _doprntf_c_L0, 0, 1
0x376E	0x0A0C      	XORLW       12
0x3770	0xE037      	BZ          L__doprntf232
;__Lib_Sprintf.c,636 :: 		
0x3772	0xF000C0F3  	MOVFF       _doprntf_c_L0, R0
0x3776	0x0E00      	MOVLW       0
0x3778	0x6E01      	MOVWF       R1 
0x377A	0x6E02      	MOVWF       R2 
0x377C	0x6E03      	MOVWF       R3 
0x377E	0x3600      	RLCF        R0, 1 
0x3780	0x9000      	BCF         R0, 0 
0x3782	0x3601      	RLCF        R1, 1 
0x3784	0x3602      	RLCF        R2, 1 
0x3786	0x3603      	RLCF        R3, 1 
0x3788	0x3600      	RLCF        R0, 1 
0x378A	0x9000      	BCF         R0, 0 
0x378C	0x3601      	RLCF        R1, 1 
0x378E	0x3602      	RLCF        R2, 1 
0x3790	0x3603      	RLCF        R3, 1 
0x3792	0x0EF0      	MOVLW       __Lib_Sprintf_octpowers
0x3794	0x2400      	ADDWF       R0, 0 
0x3796	0x6EF6      	MOVWF       TBLPTR 
0x3798	0x0E41      	MOVLW       hi_addr(__Lib_Sprintf_octpowers)
0x379A	0x2001      	ADDWFC      R1, 0 
0x379C	0x6EF7      	MOVWF       TBLPTR+1 
0x379E	0x0E00      	MOVLW       higher_addr(__Lib_Sprintf_octpowers)
0x37A0	0x2002      	ADDWFC      R2, 0 
0x37A2	0x6EF8      	MOVWF       TBLPTR+2 
0x37A4	0x0009      	TBLRD*+
0x37A6	0xF001CFF5  	MOVFF       TABLAT, R1
0x37AA	0x0009      	TBLRD*+
0x37AC	0xF002CFF5  	MOVFF       TABLAT, R2
0x37B0	0x0009      	TBLRD*+
0x37B2	0xF003CFF5  	MOVFF       TABLAT, R3
0x37B6	0x0009      	TBLRD*+
0x37B8	0xF004CFF5  	MOVFF       TABLAT, R4
0x37BC	0x5004      	MOVF        R4, 0 
0x37BE	0x0101      	MOVLB       1
0x37C0	0x5D01      	SUBWF       _doprntf__val_L0+3, 0, 1
0x37C2	0xE109      	BNZ         L___doprntf355
0x37C4	0x5003      	MOVF        R3, 0 
0x37C6	0x5D00      	SUBWF       _doprntf__val_L0+2, 0, 1
0x37C8	0xE106      	BNZ         L___doprntf355
0x37CA	0x5002      	MOVF        R2, 0 
0x37CC	0x0100      	MOVLB       0
0x37CE	0x5DFF      	SUBWF       _doprntf__val_L0+1, 0, 1
0x37D0	0xE102      	BNZ         L___doprntf355
0x37D2	0x5001      	MOVF        R1, 0 
0x37D4	0x5DFE      	SUBWF       _doprntf__val_L0, 0, 1
L___doprntf355:
0x37D6	0xE201      	BC          L__doprntf234
;__Lib_Sprintf.c,637 :: 		
0x37D8	0xD003      	BRA         L__doprntf232
L__doprntf234:
0x37DA	0x0100      	MOVLB       0
;__Lib_Sprintf.c,635 :: 		
0x37DC	0x2BF3      	INCF        _doprntf_c_L0, 1, 1
;__Lib_Sprintf.c,637 :: 		
0x37DE	0xD7C6      	BRA         L__doprntf231
L__doprntf232:
;__Lib_Sprintf.c,638 :: 		
0x37E0	0xD00F      	BRA         L__doprntf218
;__Lib_Sprintf.c,639 :: 		
L__doprntf217:
0x37E2	0x5005      	MOVF        R5, 0 
0x37E4	0x0A00      	XORLW       0
0x37E6	0xB4D8      	BTFSC       STATUS, 2 
0x37E8	0xD742      	BRA         L__doprntf219
0x37EA	0x5005      	MOVF        R5, 0 
0x37EC	0x0AC0      	XORLW       192
0x37EE	0xB4D8      	BTFSC       STATUS, 2 
0x37F0	0xD73E      	BRA         L__doprntf220
0x37F2	0x5005      	MOVF        R5, 0 
0x37F4	0x0A80      	XORLW       128
0x37F6	0xB4D8      	BTFSC       STATUS, 2 
0x37F8	0xD778      	BRA         L__doprntf225
0x37FA	0x5005      	MOVF        R5, 0 
0x37FC	0x0A40      	XORLW       64
0x37FE	0xE0B3      	BZ          L__doprntf230
L__doprntf218:
0x3800	0x0100      	MOVLB       0
;__Lib_Sprintf.c,640 :: 		
0x3802	0x0E80      	MOVLW       128
0x3804	0x6E00      	MOVWF       R0 
0x3806	0x0E80      	MOVLW       128
0x3808	0x19F2      	XORWF       _doprntf_prec_L0+1, 0, 1
0x380A	0x5C00      	SUBWF       R0, 0 
0x380C	0xE102      	BNZ         L___doprntf356
0x380E	0x51F1      	MOVF        _doprntf_prec_L0, 0, 1
0x3810	0x5DF3      	SUBWF       _doprntf_c_L0, 0, 1
L___doprntf356:
0x3812	0xE203      	BC          L__doprntf235
;__Lib_Sprintf.c,641 :: 		
0x3814	0xF0F3C0F1  	MOVFF       _doprntf_prec_L0, _doprntf_c_L0
0x3818	0xD00D      	BRA         L__doprntf236
L__doprntf235:
;__Lib_Sprintf.c,643 :: 		
0x381A	0x0E80      	MOVLW       128
0x381C	0x19F2      	XORWF       _doprntf_prec_L0+1, 0, 1
0x381E	0x6E00      	MOVWF       R0 
0x3820	0x0E80      	MOVLW       128
0x3822	0x5C00      	SUBWF       R0, 0 
0x3824	0xE102      	BNZ         L___doprntf357
0x3826	0x51F3      	MOVF        _doprntf_c_L0, 0, 1
0x3828	0x5DF1      	SUBWF       _doprntf_prec_L0, 0, 1
L___doprntf357:
0x382A	0xE204      	BC          L__doprntf237
;__Lib_Sprintf.c,644 :: 		
0x382C	0xF0F1C0F3  	MOVFF       _doprntf_c_L0, _doprntf_prec_L0
0x3830	0x0E00      	MOVLW       0
0x3832	0x6FF2      	MOVWF       _doprntf_prec_L0+1, 1
L__doprntf237:
L__doprntf236:
;__Lib_Sprintf.c,645 :: 		
0x3834	0x51F4      	MOVF        _doprntf_width_L0, 0, 1
0x3836	0x11F5      	IORWF       _doprntf_width_L0+1, 0, 1
0x3838	0xE00E      	BZ          L__doprntf240
0x383A	0x0E03      	MOVLW       3
0x383C	0x15F6      	ANDWF       _doprntf_flag_L0, 0, 1
0x383E	0x6E00      	MOVWF       R0 
0x3840	0xF001C0F7  	MOVFF       _doprntf_flag_L0+1, R1
0x3844	0x0E00      	MOVLW       0
0x3846	0x1601      	ANDWF       R1, 1 
0x3848	0x5000      	MOVF        R0, 0 
0x384A	0x1001      	IORWF       R1, 0 
0x384C	0xE004      	BZ          L__doprntf240
L___doprntf300:
;__Lib_Sprintf.c,646 :: 		
0x384E	0x0E01      	MOVLW       1
0x3850	0x5FF4      	SUBWF       _doprntf_width_L0, 1, 1
0x3852	0x0E00      	MOVLW       0
0x3854	0x5BF5      	SUBWFB      _doprntf_width_L0+1, 1, 1
L__doprntf240:
;__Lib_Sprintf.c,647 :: 		
0x3856	0x0E80      	MOVLW       128
0x3858	0x19F2      	XORWF       _doprntf_prec_L0+1, 0, 1
0x385A	0x6E00      	MOVWF       R0 
0x385C	0x0E80      	MOVLW       128
0x385E	0x19F5      	XORWF       _doprntf_width_L0+1, 0, 1
0x3860	0x5C00      	SUBWF       R0, 0 
0x3862	0xE102      	BNZ         L___doprntf358
0x3864	0x51F4      	MOVF        _doprntf_width_L0, 0, 1
0x3866	0x5DF1      	SUBWF       _doprntf_prec_L0, 0, 1
L___doprntf358:
0x3868	0xE205      	BC          L__doprntf241
;__Lib_Sprintf.c,648 :: 		
0x386A	0x51F1      	MOVF        _doprntf_prec_L0, 0, 1
0x386C	0x5FF4      	SUBWF       _doprntf_width_L0, 1, 1
0x386E	0x51F2      	MOVF        _doprntf_prec_L0+1, 0, 1
0x3870	0x5BF5      	SUBWFB      _doprntf_width_L0+1, 1, 1
0x3872	0xD002      	BRA         L__doprntf242
L__doprntf241:
;__Lib_Sprintf.c,650 :: 		
0x3874	0x6BF4      	CLRF        _doprntf_width_L0, 1
0x3876	0x6BF5      	CLRF        _doprntf_width_L0+1, 1
L__doprntf242:
;__Lib_Sprintf.c,651 :: 		
0x3878	0x0EC4      	MOVLW       196
0x387A	0x15F6      	ANDWF       _doprntf_flag_L0, 0, 1
0x387C	0x6E01      	MOVWF       R1 
0x387E	0x51F7      	MOVF        _doprntf_flag_L0+1, 0, 1
0x3880	0x0B08      	ANDLW       8
0x3882	0x6E02      	MOVWF       R2 
0x3884	0x5002      	MOVF        R2, 0 
0x3886	0x0A08      	XORLW       8
0x3888	0xE102      	BNZ         L___doprntf359
0x388A	0x0E40      	MOVLW       64
0x388C	0x1801      	XORWF       R1, 0 
L___doprntf359:
0x388E	0xE108      	BNZ         L__doprntf243
;__Lib_Sprintf.c,652 :: 		
0x3890	0x51F4      	MOVF        _doprntf_width_L0, 0, 1
0x3892	0x11F5      	IORWF       _doprntf_width_L0+1, 0, 1
0x3894	0xE004      	BZ          L__doprntf244
;__Lib_Sprintf.c,653 :: 		
0x3896	0x0E01      	MOVLW       1
0x3898	0x5FF4      	SUBWF       _doprntf_width_L0, 1, 1
0x389A	0x0E00      	MOVLW       0
0x389C	0x5BF5      	SUBWFB      _doprntf_width_L0+1, 1, 1
L__doprntf244:
;__Lib_Sprintf.c,654 :: 		
0x389E	0xD01C      	BRA         L__doprntf245
L__doprntf243:
;__Lib_Sprintf.c,656 :: 		
0x38A0	0x0EC0      	MOVLW       192
0x38A2	0x15F6      	ANDWF       _doprntf_flag_L0, 0, 1
0x38A4	0x6E01      	MOVWF       R1 
0x38A6	0x51F7      	MOVF        _doprntf_flag_L0+1, 0, 1
0x38A8	0x0B08      	ANDLW       8
0x38AA	0x6E02      	MOVWF       R2 
0x38AC	0x5002      	MOVF        R2, 0 
0x38AE	0x0A08      	XORLW       8
0x38B0	0xE102      	BNZ         L___doprntf360
0x38B2	0x0E80      	MOVLW       128
0x38B4	0x1801      	XORWF       R1, 0 
L___doprntf360:
0x38B6	0xE110      	BNZ         L__doprntf246
;__Lib_Sprintf.c,657 :: 		
0x38B8	0x0E80      	MOVLW       128
0x38BA	0x6E00      	MOVWF       R0 
0x38BC	0x0E80      	MOVLW       128
0x38BE	0x19F5      	XORWF       _doprntf_width_L0+1, 0, 1
0x38C0	0x5C00      	SUBWF       R0, 0 
0x38C2	0xE102      	BNZ         L___doprntf361
0x38C4	0x51F4      	MOVF        _doprntf_width_L0, 0, 1
0x38C6	0x0802      	SUBLW       2
L___doprntf361:
0x38C8	0xE205      	BC          L__doprntf247
;__Lib_Sprintf.c,658 :: 		
0x38CA	0x0E02      	MOVLW       2
0x38CC	0x5FF4      	SUBWF       _doprntf_width_L0, 1, 1
0x38CE	0x0E00      	MOVLW       0
0x38D0	0x5BF5      	SUBWFB      _doprntf_width_L0+1, 1, 1
0x38D2	0xD002      	BRA         L__doprntf248
L__doprntf247:
;__Lib_Sprintf.c,660 :: 		
0x38D4	0x6BF4      	CLRF        _doprntf_width_L0, 1
0x38D6	0x6BF5      	CLRF        _doprntf_width_L0+1, 1
L__doprntf248:
;__Lib_Sprintf.c,661 :: 		
L__doprntf246:
L__doprntf245:
;__Lib_Sprintf.c,662 :: 		
0x38D8	0xA5F6      	BTFSS       _doprntf_flag_L0, 2, 1
0x38DA	0xD067      	BRA         L__doprntf249
;__Lib_Sprintf.c,663 :: 		
0x38DC	0xA3F6      	BTFSS       _doprntf_flag_L0, 1, 1
0x38DE	0xD013      	BRA         L__doprntf250
;__Lib_Sprintf.c,664 :: 		
0x38E0	0xA1F6      	BTFSS       _doprntf_flag_L0, 0, 1
0x38E2	0xD003      	BRA         L__doprntf251
0x38E4	0x0E2D      	MOVLW       45
0x38E6	0x6FED      	MOVWF       ?FLOC____doprntfT672, 1
0x38E8	0xD002      	BRA         L__doprntf252
L__doprntf251:
0x38EA	0x0E2B      	MOVLW       43
0x38EC	0x6FED      	MOVWF       ?FLOC____doprntfT672, 1
L__doprntf252:
0x38EE	0xFFE1C0E2  	MOVFF       FARG__doprntf_pb, FSR1L
0x38F2	0xFFE2C0E3  	MOVFF       FARG__doprntf_pb+1, FSR1H
0x38F6	0xFFE6C0ED  	MOVFF       ?FLOC____doprntfT672, POSTINC1
0x38FA	0x4BE2      	INFSNZ      FARG__doprntf_pb, 1, 1
0x38FC	0x2BE3      	INCF        FARG__doprntf_pb+1, 1, 1
0x38FE	0x0101      	MOVLB       1
0x3900	0x4B02      	INFSNZ      _doprntf_ccnt_L0, 1, 1
0x3902	0x2B03      	INCF        _doprntf_ccnt_L0+1, 1, 1
0x3904	0xD03A      	BRA         L__doprntf253
L__doprntf250:
;__Lib_Sprintf.c,666 :: 		
0x3906	0x0100      	MOVLB       0
0x3908	0xA1F6      	BTFSS       _doprntf_flag_L0, 0, 1
0x390A	0xD00C      	BRA         L__doprntf254
;__Lib_Sprintf.c,667 :: 		
0x390C	0xFFE1C0E2  	MOVFF       FARG__doprntf_pb, FSR1L
0x3910	0xFFE2C0E3  	MOVFF       FARG__doprntf_pb+1, FSR1H
0x3914	0x0E20      	MOVLW       32
0x3916	0x6EE6      	MOVWF       POSTINC1 
0x3918	0x4BE2      	INFSNZ      FARG__doprntf_pb, 1, 1
0x391A	0x2BE3      	INCF        FARG__doprntf_pb+1, 1, 1
0x391C	0x0101      	MOVLB       1
0x391E	0x4B02      	INFSNZ      _doprntf_ccnt_L0, 1, 1
0x3920	0x2B03      	INCF        _doprntf_ccnt_L0+1, 1, 1
0x3922	0xD02B      	BRA         L__doprntf255
L__doprntf254:
;__Lib_Sprintf.c,669 :: 		
0x3924	0x0EC0      	MOVLW       192
0x3926	0x0100      	MOVLB       0
0x3928	0x15F6      	ANDWF       _doprntf_flag_L0, 0, 1
0x392A	0x6E01      	MOVWF       R1 
0x392C	0x51F7      	MOVF        _doprntf_flag_L0+1, 0, 1
0x392E	0x0B08      	ANDLW       8
0x3930	0x6E02      	MOVWF       R2 
0x3932	0x5002      	MOVF        R2, 0 
0x3934	0x0A08      	XORLW       8
0x3936	0xE102      	BNZ         L___doprntf362
0x3938	0x0E80      	MOVLW       128
0x393A	0x1801      	XORWF       R1, 0 
L___doprntf362:
0x393C	0xE11E      	BNZ         L__doprntf256
;__Lib_Sprintf.c,670 :: 		
0x393E	0xFFE1C0E2  	MOVFF       FARG__doprntf_pb, FSR1L
0x3942	0xFFE2C0E3  	MOVFF       FARG__doprntf_pb+1, FSR1H
0x3946	0x0E30      	MOVLW       48
0x3948	0x6EE6      	MOVWF       POSTINC1 
0x394A	0x4BE2      	INFSNZ      FARG__doprntf_pb, 1, 1
0x394C	0x2BE3      	INCF        FARG__doprntf_pb+1, 1, 1
0x394E	0x0101      	MOVLB       1
0x3950	0x4B02      	INFSNZ      _doprntf_ccnt_L0, 1, 1
0x3952	0x2B03      	INCF        _doprntf_ccnt_L0+1, 1, 1
;__Lib_Sprintf.c,671 :: 		
0x3954	0x0100      	MOVLB       0
0x3956	0xABF6      	BTFSS       _doprntf_flag_L0, 5, 1
0x3958	0xD003      	BRA         L__doprntf257
0x395A	0x0E58      	MOVLW       88
0x395C	0x6FEE      	MOVWF       ?FLOC____doprntfT683, 1
0x395E	0xD002      	BRA         L__doprntf258
L__doprntf257:
0x3960	0x0E78      	MOVLW       120
0x3962	0x6FEE      	MOVWF       ?FLOC____doprntfT683, 1
L__doprntf258:
0x3964	0xFFE1C0E2  	MOVFF       FARG__doprntf_pb, FSR1L
0x3968	0xFFE2C0E3  	MOVFF       FARG__doprntf_pb+1, FSR1H
0x396C	0xFFE6C0EE  	MOVFF       ?FLOC____doprntfT683, POSTINC1
0x3970	0x4BE2      	INFSNZ      FARG__doprntf_pb, 1, 1
0x3972	0x2BE3      	INCF        FARG__doprntf_pb+1, 1, 1
0x3974	0x0101      	MOVLB       1
0x3976	0x4B02      	INFSNZ      _doprntf_ccnt_L0, 1, 1
0x3978	0x2B03      	INCF        _doprntf_ccnt_L0+1, 1, 1
;__Lib_Sprintf.c,672 :: 		
L__doprntf256:
L__doprntf255:
L__doprntf253:
;__Lib_Sprintf.c,673 :: 		
0x397A	0x0100      	MOVLB       0
0x397C	0x51F4      	MOVF        _doprntf_width_L0, 0, 1
0x397E	0x11F5      	IORWF       _doprntf_width_L0+1, 0, 1
0x3980	0xE013      	BZ          L__doprntf259
;__Lib_Sprintf.c,674 :: 		
L__doprntf260:
;__Lib_Sprintf.c,675 :: 		
0x3982	0xFFE1C0E2  	MOVFF       FARG__doprntf_pb, FSR1L
0x3986	0xFFE2C0E3  	MOVFF       FARG__doprntf_pb+1, FSR1H
0x398A	0x0E30      	MOVLW       48
0x398C	0x6EE6      	MOVWF       POSTINC1 
0x398E	0x4BE2      	INFSNZ      FARG__doprntf_pb, 1, 1
0x3990	0x2BE3      	INCF        FARG__doprntf_pb+1, 1, 1
0x3992	0x0101      	MOVLB       1
0x3994	0x4B02      	INFSNZ      _doprntf_ccnt_L0, 1, 1
0x3996	0x2B03      	INCF        _doprntf_ccnt_L0+1, 1, 1
;__Lib_Sprintf.c,676 :: 		
0x3998	0x0E01      	MOVLW       1
0x399A	0x0100      	MOVLB       0
0x399C	0x5FF4      	SUBWF       _doprntf_width_L0, 1, 1
0x399E	0x0E00      	MOVLW       0
0x39A0	0x5BF5      	SUBWFB      _doprntf_width_L0+1, 1, 1
0x39A2	0x51F4      	MOVF        _doprntf_width_L0, 0, 1
0x39A4	0x11F5      	IORWF       _doprntf_width_L0+1, 0, 1
0x39A6	0xE1ED      	BNZ         L__doprntf260
L__doprntf259:
;__Lib_Sprintf.c,677 :: 		
0x39A8	0xD07F      	BRA         L__doprntf263
L__doprntf249:
;__Lib_Sprintf.c,679 :: 		
0x39AA	0x51F4      	MOVF        _doprntf_width_L0, 0, 1
0x39AC	0x11F5      	IORWF       _doprntf_width_L0+1, 0, 1
0x39AE	0xE015      	BZ          L__doprntf266
0x39B0	0xB7F6      	BTFSC       _doprntf_flag_L0, 3, 1
0x39B2	0xD013      	BRA         L__doprntf266
L___doprntf299:
;__Lib_Sprintf.c,680 :: 		
L__doprntf267:
;__Lib_Sprintf.c,681 :: 		
0x39B4	0xFFE1C0E2  	MOVFF       FARG__doprntf_pb, FSR1L
0x39B8	0xFFE2C0E3  	MOVFF       FARG__doprntf_pb+1, FSR1H
0x39BC	0x0E20      	MOVLW       32
0x39BE	0x6EE6      	MOVWF       POSTINC1 
0x39C0	0x4BE2      	INFSNZ      FARG__doprntf_pb, 1, 1
0x39C2	0x2BE3      	INCF        FARG__doprntf_pb+1, 1, 1
0x39C4	0x0101      	MOVLB       1
0x39C6	0x4B02      	INFSNZ      _doprntf_ccnt_L0, 1, 1
0x39C8	0x2B03      	INCF        _doprntf_ccnt_L0+1, 1, 1
;__Lib_Sprintf.c,682 :: 		
0x39CA	0x0E01      	MOVLW       1
0x39CC	0x0100      	MOVLB       0
0x39CE	0x5FF4      	SUBWF       _doprntf_width_L0, 1, 1
0x39D0	0x0E00      	MOVLW       0
0x39D2	0x5BF5      	SUBWFB      _doprntf_width_L0+1, 1, 1
0x39D4	0x51F4      	MOVF        _doprntf_width_L0, 0, 1
0x39D6	0x11F5      	IORWF       _doprntf_width_L0+1, 0, 1
0x39D8	0xE1ED      	BNZ         L__doprntf267
L__doprntf266:
;__Lib_Sprintf.c,683 :: 		
0x39DA	0xA3F6      	BTFSS       _doprntf_flag_L0, 1, 1
0x39DC	0xD013      	BRA         L__doprntf270
;__Lib_Sprintf.c,684 :: 		
0x39DE	0xA1F6      	BTFSS       _doprntf_flag_L0, 0, 1
0x39E0	0xD003      	BRA         L__doprntf271
0x39E2	0x0E2D      	MOVLW       45
0x39E4	0x6FEF      	MOVWF       ?FLOC____doprntfT697, 1
0x39E6	0xD002      	BRA         L__doprntf272
L__doprntf271:
0x39E8	0x0E2B      	MOVLW       43
0x39EA	0x6FEF      	MOVWF       ?FLOC____doprntfT697, 1
L__doprntf272:
0x39EC	0xFFE1C0E2  	MOVFF       FARG__doprntf_pb, FSR1L
0x39F0	0xFFE2C0E3  	MOVFF       FARG__doprntf_pb+1, FSR1H
0x39F4	0xFFE6C0EF  	MOVFF       ?FLOC____doprntfT697, POSTINC1
0x39F8	0x4BE2      	INFSNZ      FARG__doprntf_pb, 1, 1
0x39FA	0x2BE3      	INCF        FARG__doprntf_pb+1, 1, 1
0x39FC	0x0101      	MOVLB       1
0x39FE	0x4B02      	INFSNZ      _doprntf_ccnt_L0, 1, 1
0x3A00	0x2B03      	INCF        _doprntf_ccnt_L0+1, 1, 1
0x3A02	0xD00E      	BRA         L__doprntf273
L__doprntf270:
;__Lib_Sprintf.c,686 :: 		
0x3A04	0x0100      	MOVLB       0
0x3A06	0xA1F6      	BTFSS       _doprntf_flag_L0, 0, 1
0x3A08	0xD00B      	BRA         L__doprntf274
;__Lib_Sprintf.c,687 :: 		
0x3A0A	0xFFE1C0E2  	MOVFF       FARG__doprntf_pb, FSR1L
0x3A0E	0xFFE2C0E3  	MOVFF       FARG__doprntf_pb+1, FSR1H
0x3A12	0x0E20      	MOVLW       32
0x3A14	0x6EE6      	MOVWF       POSTINC1 
0x3A16	0x4BE2      	INFSNZ      FARG__doprntf_pb, 1, 1
0x3A18	0x2BE3      	INCF        FARG__doprntf_pb+1, 1, 1
0x3A1A	0x0101      	MOVLB       1
0x3A1C	0x4B02      	INFSNZ      _doprntf_ccnt_L0, 1, 1
0x3A1E	0x2B03      	INCF        _doprntf_ccnt_L0+1, 1, 1
L__doprntf274:
L__doprntf273:
;__Lib_Sprintf.c,688 :: 		
0x3A20	0x0EC0      	MOVLW       192
0x3A22	0x0100      	MOVLB       0
0x3A24	0x15F6      	ANDWF       _doprntf_flag_L0, 0, 1
0x3A26	0x6E01      	MOVWF       R1 
0x3A28	0x51F7      	MOVF        _doprntf_flag_L0+1, 0, 1
0x3A2A	0x0B08      	ANDLW       8
0x3A2C	0x6E02      	MOVWF       R2 
0x3A2E	0x5002      	MOVF        R2, 0 
0x3A30	0x0A08      	XORLW       8
0x3A32	0xE102      	BNZ         L___doprntf363
0x3A34	0x0E40      	MOVLW       64
0x3A36	0x1801      	XORWF       R1, 0 
L___doprntf363:
0x3A38	0xE10C      	BNZ         L__doprntf275
;__Lib_Sprintf.c,689 :: 		
0x3A3A	0xFFE1C0E2  	MOVFF       FARG__doprntf_pb, FSR1L
0x3A3E	0xFFE2C0E3  	MOVFF       FARG__doprntf_pb+1, FSR1H
0x3A42	0x0E30      	MOVLW       48
0x3A44	0x6EE6      	MOVWF       POSTINC1 
0x3A46	0x4BE2      	INFSNZ      FARG__doprntf_pb, 1, 1
0x3A48	0x2BE3      	INCF        FARG__doprntf_pb+1, 1, 1
0x3A4A	0x0101      	MOVLB       1
0x3A4C	0x4B02      	INFSNZ      _doprntf_ccnt_L0, 1, 1
0x3A4E	0x2B03      	INCF        _doprntf_ccnt_L0+1, 1, 1
0x3A50	0xD02B      	BRA         L__doprntf276
L__doprntf275:
;__Lib_Sprintf.c,691 :: 		
0x3A52	0x0EC0      	MOVLW       192
0x3A54	0x0100      	MOVLB       0
0x3A56	0x15F6      	ANDWF       _doprntf_flag_L0, 0, 1
0x3A58	0x6E01      	MOVWF       R1 
0x3A5A	0x51F7      	MOVF        _doprntf_flag_L0+1, 0, 1
0x3A5C	0x0B08      	ANDLW       8
0x3A5E	0x6E02      	MOVWF       R2 
0x3A60	0x5002      	MOVF        R2, 0 
0x3A62	0x0A08      	XORLW       8
0x3A64	0xE102      	BNZ         L___doprntf364
0x3A66	0x0E80      	MOVLW       128
0x3A68	0x1801      	XORWF       R1, 0 
L___doprntf364:
0x3A6A	0xE11E      	BNZ         L__doprntf277
;__Lib_Sprintf.c,692 :: 		
0x3A6C	0xFFE1C0E2  	MOVFF       FARG__doprntf_pb, FSR1L
0x3A70	0xFFE2C0E3  	MOVFF       FARG__doprntf_pb+1, FSR1H
0x3A74	0x0E30      	MOVLW       48
0x3A76	0x6EE6      	MOVWF       POSTINC1 
0x3A78	0x4BE2      	INFSNZ      FARG__doprntf_pb, 1, 1
0x3A7A	0x2BE3      	INCF        FARG__doprntf_pb+1, 1, 1
0x3A7C	0x0101      	MOVLB       1
0x3A7E	0x4B02      	INFSNZ      _doprntf_ccnt_L0, 1, 1
0x3A80	0x2B03      	INCF        _doprntf_ccnt_L0+1, 1, 1
;__Lib_Sprintf.c,693 :: 		
0x3A82	0x0100      	MOVLB       0
0x3A84	0xABF6      	BTFSS       _doprntf_flag_L0, 5, 1
0x3A86	0xD003      	BRA         L__doprntf278
0x3A88	0x0E58      	MOVLW       88
0x3A8A	0x6FF0      	MOVWF       ?FLOC____doprntfT712, 1
0x3A8C	0xD002      	BRA         L__doprntf279
L__doprntf278:
0x3A8E	0x0E78      	MOVLW       120
0x3A90	0x6FF0      	MOVWF       ?FLOC____doprntfT712, 1
L__doprntf279:
0x3A92	0xFFE1C0E2  	MOVFF       FARG__doprntf_pb, FSR1L
0x3A96	0xFFE2C0E3  	MOVFF       FARG__doprntf_pb+1, FSR1H
0x3A9A	0xFFE6C0F0  	MOVFF       ?FLOC____doprntfT712, POSTINC1
0x3A9E	0x4BE2      	INFSNZ      FARG__doprntf_pb, 1, 1
0x3AA0	0x2BE3      	INCF        FARG__doprntf_pb+1, 1, 1
0x3AA2	0x0101      	MOVLB       1
0x3AA4	0x4B02      	INFSNZ      _doprntf_ccnt_L0, 1, 1
0x3AA6	0x2B03      	INCF        _doprntf_ccnt_L0+1, 1, 1
;__Lib_Sprintf.c,694 :: 		
L__doprntf277:
L__doprntf276:
;__Lib_Sprintf.c,695 :: 		
L__doprntf263:
;__Lib_Sprintf.c,696 :: 		
L__doprntf280:
0x3AA8	0x0E80      	MOVLW       128
0x3AAA	0x6E00      	MOVWF       R0 
0x3AAC	0x0E80      	MOVLW       128
0x3AAE	0x0100      	MOVLB       0
0x3AB0	0x19F2      	XORWF       _doprntf_prec_L0+1, 0, 1
0x3AB2	0x5C00      	SUBWF       R0, 0 
0x3AB4	0xE102      	BNZ         L___doprntf365
0x3AB6	0x51F1      	MOVF        _doprntf_prec_L0, 0, 1
0x3AB8	0x5DF3      	SUBWF       _doprntf_c_L0, 0, 1
L___doprntf365:
0x3ABA	0xE20C      	BC          L__doprntf281
;__Lib_Sprintf.c,697 :: 		
0x3ABC	0xFFE1C0E2  	MOVFF       FARG__doprntf_pb, FSR1L
0x3AC0	0xFFE2C0E3  	MOVFF       FARG__doprntf_pb+1, FSR1H
0x3AC4	0x0E30      	MOVLW       48
0x3AC6	0x6EE6      	MOVWF       POSTINC1 
0x3AC8	0x4BE2      	INFSNZ      FARG__doprntf_pb, 1, 1
0x3ACA	0x2BE3      	INCF        FARG__doprntf_pb+1, 1, 1
0x3ACC	0x0101      	MOVLB       1
0x3ACE	0x4B02      	INFSNZ      _doprntf_ccnt_L0, 1, 1
0x3AD0	0x2B03      	INCF        _doprntf_ccnt_L0+1, 1, 1
0x3AD2	0xD7EA      	BRA         L__doprntf280
L__doprntf281:
;__Lib_Sprintf.c,698 :: 		
L__doprntf282:
0x3AD4	0xF000C0F1  	MOVFF       _doprntf_prec_L0, R0
0x3AD8	0xF001C0F2  	MOVFF       _doprntf_prec_L0+1, R1
0x3ADC	0x0E01      	MOVLW       1
0x3ADE	0x0100      	MOVLB       0
0x3AE0	0x5FF1      	SUBWF       _doprntf_prec_L0, 1, 1
0x3AE2	0x0E00      	MOVLW       0
0x3AE4	0x5BF2      	SUBWFB      _doprntf_prec_L0+1, 1, 1
0x3AE6	0x5000      	MOVF        R0, 0 
0x3AE8	0x1001      	IORWF       R1, 0 
0x3AEA	0xB4D8      	BTFSC       STATUS, 2 
0x3AEC	0xD130      	BRA         L__doprntf283
;__Lib_Sprintf.c,699 :: 		
0x3AEE	0x0EC0      	MOVLW       192
0x3AF0	0x15F6      	ANDWF       _doprntf_flag_L0, 0, 1
0x3AF2	0x6E00      	MOVWF       R0 
0x3AF4	0xF104C000  	MOVFF       R0, FLOC___doprntf
0x3AF8	0xD10D      	BRA         L__doprntf284
;__Lib_Sprintf.c,700 :: 		
L__doprntf286:
;__Lib_Sprintf.c,701 :: 		
L__doprntf287:
0x3AFA	0x0100      	MOVLB       0
;__Lib_Sprintf.c,702 :: 		
0x3AFC	0xF000C0F1  	MOVFF       _doprntf_prec_L0, R0
0x3B00	0xF001C0F2  	MOVFF       _doprntf_prec_L0+1, R1
0x3B04	0x0E00      	MOVLW       0
0x3B06	0xBFF2      	BTFSC       _doprntf_prec_L0+1, 7, 1
0x3B08	0x0EFF      	MOVLW       255
0x3B0A	0x6E02      	MOVWF       R2 
0x3B0C	0x6E03      	MOVWF       R3 
0x3B0E	0x3600      	RLCF        R0, 1 
0x3B10	0x9000      	BCF         R0, 0 
0x3B12	0x3601      	RLCF        R1, 1 
0x3B14	0x3602      	RLCF        R2, 1 
0x3B16	0x3603      	RLCF        R3, 1 
0x3B18	0x3600      	RLCF        R0, 1 
0x3B1A	0x9000      	BCF         R0, 0 
0x3B1C	0x3601      	RLCF        R1, 1 
0x3B1E	0x3602      	RLCF        R2, 1 
0x3B20	0x3603      	RLCF        R3, 1 
0x3B22	0x0E20      	MOVLW       __Lib_Sprintf_dpowers
0x3B24	0x2400      	ADDWF       R0, 0 
0x3B26	0x6EF6      	MOVWF       TBLPTR 
0x3B28	0x0E42      	MOVLW       hi_addr(__Lib_Sprintf_dpowers)
0x3B2A	0x2001      	ADDWFC      R1, 0 
0x3B2C	0x6EF7      	MOVWF       TBLPTR+1 
0x3B2E	0x0E00      	MOVLW       higher_addr(__Lib_Sprintf_dpowers)
0x3B30	0x2002      	ADDWFC      R2, 0 
0x3B32	0x6EF8      	MOVWF       TBLPTR+2 
0x3B34	0x0009      	TBLRD*+
0x3B36	0xF004CFF5  	MOVFF       TABLAT, R4
0x3B3A	0x0009      	TBLRD*+
0x3B3C	0xF005CFF5  	MOVFF       TABLAT, R5
0x3B40	0x0009      	TBLRD*+
0x3B42	0xF006CFF5  	MOVFF       TABLAT, R6
0x3B46	0x0009      	TBLRD*+
0x3B48	0xF007CFF5  	MOVFF       TABLAT, R7
0x3B4C	0xF000C0FE  	MOVFF       _doprntf__val_L0, R0
0x3B50	0xF001C0FF  	MOVFF       _doprntf__val_L0+1, R1
0x3B54	0xF002C100  	MOVFF       _doprntf__val_L0+2, R2
0x3B58	0xF003C101  	MOVFF       _doprntf__val_L0+3, R3
0x3B5C	0xF004ECEF  	CALL        _Div_32x32_U, 0
0x3B60	0x0E0A      	MOVLW       10
0x3B62	0x6E04      	MOVWF       R4 
0x3B64	0x0E00      	MOVLW       0
0x3B66	0x6E05      	MOVWF       R5 
0x3B68	0x6E06      	MOVWF       R6 
0x3B6A	0x6E07      	MOVWF       R7 
0x3B6C	0xF004ECEF  	CALL        _Div_32x32_U, 0
0x3B70	0xF000C008  	MOVFF       R8, R0
0x3B74	0xF001C009  	MOVFF       R9, R1
0x3B78	0xF002C00A  	MOVFF       R10, R2
0x3B7C	0xF003C00B  	MOVFF       R11, R3
0x3B80	0x0E30      	MOVLW       48
0x3B82	0x2400      	ADDWF       R0, 0 
0x3B84	0x6FF3      	MOVWF       _doprntf_c_L0, 1
;__Lib_Sprintf.c,703 :: 		
0x3B86	0xD0D6      	BRA         L__doprntf285
;__Lib_Sprintf.c,705 :: 		
L__doprntf288:
0x3B88	0x0100      	MOVLB       0
;__Lib_Sprintf.c,706 :: 		
0x3B8A	0xABF6      	BTFSS       _doprntf_flag_L0, 5, 1
0x3B8C	0xD045      	BRA         L__doprntf289
;__Lib_Sprintf.c,707 :: 		
0x3B8E	0xF000C0F1  	MOVFF       _doprntf_prec_L0, R0
0x3B92	0xF001C0F2  	MOVFF       _doprntf_prec_L0+1, R1
0x3B96	0x0E00      	MOVLW       0
0x3B98	0xBFF2      	BTFSC       _doprntf_prec_L0+1, 7, 1
0x3B9A	0x0EFF      	MOVLW       255
0x3B9C	0x6E02      	MOVWF       R2 
0x3B9E	0x6E03      	MOVWF       R3 
0x3BA0	0x3600      	RLCF        R0, 1 
0x3BA2	0x9000      	BCF         R0, 0 
0x3BA4	0x3601      	RLCF        R1, 1 
0x3BA6	0x3602      	RLCF        R2, 1 
0x3BA8	0x3603      	RLCF        R3, 1 
0x3BAA	0x3600      	RLCF        R0, 1 
0x3BAC	0x9000      	BCF         R0, 0 
0x3BAE	0x3601      	RLCF        R1, 1 
0x3BB0	0x3602      	RLCF        R2, 1 
0x3BB2	0x3603      	RLCF        R3, 1 
0x3BB4	0x0E48      	MOVLW       __Lib_Sprintf_hexpowers
0x3BB6	0x2400      	ADDWF       R0, 0 
0x3BB8	0x6EF6      	MOVWF       TBLPTR 
0x3BBA	0x0E42      	MOVLW       hi_addr(__Lib_Sprintf_hexpowers)
0x3BBC	0x2001      	ADDWFC      R1, 0 
0x3BBE	0x6EF7      	MOVWF       TBLPTR+1 
0x3BC0	0x0E00      	MOVLW       higher_addr(__Lib_Sprintf_hexpowers)
0x3BC2	0x2002      	ADDWFC      R2, 0 
0x3BC4	0x6EF8      	MOVWF       TBLPTR+2 
0x3BC6	0x0009      	TBLRD*+
0x3BC8	0xF004CFF5  	MOVFF       TABLAT, R4
0x3BCC	0x0009      	TBLRD*+
0x3BCE	0xF005CFF5  	MOVFF       TABLAT, R5
0x3BD2	0x0009      	TBLRD*+
0x3BD4	0xF006CFF5  	MOVFF       TABLAT, R6
0x3BD8	0x0009      	TBLRD*+
0x3BDA	0xF007CFF5  	MOVFF       TABLAT, R7
0x3BDE	0xF000C0FE  	MOVFF       _doprntf__val_L0, R0
0x3BE2	0xF001C0FF  	MOVFF       _doprntf__val_L0+1, R1
0x3BE6	0xF002C100  	MOVFF       _doprntf__val_L0+2, R2
0x3BEA	0xF003C101  	MOVFF       _doprntf__val_L0+3, R3
0x3BEE	0xF004ECEF  	CALL        _Div_32x32_U, 0
0x3BF2	0x0E0F      	MOVLW       15
0x3BF4	0x1600      	ANDWF       R0, 1 
0x3BF6	0x0E00      	MOVLW       0
0x3BF8	0x1601      	ANDWF       R1, 1 
0x3BFA	0x1602      	ANDWF       R2, 1 
0x3BFC	0x1603      	ANDWF       R3, 1 
0x3BFE	0x0E79      	MOVLW       __Lib_Sprintf_hexb
0x3C00	0x2400      	ADDWF       R0, 0 
0x3C02	0x6EF6      	MOVWF       TBLPTR 
0x3C04	0x0E42      	MOVLW       hi_addr(__Lib_Sprintf_hexb)
0x3C06	0x2001      	ADDWFC      R1, 0 
0x3C08	0x6EF7      	MOVWF       TBLPTR+1 
0x3C0A	0x0E00      	MOVLW       higher_addr(__Lib_Sprintf_hexb)
0x3C0C	0x2002      	ADDWFC      R2, 0 
0x3C0E	0x6EF8      	MOVWF       TBLPTR+2 
0x3C10	0x0009      	TBLRD*+
0x3C12	0xF0F3CFF5  	MOVFF       TABLAT, _doprntf_c_L0
0x3C16	0xD044      	BRA         L__doprntf290
L__doprntf289:
;__Lib_Sprintf.c,709 :: 		
0x3C18	0xF000C0F1  	MOVFF       _doprntf_prec_L0, R0
0x3C1C	0xF001C0F2  	MOVFF       _doprntf_prec_L0+1, R1
0x3C20	0x0E00      	MOVLW       0
0x3C22	0xBFF2      	BTFSC       _doprntf_prec_L0+1, 7, 1
0x3C24	0x0EFF      	MOVLW       255
0x3C26	0x6E02      	MOVWF       R2 
0x3C28	0x6E03      	MOVWF       R3 
0x3C2A	0x3600      	RLCF        R0, 1 
0x3C2C	0x9000      	BCF         R0, 0 
0x3C2E	0x3601      	RLCF        R1, 1 
0x3C30	0x3602      	RLCF        R2, 1 
0x3C32	0x3603      	RLCF        R3, 1 
0x3C34	0x3600      	RLCF        R0, 1 
0x3C36	0x9000      	BCF         R0, 0 
0x3C38	0x3601      	RLCF        R1, 1 
0x3C3A	0x3602      	RLCF        R2, 1 
0x3C3C	0x3603      	RLCF        R3, 1 
0x3C3E	0x0E48      	MOVLW       __Lib_Sprintf_hexpowers
0x3C40	0x2400      	ADDWF       R0, 0 
0x3C42	0x6EF6      	MOVWF       TBLPTR 
0x3C44	0x0E42      	MOVLW       hi_addr(__Lib_Sprintf_hexpowers)
0x3C46	0x2001      	ADDWFC      R1, 0 
0x3C48	0x6EF7      	MOVWF       TBLPTR+1 
0x3C4A	0x0E00      	MOVLW       higher_addr(__Lib_Sprintf_hexpowers)
0x3C4C	0x2002      	ADDWFC      R2, 0 
0x3C4E	0x6EF8      	MOVWF       TBLPTR+2 
0x3C50	0x0009      	TBLRD*+
0x3C52	0xF004CFF5  	MOVFF       TABLAT, R4
0x3C56	0x0009      	TBLRD*+
0x3C58	0xF005CFF5  	MOVFF       TABLAT, R5
0x3C5C	0x0009      	TBLRD*+
0x3C5E	0xF006CFF5  	MOVFF       TABLAT, R6
0x3C62	0x0009      	TBLRD*+
0x3C64	0xF007CFF5  	MOVFF       TABLAT, R7
0x3C68	0xF000C0FE  	MOVFF       _doprntf__val_L0, R0
0x3C6C	0xF001C0FF  	MOVFF       _doprntf__val_L0+1, R1
0x3C70	0xF002C100  	MOVFF       _doprntf__val_L0+2, R2
0x3C74	0xF003C101  	MOVFF       _doprntf__val_L0+3, R3
0x3C78	0xF004ECEF  	CALL        _Div_32x32_U, 0
0x3C7C	0x0E0F      	MOVLW       15
0x3C7E	0x1600      	ANDWF       R0, 1 
0x3C80	0x0E00      	MOVLW       0
0x3C82	0x1601      	ANDWF       R1, 1 
0x3C84	0x1602      	ANDWF       R2, 1 
0x3C86	0x1603      	ANDWF       R3, 1 
0x3C88	0x0E68      	MOVLW       __Lib_Sprintf_hexs
0x3C8A	0x2400      	ADDWF       R0, 0 
0x3C8C	0x6EF6      	MOVWF       TBLPTR 
0x3C8E	0x0E42      	MOVLW       hi_addr(__Lib_Sprintf_hexs)
0x3C90	0x2001      	ADDWFC      R1, 0 
0x3C92	0x6EF7      	MOVWF       TBLPTR+1 
0x3C94	0x0E00      	MOVLW       higher_addr(__Lib_Sprintf_hexs)
0x3C96	0x2002      	ADDWFC      R2, 0 
0x3C98	0x6EF8      	MOVWF       TBLPTR+2 
0x3C9A	0x0009      	TBLRD*+
0x3C9C	0xF0F3CFF5  	MOVFF       TABLAT, _doprntf_c_L0
L__doprntf290:
;__Lib_Sprintf.c,710 :: 		
0x3CA0	0xD049      	BRA         L__doprntf285
;__Lib_Sprintf.c,712 :: 		
L__doprntf291:
0x3CA2	0x0100      	MOVLB       0
;__Lib_Sprintf.c,713 :: 		
0x3CA4	0xF000C0F1  	MOVFF       _doprntf_prec_L0, R0
0x3CA8	0xF001C0F2  	MOVFF       _doprntf_prec_L0+1, R1
0x3CAC	0x0E00      	MOVLW       0
0x3CAE	0xBFF2      	BTFSC       _doprntf_prec_L0+1, 7, 1
0x3CB0	0x0EFF      	MOVLW       255
0x3CB2	0x6E02      	MOVWF       R2 
0x3CB4	0x6E03      	MOVWF       R3 
0x3CB6	0x3600      	RLCF        R0, 1 
0x3CB8	0x9000      	BCF         R0, 0 
0x3CBA	0x3601      	RLCF        R1, 1 
0x3CBC	0x3602      	RLCF        R2, 1 
0x3CBE	0x3603      	RLCF        R3, 1 
0x3CC0	0x3600      	RLCF        R0, 1 
0x3CC2	0x9000      	BCF         R0, 0 
0x3CC4	0x3601      	RLCF        R1, 1 
0x3CC6	0x3602      	RLCF        R2, 1 
0x3CC8	0x3603      	RLCF        R3, 1 
0x3CCA	0x0EF0      	MOVLW       __Lib_Sprintf_octpowers
0x3CCC	0x2400      	ADDWF       R0, 0 
0x3CCE	0x6EF6      	MOVWF       TBLPTR 
0x3CD0	0x0E41      	MOVLW       hi_addr(__Lib_Sprintf_octpowers)
0x3CD2	0x2001      	ADDWFC      R1, 0 
0x3CD4	0x6EF7      	MOVWF       TBLPTR+1 
0x3CD6	0x0E00      	MOVLW       higher_addr(__Lib_Sprintf_octpowers)
0x3CD8	0x2002      	ADDWFC      R2, 0 
0x3CDA	0x6EF8      	MOVWF       TBLPTR+2 
0x3CDC	0x0009      	TBLRD*+
0x3CDE	0xF004CFF5  	MOVFF       TABLAT, R4
0x3CE2	0x0009      	TBLRD*+
0x3CE4	0xF005CFF5  	MOVFF       TABLAT, R5
0x3CE8	0x0009      	TBLRD*+
0x3CEA	0xF006CFF5  	MOVFF       TABLAT, R6
0x3CEE	0x0009      	TBLRD*+
0x3CF0	0xF007CFF5  	MOVFF       TABLAT, R7
0x3CF4	0xF000C0FE  	MOVFF       _doprntf__val_L0, R0
0x3CF8	0xF001C0FF  	MOVFF       _doprntf__val_L0+1, R1
0x3CFC	0xF002C100  	MOVFF       _doprntf__val_L0+2, R2
0x3D00	0xF003C101  	MOVFF       _doprntf__val_L0+3, R3
0x3D04	0xF004ECEF  	CALL        _Div_32x32_U, 0
0x3D08	0x0E07      	MOVLW       7
0x3D0A	0x1400      	ANDWF       R0, 0 
0x3D0C	0x6FF3      	MOVWF       _doprntf_c_L0, 1
0x3D0E	0x0E30      	MOVLW       48
0x3D10	0x27F3      	ADDWF       _doprntf_c_L0, 1, 1
;__Lib_Sprintf.c,714 :: 		
0x3D12	0xD010      	BRA         L__doprntf285
;__Lib_Sprintf.c,715 :: 		
L__doprntf284:
0x3D14	0x0101      	MOVLB       1
0x3D16	0x5104      	MOVF        FLOC___doprntf, 0, 1
0x3D18	0x0A00      	XORLW       0
0x3D1A	0xB4D8      	BTFSC       STATUS, 2 
0x3D1C	0xD6EE      	BRA         L__doprntf286
0x3D1E	0x5104      	MOVF        FLOC___doprntf, 0, 1
0x3D20	0x0AC0      	XORLW       192
0x3D22	0xB4D8      	BTFSC       STATUS, 2 
0x3D24	0xD6EA      	BRA         L__doprntf287
0x3D26	0x5104      	MOVF        FLOC___doprntf, 0, 1
0x3D28	0x0A80      	XORLW       128
0x3D2A	0xB4D8      	BTFSC       STATUS, 2 
0x3D2C	0xD72D      	BRA         L__doprntf288
0x3D2E	0x5104      	MOVF        FLOC___doprntf, 0, 1
0x3D30	0x0A40      	XORLW       64
0x3D32	0xE0B7      	BZ          L__doprntf291
L__doprntf285:
;__Lib_Sprintf.c,716 :: 		
0x3D34	0xFFE1C0E2  	MOVFF       FARG__doprntf_pb, FSR1L
0x3D38	0xFFE2C0E3  	MOVFF       FARG__doprntf_pb+1, FSR1H
0x3D3C	0xFFE6C0F3  	MOVFF       _doprntf_c_L0, POSTINC1
0x3D40	0x0100      	MOVLB       0
0x3D42	0x4BE2      	INFSNZ      FARG__doprntf_pb, 1, 1
0x3D44	0x2BE3      	INCF        FARG__doprntf_pb+1, 1, 1
0x3D46	0x0101      	MOVLB       1
0x3D48	0x4B02      	INFSNZ      _doprntf_ccnt_L0, 1, 1
0x3D4A	0x2B03      	INCF        _doprntf_ccnt_L0+1, 1, 1
;__Lib_Sprintf.c,717 :: 		
0x3D4C	0xD6C3      	BRA         L__doprntf282
L__doprntf283:
;__Lib_Sprintf.c,718 :: 		
0x3D4E	0x0100      	MOVLB       0
0x3D50	0xA7F6      	BTFSS       _doprntf_flag_L0, 3, 1
0x3D52	0xD01C      	BRA         L__doprntf294
0x3D54	0x0E80      	MOVLW       128
0x3D56	0x6E00      	MOVWF       R0 
0x3D58	0x0E80      	MOVLW       128
0x3D5A	0x19F5      	XORWF       _doprntf_width_L0+1, 0, 1
0x3D5C	0x5C00      	SUBWF       R0, 0 
0x3D5E	0xE102      	BNZ         L___doprntf366
0x3D60	0x51F4      	MOVF        _doprntf_width_L0, 0, 1
0x3D62	0x0800      	SUBLW       0
L___doprntf366:
0x3D64	0xE213      	BC          L__doprntf294
L___doprntf298:
;__Lib_Sprintf.c,719 :: 		
L__doprntf295:
;__Lib_Sprintf.c,720 :: 		
0x3D66	0xFFE1C0E2  	MOVFF       FARG__doprntf_pb, FSR1L
0x3D6A	0xFFE2C0E3  	MOVFF       FARG__doprntf_pb+1, FSR1H
0x3D6E	0x0E20      	MOVLW       32
0x3D70	0x6EE6      	MOVWF       POSTINC1 
0x3D72	0x4BE2      	INFSNZ      FARG__doprntf_pb, 1, 1
0x3D74	0x2BE3      	INCF        FARG__doprntf_pb+1, 1, 1
0x3D76	0x0101      	MOVLB       1
0x3D78	0x4B02      	INFSNZ      _doprntf_ccnt_L0, 1, 1
0x3D7A	0x2B03      	INCF        _doprntf_ccnt_L0+1, 1, 1
;__Lib_Sprintf.c,721 :: 		
0x3D7C	0x0E01      	MOVLW       1
0x3D7E	0x0100      	MOVLB       0
0x3D80	0x5FF4      	SUBWF       _doprntf_width_L0, 1, 1
0x3D82	0x0E00      	MOVLW       0
0x3D84	0x5BF5      	SUBWFB      _doprntf_width_L0+1, 1, 1
0x3D86	0x51F4      	MOVF        _doprntf_width_L0, 0, 1
0x3D88	0x11F5      	IORWF       _doprntf_width_L0+1, 0, 1
0x3D8A	0xE1ED      	BNZ         L__doprntf295
L__doprntf294:
;__Lib_Sprintf.c,722 :: 		
0x3D8C	0xF00EEF10  	GOTO        L__doprntf10
L__doprntf11:
;__Lib_Sprintf.c,723 :: 		
0x3D90	0xF000C102  	MOVFF       _doprntf_ccnt_L0, R0
0x3D94	0xF001C103  	MOVFF       _doprntf_ccnt_L0+1, R1
;__Lib_Sprintf.c,725 :: 		
L_end__doprntf:
0x3D98	0x0012      	RETURN      0
; end of __doprntf
_UART_Read:
;__Lib_UART_c67.c,134 :: 		
;__Lib_UART_c67.c,135 :: 		
0x3D9A	0xF000C0CB  	MOVFF       _UART_Rd_Ptr, R0
0x3D9E	0xF001C0CC  	MOVFF       _UART_Rd_Ptr+1, R1
0x3DA2	0xF00BECFF  	CALL        _____DoIFC, 0
;__Lib_UART_c67.c,136 :: 		
L_end_UART_Read:
0x3DA6	0x0012      	RETURN      0
; end of _UART_Read
_sprintf:
;__Lib_Sprintf.c,728 :: 		
;__Lib_Sprintf.c,733 :: 		
0x3DA8	0x0EDC      	MOVLW       FARG_sprintf_f+3
0x3DAA	0x0100      	MOVLB       0
0x3DAC	0x6FE0      	MOVWF       sprintf_ap_L0, 1
0x3DAE	0x0E00      	MOVLW       hi_addr(FARG_sprintf_f+3)
0x3DB0	0x6FE1      	MOVWF       sprintf_ap_L0+1, 1
;__Lib_Sprintf.c,734 :: 		
0x3DB2	0xF0E2C0D7  	MOVFF       FARG_sprintf_wh, FARG__doprntf_pb
0x3DB6	0xF0E3C0D8  	MOVFF       FARG_sprintf_wh+1, FARG__doprntf_pb+1
0x3DBA	0xF0E4C0D9  	MOVFF       FARG_sprintf_f, FARG__doprntf_f
0x3DBE	0xF0E5C0DA  	MOVFF       FARG_sprintf_f+1, FARG__doprntf_f+1
0x3DC2	0xF0E6C0DB  	MOVFF       FARG_sprintf_f+2, FARG__doprntf_f+2
0x3DC6	0x0EE0      	MOVLW       sprintf_ap_L0
0x3DC8	0x6FE7      	MOVWF       FARG__doprntf_ap, 1
0x3DCA	0x0E00      	MOVLW       hi_addr(sprintf_ap_L0)
0x3DCC	0x6FE8      	MOVWF       FARG__doprntf_ap+1, 1
0x3DCE	0xF00EEC0A  	CALL        __doprntf, 0
0x3DD2	0xF0DEC000  	MOVFF       R0, sprintf_cnt_L0
0x3DD6	0xF0DFC001  	MOVFF       R1, sprintf_cnt_L0+1
;__Lib_Sprintf.c,735 :: 		
0x3DDA	0x5000      	MOVF        R0, 0 
0x3DDC	0x25D7      	ADDWF       FARG_sprintf_wh, 0, 1
0x3DDE	0x6EE1      	MOVWF       FSR1L 
0x3DE0	0x5001      	MOVF        R1, 0 
0x3DE2	0x21D8      	ADDWFC      FARG_sprintf_wh+1, 0, 1
0x3DE4	0x6EE2      	MOVWF       FSR1L+1 
0x3DE6	0x6AE6      	CLRF        POSTINC1 
;__Lib_Sprintf.c,736 :: 		
0x3DE8	0xF000C0DE  	MOVFF       sprintf_cnt_L0, R0
0x3DEC	0xF001C0DF  	MOVFF       sprintf_cnt_L0+1, R1
;__Lib_Sprintf.c,737 :: 		
L_end_sprintf:
0x3DF0	0x0012      	RETURN      0
; end of _sprintf
_strcpy:
;__Lib_CString.c,126 :: 		
;__Lib_CString.c,129 :: 		
0x3DF2	0xF004C0D7  	MOVFF       FARG_strcpy_to, R4
0x3DF6	0xF005C0D8  	MOVFF       FARG_strcpy_to+1, R5
;__Lib_CString.c,130 :: 		
L_strcpy34:
0x3DFA	0xF002C004  	MOVFF       R4, R2
0x3DFE	0xF003C005  	MOVFF       R5, R3
0x3E02	0x4A04      	INFSNZ      R4, 1 
0x3E04	0x2A05      	INCF        R5, 1 
0x3E06	0xF000C0D9  	MOVFF       FARG_strcpy_from, R0
0x3E0A	0xF001C0DA  	MOVFF       FARG_strcpy_from+1, R1
0x3E0E	0x0100      	MOVLB       0
0x3E10	0x4BD9      	INFSNZ      FARG_strcpy_from, 1, 1
0x3E12	0x2BDA      	INCF        FARG_strcpy_from+1, 1, 1
0x3E14	0xFFE9C000  	MOVFF       R0, FSR0L
0x3E18	0xFFEAC001  	MOVFF       R1, FSR0H
0x3E1C	0xFFE1C002  	MOVFF       R2, FSR1L
0x3E20	0xFFE2C003  	MOVFF       R3, FSR1H
0x3E24	0xFFE6CFEE  	MOVFF       POSTINC0, POSTINC1
0x3E28	0xFFE9C002  	MOVFF       R2, FSR0L
0x3E2C	0xFFEAC003  	MOVFF       R3, FSR0H
0x3E30	0x52EE      	MOVF        POSTINC0, 1 
0x3E32	0xE001      	BZ          L_strcpy35
;__Lib_CString.c,131 :: 		
0x3E34	0xD7E2      	BRA         L_strcpy34
L_strcpy35:
;__Lib_CString.c,132 :: 		
0x3E36	0xF000C0D7  	MOVFF       FARG_strcpy_to, R0
0x3E3A	0xF001C0D8  	MOVFF       FARG_strcpy_to+1, R1
;__Lib_CString.c,133 :: 		
L_end_strcpy:
0x3E3E	0x0012      	RETURN      0
; end of _strcpy
___CC2DW:
;__Lib_System.c,21 :: 		
;__Lib_System.c,23 :: 		
_CC2DL_Loop1:
;__Lib_System.c,24 :: 		
0x3E40	0x0009      	TBLRD*+
;__Lib_System.c,25 :: 		
0x3E42	0xFFE6CFF5  	MOVFF       TABLAT, POSTINC1
;__Lib_System.c,26 :: 		
0x3E46	0x0600      	DECF        R0, 1, 0
;__Lib_System.c,27 :: 		
0x3E48	0xE1FB      	BNZ         _CC2DL_Loop1
;__Lib_System.c,28 :: 		
0x3E4A	0x0601      	DECF        R1, 1, 0
;__Lib_System.c,29 :: 		
0x3E4C	0xE1F9      	BNZ         _CC2DL_Loop1
;__Lib_System.c,31 :: 		
L_end___CC2DW:
0x3E4E	0x0012      	RETURN      0
; end of ___CC2DW
_ioInit:
;LAB1.c,80 :: 		void ioInit(){
;LAB1.c,82 :: 		ADCON1 = 0x0F;
0x3E50	0x0E0F      	MOVLW       15
0x3E52	0x6EC1      	MOVWF       ADCON1 
;LAB1.c,83 :: 		CMCON = 0x07;
0x3E54	0x0E07      	MOVLW       7
0x3E56	0x6EB4      	MOVWF       CMCON 
;LAB1.c,86 :: 		TRISB.TRISB0 = 1;
0x3E58	0x8093      	BSF         TRISB, 0 
;LAB1.c,87 :: 		TRISB.TRISB1 = 1;
0x3E5A	0x8293      	BSF         TRISB, 1 
;LAB1.c,88 :: 		TRISB.TRISB2 = 1;
0x3E5C	0x8493      	BSF         TRISB, 2 
;LAB1.c,89 :: 		INTCON2.RBPU = 0x07;
0x3E5E	0x8EF1      	BSF         INTCON2, 7 
;LAB1.c,93 :: 		PORTE.RE0 = 0;
0x3E60	0x9084      	BCF         PORTE, 0 
;LAB1.c,94 :: 		PORTE.RE1 = 0;
0x3E62	0x9284      	BCF         PORTE, 1 
;LAB1.c,95 :: 		TRISE.TRISE0 = 0;
0x3E64	0x9096      	BCF         TRISE, 0 
;LAB1.c,96 :: 		TRISE.TRISE1 = 0;
0x3E66	0x9296      	BCF         TRISE, 1 
;LAB1.c,97 :: 		LATE = 0;
0x3E68	0x6A8D      	CLRF        LATE 
;LAB1.c,100 :: 		INTCON.INT0IE = 1; // SW0
0x3E6A	0x88F2      	BSF         INTCON, 4 
;LAB1.c,101 :: 		INTCON.INT0IF = 0;
0x3E6C	0x92F2      	BCF         INTCON, 1 
;LAB1.c,102 :: 		INTCON2.INTEDG0 = 1;
0x3E6E	0x8CF1      	BSF         INTCON2, 6 
;LAB1.c,104 :: 		INTCON3.INT1IE = 1;  // SW1
0x3E70	0x86F0      	BSF         INTCON3, 3 
;LAB1.c,105 :: 		INTCON3.INT1IF = 0;
0x3E72	0x90F0      	BCF         INTCON3, 0 
;LAB1.c,106 :: 		INTCON2.INTEDG1 = 1;
0x3E74	0x8AF1      	BSF         INTCON2, 5 
;LAB1.c,108 :: 		INTCON2.INTEDG2 = 1; // ngat canh len
0x3E76	0x88F1      	BSF         INTCON2, 4 
;LAB1.c,109 :: 		INTCON3.INT2IF = 0;  // clear flag
0x3E78	0x92F0      	BCF         INTCON3, 1 
;LAB1.c,110 :: 		INTCON3.INT2IE = 1;  // enable INT2
0x3E7A	0x88F0      	BSF         INTCON3, 4 
;LAB1.c,112 :: 		PIE1.RCIE = 1;
0x3E7C	0x8A9D      	BSF         PIE1, 5 
;LAB1.c,113 :: 		PIE1.TXIE = 0;     // UART
0x3E7E	0x989D      	BCF         PIE1, 4 
;LAB1.c,114 :: 		INTCON.PEIE = 1;
0x3E80	0x8CF2      	BSF         INTCON, 6 
;LAB1.c,115 :: 		INTCON.GIE = 1;
0x3E82	0x8EF2      	BSF         INTCON, 7 
;LAB1.c,116 :: 		}
L_end_ioInit:
0x3E84	0x0012      	RETURN      0
; end of _ioInit
_UART1_Init:
;__Lib_UART_c67.c,15 :: 		
;__Lib_UART_c67.c,18 :: 		
0x3E86	0x0EAC      	MOVLW       _UART1_Write
0x3E88	0x0100      	MOVLB       0
0x3E8A	0x6FCF      	MOVWF       _UART_Wr_Ptr, 1
0x3E8C	0x0E09      	MOVLW       hi_addr(_UART1_Write)
0x3E8E	0x6FD0      	MOVWF       _UART_Wr_Ptr+1, 1
0x3E90	0x0E0F      	MOVLW       FARG_UART1_Write_data_
0x3E92	0x6FD1      	MOVWF       _UART_Wr_Ptr+2, 1
0x3E94	0x0E01      	MOVLW       hi_addr(FARG_UART1_Write_data_)
0x3E96	0x6FD2      	MOVWF       _UART_Wr_Ptr+3, 1
;__Lib_UART_c67.c,19 :: 		
0x3E98	0x0EA4      	MOVLW       _UART1_Read
0x3E9A	0x6FCB      	MOVWF       _UART_Rd_Ptr, 1
0x3E9C	0x0E10      	MOVLW       hi_addr(_UART1_Read)
0x3E9E	0x6FCC      	MOVWF       _UART_Rd_Ptr+1, 1
0x3EA0	0x0E00      	MOVLW       0
0x3EA2	0x6FCD      	MOVWF       _UART_Rd_Ptr+2, 1
0x3EA4	0x0E00      	MOVLW       0
0x3EA6	0x6FCE      	MOVWF       _UART_Rd_Ptr+3, 1
;__Lib_UART_c67.c,20 :: 		
0x3EA8	0x0E9A      	MOVLW       _UART1_Data_Ready
0x3EAA	0x6FC7      	MOVWF       _UART_Rdy_Ptr, 1
0x3EAC	0x0E10      	MOVLW       hi_addr(_UART1_Data_Ready)
0x3EAE	0x6FC8      	MOVWF       _UART_Rdy_Ptr+1, 1
0x3EB0	0x0E00      	MOVLW       0
0x3EB2	0x6FC9      	MOVWF       _UART_Rdy_Ptr+2, 1
0x3EB4	0x0E00      	MOVLW       0
0x3EB6	0x6FCA      	MOVWF       _UART_Rdy_Ptr+3, 1
;__Lib_UART_c67.c,21 :: 		
0x3EB8	0x0EB6      	MOVLW       _UART1_Tx_Idle
0x3EBA	0x6FD3      	MOVWF       _UART_Tx_Idle_Ptr, 1
0x3EBC	0x0E10      	MOVLW       hi_addr(_UART1_Tx_Idle)
0x3EBE	0x6FD4      	MOVWF       _UART_Tx_Idle_Ptr+1, 1
0x3EC0	0x0E00      	MOVLW       0
0x3EC2	0x6FD5      	MOVWF       _UART_Tx_Idle_Ptr+2, 1
0x3EC4	0x0E00      	MOVLW       0
0x3EC6	0x6FD6      	MOVWF       _UART_Tx_Idle_Ptr+3, 1
;__Lib_UART_c67.c,23 :: 		
0x3EC8	0x8AAC      	BSF         TXSTA, 5 
;__Lib_UART_c67.c,24 :: 		
0x3ECA	0x0E90      	MOVLW       144
0x3ECC	0x6EAB      	MOVWF       RCSTA 
;__Lib_UART_c67.c,25 :: 		
0x3ECE	0x8E94      	BSF         TRISC7_bit, BitPos(TRISC7_bit+0) 
;__Lib_UART_c67.c,26 :: 		
0x3ED0	0x9C94      	BCF         TRISC6_bit, BitPos(TRISC6_bit+0) 
;__Lib_UART_c67.c,28 :: 		
L_UART1_Init0:
0x3ED2	0xAA9E      	BTFSS       PIR1, 5 
0x3ED4	0xD003      	BRA         L_UART1_Init1
;__Lib_UART_c67.c,29 :: 		
0x3ED6	0xF000CFAE  	MOVFF       RCREG, R0
0x3EDA	0xD7FB      	BRA         L_UART1_Init0
L_UART1_Init1:
;__Lib_UART_c67.c,30 :: 		
L_end_UART1_Init:
0x3EDC	0x0012      	RETURN      0
; end of _UART1_Init
_UART_Write_Text:
;__Lib_UART_c67.c,123 :: 		
;__Lib_UART_c67.c,124 :: 		
0x3EDE	0x0100      	MOVLB       0
0x3EE0	0x6BDA      	CLRF        UART_Write_Text_counter_L0, 1
;__Lib_UART_c67.c,126 :: 		
0x3EE2	0xFFE9C0D7  	MOVFF       FARG_UART_Write_Text_uart_text, FSR0L
0x3EE6	0xFFEAC0D8  	MOVFF       FARG_UART_Write_Text_uart_text+1, FSR0H
0x3EEA	0xF0D9CFEE  	MOVFF       POSTINC0, UART_Write_Text_data__L0
;__Lib_UART_c67.c,127 :: 		
L_UART_Write_Text16:
0x3EEE	0x51D9      	MOVF        UART_Write_Text_data__L0, 0, 1
0x3EF0	0x0A00      	XORLW       0
0x3EF2	0xE00F      	BZ          L_UART_Write_Text17
;__Lib_UART_c67.c,128 :: 		
0x3EF4	0xF0E2C0D9  	MOVFF       UART_Write_Text_data__L0, FARG_UART_Write__data
0x3EF8	0xF00DECFE  	CALL        _UART_Write, 0
;__Lib_UART_c67.c,129 :: 		
0x3EFC	0x0100      	MOVLB       0
0x3EFE	0x2BDA      	INCF        UART_Write_Text_counter_L0, 1, 1
;__Lib_UART_c67.c,130 :: 		
0x3F00	0x51DA      	MOVF        UART_Write_Text_counter_L0, 0, 1
0x3F02	0x25D7      	ADDWF       FARG_UART_Write_Text_uart_text, 0, 1
0x3F04	0x6EE9      	MOVWF       FSR0L 
0x3F06	0x0E00      	MOVLW       0
0x3F08	0x21D8      	ADDWFC      FARG_UART_Write_Text_uart_text+1, 0, 1
0x3F0A	0x6EEA      	MOVWF       FSR0L+1 
0x3F0C	0xF0D9CFEE  	MOVFF       POSTINC0, UART_Write_Text_data__L0
;__Lib_UART_c67.c,131 :: 		
0x3F10	0xD7EE      	BRA         L_UART_Write_Text16
L_UART_Write_Text17:
;__Lib_UART_c67.c,132 :: 		
L_end_UART_Write_Text:
0x3F12	0x0012      	RETURN      0
; end of _UART_Write_Text
_strcmp:
;__Lib_CString.c,115 :: 		
;__Lib_CString.c,117 :: 		
L_strcmp30:
0x3F14	0xFFE9C0D7  	MOVFF       FARG_strcmp_s1, FSR0L
0x3F18	0xFFEAC0D8  	MOVFF       FARG_strcmp_s1+1, FSR0H
0x3F1C	0x52EE      	MOVF        POSTINC0, 1 
0x3F1E	0xE011      	BZ          L_strcmp31
0x3F20	0xFFE9C0D7  	MOVFF       FARG_strcmp_s1, FSR0L
0x3F24	0xFFEAC0D8  	MOVFF       FARG_strcmp_s1+1, FSR0H
0x3F28	0xFFD9C0D9  	MOVFF       FARG_strcmp_s2, FSR2L
0x3F2C	0xFFDAC0DA  	MOVFF       FARG_strcmp_s2+1, FSR2H
0x3F30	0x50EE      	MOVF        POSTINC0, 0 
0x3F32	0x18DE      	XORWF       POSTINC2, 0 
0x3F34	0xE106      	BNZ         L_strcmp31
L__strcmp112:
;__Lib_CString.c,118 :: 		
0x3F36	0x0100      	MOVLB       0
0x3F38	0x4BD7      	INFSNZ      FARG_strcmp_s1, 1, 1
0x3F3A	0x2BD8      	INCF        FARG_strcmp_s1+1, 1, 1
0x3F3C	0x4BD9      	INFSNZ      FARG_strcmp_s2, 1, 1
0x3F3E	0x2BDA      	INCF        FARG_strcmp_s2+1, 1, 1
0x3F40	0xD7E9      	BRA         L_strcmp30
L_strcmp31:
;__Lib_CString.c,120 :: 		
0x3F42	0xFFE9C0D7  	MOVFF       FARG_strcmp_s1, FSR0L
0x3F46	0xFFEAC0D8  	MOVFF       FARG_strcmp_s1+1, FSR0H
0x3F4A	0xFFD9C0D9  	MOVFF       FARG_strcmp_s2, FSR2L
0x3F4E	0xFFDAC0DA  	MOVFF       FARG_strcmp_s2+1, FSR2H
0x3F52	0x50DE      	MOVF        POSTINC2, 0 
0x3F54	0x5CEE      	SUBWF       POSTINC0, 0 
0x3F56	0x6E00      	MOVWF       R0 
0x3F58	0x6A01      	CLRF        R1 
0x3F5A	0x0E00      	MOVLW       0
0x3F5C	0x5A01      	SUBWFB      R1, 1 
;__Lib_CString.c,121 :: 		
L_end_strcmp:
0x3F5E	0x0012      	RETURN      0
; end of _strcmp
_main:
0x3F60	0xF021EC48  	CALL        17040, 0
;LAB1.c,118 :: 		void main(){
;LAB1.c,119 :: 		ioInit();
0x3F64	0xDF75      	RCALL       _ioInit
;LAB1.c,120 :: 		UART1_Init(9600);
0x3F66	0x86B8      	BSF         BAUDCON, 3, 0
0x3F68	0x0E02      	MOVLW       2
0x3F6A	0x6EB0      	MOVWF       SPBRGH 
0x3F6C	0x0E08      	MOVLW       8
0x3F6E	0x6EAF      	MOVWF       SPBRG 
0x3F70	0x84AC      	BSF         TXSTA, 2, 0
0x3F72	0xDF89      	RCALL       _UART1_Init
;LAB1.c,121 :: 		delay_ms(100);
0x3F74	0x0E03      	MOVLW       3
0x3F76	0x6E0B      	MOVWF       R11, 0
0x3F78	0x0E8A      	MOVLW       138
0x3F7A	0x6E0C      	MOVWF       R12, 0
0x3F7C	0x0E55      	MOVLW       85
0x3F7E	0x6E0D      	MOVWF       R13, 0
L_main19:
0x3F80	0x2E0D      	DECFSZ      R13, 1, 0
0x3F82	0xD7FE      	BRA         L_main19
0x3F84	0x2E0C      	DECFSZ      R12, 1, 0
0x3F86	0xD7FC      	BRA         L_main19
0x3F88	0x2E0B      	DECFSZ      R11, 1, 0
0x3F8A	0xD7FA      	BRA         L_main19
0x3F8C	0x0000      	NOP
0x3F8E	0x0000      	NOP
;LAB1.c,122 :: 		while(1){
L_main20:
;LAB1.c,123 :: 		if(SW_RB0_Pressed){
0x3F90	0x525B      	MOVF        _SW_RB0_Pressed, 1 
0x3F92	0xE016      	BZ          L_main22
;LAB1.c,124 :: 		sprintf(transmitData, "@S%d&", countSW);
0x3F94	0x0EA0      	MOVLW       _transmitData
0x3F96	0x6FD7      	MOVWF       FARG_sprintf_wh, 1
0x3F98	0x0E00      	MOVLW       hi_addr(_transmitData)
0x3F9A	0x6FD8      	MOVWF       FARG_sprintf_wh+1, 1
0x3F9C	0x0E8A      	MOVLW       ?lstr_1_LAB1
0x3F9E	0x6FD9      	MOVWF       FARG_sprintf_f, 1
0x3FA0	0x0E42      	MOVLW       hi_addr(?lstr_1_LAB1)
0x3FA2	0x6FDA      	MOVWF       FARG_sprintf_f+1, 1
0x3FA4	0x0E00      	MOVLW       higher_addr(?lstr_1_LAB1)
0x3FA6	0x6FDB      	MOVWF       FARG_sprintf_f+2, 1
0x3FA8	0xF0DCC059  	MOVFF       _countSW, FARG_sprintf_wh+5
0x3FAC	0xF0DDC05A  	MOVFF       _countSW+1, FARG_sprintf_wh+6
0x3FB0	0xDEFB      	RCALL       _sprintf
;LAB1.c,125 :: 		UART_Write_Text(transmitData);
0x3FB2	0x0EA0      	MOVLW       _transmitData
0x3FB4	0x6FD7      	MOVWF       FARG_UART_Write_Text_uart_text, 1
0x3FB6	0x0E00      	MOVLW       hi_addr(_transmitData)
0x3FB8	0x6FD8      	MOVWF       FARG_UART_Write_Text_uart_text+1, 1
0x3FBA	0xDF91      	RCALL       _UART_Write_Text
;LAB1.c,126 :: 		SW_RB0_Pressed = 0;
0x3FBC	0x6A5B      	CLRF        _SW_RB0_Pressed 
;LAB1.c,127 :: 		}
0x3FBE	0xD084      	BRA         L_main23
L_main22:
;LAB1.c,129 :: 		else if(frameComplete){
0x3FC0	0x525C      	MOVF        _frameComplete, 1 
0x3FC2	0xB4D8      	BTFSC       STATUS, 2 
0x3FC4	0xD081      	BRA         L_main24
;LAB1.c,130 :: 		strcpy(frameLocal, receiveData);
0x3FC6	0x0EBA      	MOVLW       _frameLocal
0x3FC8	0x6FD7      	MOVWF       FARG_strcpy_to, 1
0x3FCA	0x0E00      	MOVLW       hi_addr(_frameLocal)
0x3FCC	0x6FD8      	MOVWF       FARG_strcpy_to+1, 1
0x3FCE	0x0EAD      	MOVLW       _receiveData
0x3FD0	0x6FD9      	MOVWF       FARG_strcpy_from, 1
0x3FD2	0x0E00      	MOVLW       hi_addr(_receiveData)
0x3FD4	0x6FDA      	MOVWF       FARG_strcpy_from+1, 1
0x3FD6	0xDF0D      	RCALL       _strcpy
;LAB1.c,131 :: 		if(strcmp("@le_on&", frameLocal) == 0){
0x3FD8	0x0E51      	MOVLW       ?lstr2_LAB1
0x3FDA	0x6FD7      	MOVWF       FARG_strcmp_s1, 1
0x3FDC	0x0E00      	MOVLW       hi_addr(?lstr2_LAB1)
0x3FDE	0x6FD8      	MOVWF       FARG_strcmp_s1+1, 1
0x3FE0	0x0EBA      	MOVLW       _frameLocal
0x3FE2	0x6FD9      	MOVWF       FARG_strcmp_s2, 1
0x3FE4	0x0E00      	MOVLW       hi_addr(_frameLocal)
0x3FE6	0x6FDA      	MOVWF       FARG_strcmp_s2+1, 1
0x3FE8	0xDF95      	RCALL       _strcmp
0x3FEA	0x0E00      	MOVLW       0
0x3FEC	0x1801      	XORWF       R1, 0 
0x3FEE	0xE102      	BNZ         L__main47
0x3FF0	0x0E00      	MOVLW       0
0x3FF2	0x1800      	XORWF       R0, 0 
L__main47:
0x3FF4	0xE108      	BNZ         L_main25
;LAB1.c,132 :: 		LATE.LATE1 = LED_ON;
0x3FF6	0x828D      	BSF         LATE, 1 
;LAB1.c,133 :: 		UART_Write_Text("@Lle_on&");
0x3FF8	0x0E2B      	MOVLW       ?lstr3_LAB1
0x3FFA	0x0100      	MOVLB       0
0x3FFC	0x6FD7      	MOVWF       FARG_UART_Write_Text_uart_text, 1
0x3FFE	0x0E00      	MOVLW       hi_addr(?lstr3_LAB1)
0x4000	0x6FD8      	MOVWF       FARG_UART_Write_Text_uart_text+1, 1
0x4002	0xDF6D      	RCALL       _UART_Write_Text
;LAB1.c,134 :: 		}
0x4004	0xD060      	BRA         L_main26
L_main25:
0x4006	0x0100      	MOVLB       0
;LAB1.c,135 :: 		else if(strcmp("@le_of&", frameLocal) == 0){
0x4008	0x0E23      	MOVLW       ?lstr4_LAB1
0x400A	0x6FD7      	MOVWF       FARG_strcmp_s1, 1
0x400C	0x0E00      	MOVLW       hi_addr(?lstr4_LAB1)
0x400E	0x6FD8      	MOVWF       FARG_strcmp_s1+1, 1
0x4010	0x0EBA      	MOVLW       _frameLocal
0x4012	0x6FD9      	MOVWF       FARG_strcmp_s2, 1
0x4014	0x0E00      	MOVLW       hi_addr(_frameLocal)
0x4016	0x6FDA      	MOVWF       FARG_strcmp_s2+1, 1
0x4018	0xDF7D      	RCALL       _strcmp
0x401A	0x0E00      	MOVLW       0
0x401C	0x1801      	XORWF       R1, 0 
0x401E	0xE102      	BNZ         L__main48
0x4020	0x0E00      	MOVLW       0
0x4022	0x1800      	XORWF       R0, 0 
L__main48:
0x4024	0xE108      	BNZ         L_main27
;LAB1.c,136 :: 		LATE.LATE1 = LED_OFF;
0x4026	0x928D      	BCF         LATE, 1 
;LAB1.c,137 :: 		UART_Write_Text("@Lle_of&");
0x4028	0x0E1A      	MOVLW       ?lstr5_LAB1
0x402A	0x0100      	MOVLB       0
0x402C	0x6FD7      	MOVWF       FARG_UART_Write_Text_uart_text, 1
0x402E	0x0E00      	MOVLW       hi_addr(?lstr5_LAB1)
0x4030	0x6FD8      	MOVWF       FARG_UART_Write_Text_uart_text+1, 1
0x4032	0xDF55      	RCALL       _UART_Write_Text
;LAB1.c,138 :: 		}
0x4034	0xD048      	BRA         L_main28
L_main27:
0x4036	0x0100      	MOVLB       0
;LAB1.c,139 :: 		else if(strcmp("@le+_on&", frameLocal) == 0){
0x4038	0x0E48      	MOVLW       ?lstr6_LAB1
0x403A	0x6FD7      	MOVWF       FARG_strcmp_s1, 1
0x403C	0x0E00      	MOVLW       hi_addr(?lstr6_LAB1)
0x403E	0x6FD8      	MOVWF       FARG_strcmp_s1+1, 1
0x4040	0x0EBA      	MOVLW       _frameLocal
0x4042	0x6FD9      	MOVWF       FARG_strcmp_s2, 1
0x4044	0x0E00      	MOVLW       hi_addr(_frameLocal)
0x4046	0x6FDA      	MOVWF       FARG_strcmp_s2+1, 1
0x4048	0xDF65      	RCALL       _strcmp
0x404A	0x0E00      	MOVLW       0
0x404C	0x1801      	XORWF       R1, 0 
0x404E	0xE102      	BNZ         L__main49
0x4050	0x0E00      	MOVLW       0
0x4052	0x1800      	XORWF       R0, 0 
L__main49:
0x4054	0xE111      	BNZ         L_main29
;LAB1.c,140 :: 		LATE.LATE0 = LED_ON;
0x4056	0x808D      	BSF         LATE, 0 
;LAB1.c,141 :: 		if(PORTB.RB2 == 1){
0x4058	0xA481      	BTFSS       PORTB, 2 
0x405A	0xD007      	BRA         L_main30
;LAB1.c,142 :: 		UART_Write_Text("@Lle+_of&");
0x405C	0x0E3E      	MOVLW       ?lstr7_LAB1
0x405E	0x0100      	MOVLB       0
0x4060	0x6FD7      	MOVWF       FARG_UART_Write_Text_uart_text, 1
0x4062	0x0E00      	MOVLW       hi_addr(?lstr7_LAB1)
0x4064	0x6FD8      	MOVWF       FARG_UART_Write_Text_uart_text+1, 1
0x4066	0xDF3B      	RCALL       _UART_Write_Text
;LAB1.c,143 :: 		}
0x4068	0xD006      	BRA         L_main31
L_main30:
0x406A	0x0100      	MOVLB       0
;LAB1.c,145 :: 		UART_Write_Text("@Lle+_on&");
0x406C	0x0E34      	MOVLW       ?lstr8_LAB1
0x406E	0x6FD7      	MOVWF       FARG_UART_Write_Text_uart_text, 1
0x4070	0x0E00      	MOVLW       hi_addr(?lstr8_LAB1)
0x4072	0x6FD8      	MOVWF       FARG_UART_Write_Text_uart_text+1, 1
0x4074	0xDF34      	RCALL       _UART_Write_Text
;LAB1.c,146 :: 		}
L_main31:
;LAB1.c,147 :: 		}
0x4076	0xD027      	BRA         L_main32
L_main29:
0x4078	0x0100      	MOVLB       0
;LAB1.c,148 :: 		else if(strcmp("@le+_of&", frameLocal) == 0){
0x407A	0x0E5D      	MOVLW       ?lstr9_LAB1
0x407C	0x6FD7      	MOVWF       FARG_strcmp_s1, 1
0x407E	0x0E00      	MOVLW       hi_addr(?lstr9_LAB1)
0x4080	0x6FD8      	MOVWF       FARG_strcmp_s1+1, 1
0x4082	0x0EBA      	MOVLW       _frameLocal
0x4084	0x6FD9      	MOVWF       FARG_strcmp_s2, 1
0x4086	0x0E00      	MOVLW       hi_addr(_frameLocal)
0x4088	0x6FDA      	MOVWF       FARG_strcmp_s2+1, 1
0x408A	0xDF44      	RCALL       _strcmp
0x408C	0x0E00      	MOVLW       0
0x408E	0x1801      	XORWF       R1, 0 
0x4090	0xE102      	BNZ         L__main50
0x4092	0x0E00      	MOVLW       0
0x4094	0x1800      	XORWF       R0, 0 
L__main50:
0x4096	0xE111      	BNZ         L_main33
;LAB1.c,149 :: 		LATE.LATE0 = LED_OFF;
0x4098	0x908D      	BCF         LATE, 0 
;LAB1.c,150 :: 		if(PORTB.RB2 == 1){
0x409A	0xA481      	BTFSS       PORTB, 2 
0x409C	0xD007      	BRA         L_main34
;LAB1.c,151 :: 		UART_Write_Text("@Lle+_of&");
0x409E	0x0E81      	MOVLW       ?lstr10_LAB1
0x40A0	0x0100      	MOVLB       0
0x40A2	0x6FD7      	MOVWF       FARG_UART_Write_Text_uart_text, 1
0x40A4	0x0E00      	MOVLW       hi_addr(?lstr10_LAB1)
0x40A6	0x6FD8      	MOVWF       FARG_UART_Write_Text_uart_text+1, 1
0x40A8	0xDF1A      	RCALL       _UART_Write_Text
;LAB1.c,152 :: 		}
0x40AA	0xD006      	BRA         L_main35
L_main34:
0x40AC	0x0100      	MOVLB       0
;LAB1.c,154 :: 		UART_Write_Text("@Lle+_on&");
0x40AE	0x0E77      	MOVLW       ?lstr11_LAB1
0x40B0	0x6FD7      	MOVWF       FARG_UART_Write_Text_uart_text, 1
0x40B2	0x0E00      	MOVLW       hi_addr(?lstr11_LAB1)
0x40B4	0x6FD8      	MOVWF       FARG_UART_Write_Text_uart_text+1, 1
0x40B6	0xDF13      	RCALL       _UART_Write_Text
;LAB1.c,155 :: 		}
L_main35:
;LAB1.c,156 :: 		}
0x40B8	0xD006      	BRA         L_main36
L_main33:
0x40BA	0x0100      	MOVLB       0
;LAB1.c,158 :: 		UART_Write_Text("@Error&");
0x40BC	0x0E6F      	MOVLW       ?lstr12_LAB1
0x40BE	0x6FD7      	MOVWF       FARG_UART_Write_Text_uart_text, 1
0x40C0	0x0E00      	MOVLW       hi_addr(?lstr12_LAB1)
0x40C2	0x6FD8      	MOVWF       FARG_UART_Write_Text_uart_text+1, 1
0x40C4	0xDF0C      	RCALL       _UART_Write_Text
;LAB1.c,159 :: 		}
L_main36:
L_main32:
L_main28:
L_main26:
;LAB1.c,160 :: 		frameComplete = 0;
0x40C6	0x6A5C      	CLRF        _frameComplete 
;LAB1.c,161 :: 		}
L_main24:
L_main23:
;LAB1.c,163 :: 		switch(LED_State){
0x40C8	0xD011      	BRA         L_main37
;LAB1.c,164 :: 		case ON:
L_main39:
;LAB1.c,165 :: 		UART_Write_Text("@Lle+_on&");
0x40CA	0x0E95      	MOVLW       ?lstr13_LAB1
0x40CC	0x6FD7      	MOVWF       FARG_UART_Write_Text_uart_text, 1
0x40CE	0x0E00      	MOVLW       hi_addr(?lstr13_LAB1)
0x40D0	0x6FD8      	MOVWF       FARG_UART_Write_Text_uart_text+1, 1
0x40D2	0xDF05      	RCALL       _UART_Write_Text
;LAB1.c,166 :: 		LED_State = NONE;
0x40D4	0x0E02      	MOVLW       2
0x40D6	0x6F9F      	MOVWF       _LED_State, 1
;LAB1.c,167 :: 		break;
0x40D8	0xD012      	BRA         L_main38
;LAB1.c,169 :: 		case OFF:
L_main40:
;LAB1.c,170 :: 		UART_Write_Text("@Lle+_of&");
0x40DA	0x0E8B      	MOVLW       ?lstr14_LAB1
0x40DC	0x6FD7      	MOVWF       FARG_UART_Write_Text_uart_text, 1
0x40DE	0x0E00      	MOVLW       hi_addr(?lstr14_LAB1)
0x40E0	0x6FD8      	MOVWF       FARG_UART_Write_Text_uart_text+1, 1
0x40E2	0xDEFD      	RCALL       _UART_Write_Text
;LAB1.c,171 :: 		LED_State = NONE;
0x40E4	0x0E02      	MOVLW       2
0x40E6	0x6F9F      	MOVWF       _LED_State, 1
;LAB1.c,172 :: 		break;
0x40E8	0xD00A      	BRA         L_main38
;LAB1.c,174 :: 		case NONE: break;
L_main41:
0x40EA	0xD009      	BRA         L_main38
;LAB1.c,175 :: 		}
L_main37:
0x40EC	0x519F      	MOVF        _LED_State, 0, 1
0x40EE	0x0A00      	XORLW       0
0x40F0	0xE0EC      	BZ          L_main39
0x40F2	0x519F      	MOVF        _LED_State, 0, 1
0x40F4	0x0A01      	XORLW       1
0x40F6	0xE0F1      	BZ          L_main40
0x40F8	0x519F      	MOVF        _LED_State, 0, 1
0x40FA	0x0A02      	XORLW       2
0x40FC	0xE0F6      	BZ          L_main41
L_main38:
;LAB1.c,176 :: 		}
0x40FE	0xD748      	BRA         L_main20
;LAB1.c,177 :: 		}
L_end_main:
0x4100	0xD7FF      	BRA         $+0
; end of _main
0x4290	0xF01AEE10  	LFSR        1, 26
0x4294	0x0E86      	MOVLW       134
0x4296	0x6E00      	MOVWF       R0 
0x4298	0x0E01      	MOVLW       1
0x429A	0x6E01      	MOVWF       R1 
0x429C	0x0E02      	MOVLW       2
0x429E	0x6EF6      	MOVWF       TBLPTR 
0x42A0	0x0E41      	MOVLW       65
0x42A2	0x6EF7      	MOVWF       TBLPTRH 
0x42A4	0x0E00      	MOVLW       0
0x42A6	0x6EF8      	MOVWF       TBLPTRU 
0x42A8	0xF01FEC20  	CALL        15936, 0
0x42AC	0x0012      	RETURN      0
;LAB1.c,0 :: ?ICS?lstr5_LAB1
0x4102	0x4C40 ;?ICS?lstr5_LAB1+0
0x4104	0x656C ;?ICS?lstr5_LAB1+2
0x4106	0x6F5F ;?ICS?lstr5_LAB1+4
0x4108	0x2666 ;?ICS?lstr5_LAB1+6
0x410A	0x00 ;?ICS?lstr5_LAB1+8
; end of ?ICS?lstr5_LAB1
;LAB1.c,0 :: ?ICS?lstr4_LAB1
0x410B	0x6C40 ;?ICS?lstr4_LAB1+0
0x410D	0x5F65 ;?ICS?lstr4_LAB1+2
0x410F	0x666F ;?ICS?lstr4_LAB1+4
0x4111	0x0026 ;?ICS?lstr4_LAB1+6
; end of ?ICS?lstr4_LAB1
;LAB1.c,0 :: ?ICS?lstr3_LAB1
0x4113	0x4C40 ;?ICS?lstr3_LAB1+0
0x4115	0x656C ;?ICS?lstr3_LAB1+2
0x4117	0x6F5F ;?ICS?lstr3_LAB1+4
0x4119	0x266E ;?ICS?lstr3_LAB1+6
0x411B	0x00 ;?ICS?lstr3_LAB1+8
; end of ?ICS?lstr3_LAB1
;LAB1.c,0 :: ?ICS?lstr8_LAB1
0x411C	0x4C40 ;?ICS?lstr8_LAB1+0
0x411E	0x656C ;?ICS?lstr8_LAB1+2
0x4120	0x5F2B ;?ICS?lstr8_LAB1+4
0x4122	0x6E6F ;?ICS?lstr8_LAB1+6
0x4124	0x0026 ;?ICS?lstr8_LAB1+8
; end of ?ICS?lstr8_LAB1
;LAB1.c,0 :: ?ICS?lstr7_LAB1
0x4126	0x4C40 ;?ICS?lstr7_LAB1+0
0x4128	0x656C ;?ICS?lstr7_LAB1+2
0x412A	0x5F2B ;?ICS?lstr7_LAB1+4
0x412C	0x666F ;?ICS?lstr7_LAB1+6
0x412E	0x0026 ;?ICS?lstr7_LAB1+8
; end of ?ICS?lstr7_LAB1
;LAB1.c,0 :: ?ICS?lstr6_LAB1
0x4130	0x6C40 ;?ICS?lstr6_LAB1+0
0x4132	0x2B65 ;?ICS?lstr6_LAB1+2
0x4134	0x6F5F ;?ICS?lstr6_LAB1+4
0x4136	0x266E ;?ICS?lstr6_LAB1+6
0x4138	0x00 ;?ICS?lstr6_LAB1+8
; end of ?ICS?lstr6_LAB1
;LAB1.c,0 :: ?ICS?lstr2_LAB1
0x4139	0x6C40 ;?ICS?lstr2_LAB1+0
0x413B	0x5F65 ;?ICS?lstr2_LAB1+2
0x413D	0x6E6F ;?ICS?lstr2_LAB1+4
0x413F	0x0026 ;?ICS?lstr2_LAB1+6
; end of ?ICS?lstr2_LAB1
;LAB1.c,0 :: ?ICS_countSW
0x4141	0x0000 ;?ICS_countSW+0
; end of ?ICS_countSW
;LAB1.c,0 :: ?ICS_SW_RB0_Pressed
0x4143	0x00 ;?ICS_SW_RB0_Pressed+0
; end of ?ICS_SW_RB0_Pressed
;LAB1.c,0 :: ?ICS_frameComplete
0x4144	0x00 ;?ICS_frameComplete+0
; end of ?ICS_frameComplete
;LAB1.c,0 :: ?ICS?lstr9_LAB1
0x4145	0x6C40 ;?ICS?lstr9_LAB1+0
0x4147	0x2B65 ;?ICS?lstr9_LAB1+2
0x4149	0x6F5F ;?ICS?lstr9_LAB1+4
0x414B	0x2666 ;?ICS?lstr9_LAB1+6
0x414D	0x00 ;?ICS?lstr9_LAB1+8
; end of ?ICS?lstr9_LAB1
;LAB1.c,0 :: ?ICS_receiveIndex
0x414E	0x00 ;?ICS_receiveIndex+0
; end of ?ICS_receiveIndex
;LAB1.c,0 :: ?ICS_State
0x414F	0x00 ;?ICS_State+0
; end of ?ICS_State
;__Lib_Sprintf.c,0 :: ?ICS?lstr1___Lib_Sprintf
0x4150	0x6E28 ;?ICS?lstr1___Lib_Sprintf+0
0x4152	0x6C75 ;?ICS?lstr1___Lib_Sprintf+2
0x4154	0x296C ;?ICS?lstr1___Lib_Sprintf+4
0x4156	0x00 ;?ICS?lstr1___Lib_Sprintf+6
; end of ?ICS?lstr1___Lib_Sprintf
;LAB1.c,0 :: ?ICS?lstr12_LAB1
0x4157	0x4540 ;?ICS?lstr12_LAB1+0
0x4159	0x7272 ;?ICS?lstr12_LAB1+2
0x415B	0x726F ;?ICS?lstr12_LAB1+4
0x415D	0x0026 ;?ICS?lstr12_LAB1+6
; end of ?ICS?lstr12_LAB1
;LAB1.c,0 :: ?ICS?lstr11_LAB1
0x415F	0x4C40 ;?ICS?lstr11_LAB1+0
0x4161	0x656C ;?ICS?lstr11_LAB1+2
0x4163	0x5F2B ;?ICS?lstr11_LAB1+4
0x4165	0x6E6F ;?ICS?lstr11_LAB1+6
0x4167	0x0026 ;?ICS?lstr11_LAB1+8
; end of ?ICS?lstr11_LAB1
;LAB1.c,0 :: ?ICS?lstr10_LAB1
0x4169	0x4C40 ;?ICS?lstr10_LAB1+0
0x416B	0x656C ;?ICS?lstr10_LAB1+2
0x416D	0x5F2B ;?ICS?lstr10_LAB1+4
0x416F	0x666F ;?ICS?lstr10_LAB1+6
0x4171	0x0026 ;?ICS?lstr10_LAB1+8
; end of ?ICS?lstr10_LAB1
;LAB1.c,0 :: ?ICS?lstr14_LAB1
0x4173	0x4C40 ;?ICS?lstr14_LAB1+0
0x4175	0x656C ;?ICS?lstr14_LAB1+2
0x4177	0x5F2B ;?ICS?lstr14_LAB1+4
0x4179	0x666F ;?ICS?lstr14_LAB1+6
0x417B	0x0026 ;?ICS?lstr14_LAB1+8
; end of ?ICS?lstr14_LAB1
;LAB1.c,0 :: ?ICS?lstr13_LAB1
0x417D	0x4C40 ;?ICS?lstr13_LAB1+0
0x417F	0x656C ;?ICS?lstr13_LAB1+2
0x4181	0x5F2B ;?ICS?lstr13_LAB1+4
0x4183	0x6E6F ;?ICS?lstr13_LAB1+6
0x4185	0x0026 ;?ICS?lstr13_LAB1+8
; end of ?ICS?lstr13_LAB1
;LAB1.c,0 :: ?ICS_LED_State
0x4187	0x02 ;?ICS_LED_State+0
; end of ?ICS_LED_State
;__Lib_Sprintf.c,66 :: __Lib_Sprintf__powers_
0x4188	0x0000 ;__Lib_Sprintf__powers_+0
0x418A	0x7F00 ;__Lib_Sprintf__powers_+2
0x418C	0x0000 ;__Lib_Sprintf__powers_+4
0x418E	0x8220 ;__Lib_Sprintf__powers_+6
0x4190	0x0000 ;__Lib_Sprintf__powers_+8
0x4192	0x8548 ;__Lib_Sprintf__powers_+10
0x4194	0x0000 ;__Lib_Sprintf__powers_+12
0x4196	0x887A ;__Lib_Sprintf__powers_+14
0x4198	0x4000 ;__Lib_Sprintf__powers_+16
0x419A	0x8C1C ;__Lib_Sprintf__powers_+18
0x419C	0x5000 ;__Lib_Sprintf__powers_+20
0x419E	0x8F43 ;__Lib_Sprintf__powers_+22
0x41A0	0x2400 ;__Lib_Sprintf__powers_+24
0x41A2	0x9274 ;__Lib_Sprintf__powers_+26
0x41A4	0x9680 ;__Lib_Sprintf__powers_+28
0x41A6	0x9618 ;__Lib_Sprintf__powers_+30
0x41A8	0xBC20 ;__Lib_Sprintf__powers_+32
0x41AA	0x993E ;__Lib_Sprintf__powers_+34
0x41AC	0x6B28 ;__Lib_Sprintf__powers_+36
0x41AE	0x9C6E ;__Lib_Sprintf__powers_+38
0x41B0	0x02F9 ;__Lib_Sprintf__powers_+40
0x41B2	0xA015 ;__Lib_Sprintf__powers_+42
0x41B4	0x78EC ;__Lib_Sprintf__powers_+44
0x41B6	0xC12D ;__Lib_Sprintf__powers_+46
0x41B8	0xF2CA ;__Lib_Sprintf__powers_+48
0x41BA	0xE249 ;__Lib_Sprintf__powers_+50
; end of __Lib_Sprintf__powers_
;__Lib_Sprintf.c,83 :: __Lib_Sprintf__npowers_
0x41BC	0x0000 ;__Lib_Sprintf__npowers_+0
0x41BE	0x7F00 ;__Lib_Sprintf__npowers_+2
0x41C0	0xCCCD ;__Lib_Sprintf__npowers_+4
0x41C2	0x7B4C ;__Lib_Sprintf__npowers_+6
0x41C4	0xD70A ;__Lib_Sprintf__npowers_+8
0x41C6	0x7823 ;__Lib_Sprintf__npowers_+10
0x41C8	0x126F ;__Lib_Sprintf__npowers_+12
0x41CA	0x7503 ;__Lib_Sprintf__npowers_+14
0x41CC	0xB717 ;__Lib_Sprintf__npowers_+16
0x41CE	0x7151 ;__Lib_Sprintf__npowers_+18
0x41D0	0xC5AC ;__Lib_Sprintf__npowers_+20
0x41D2	0x6E27 ;__Lib_Sprintf__npowers_+22
0x41D4	0x37BD ;__Lib_Sprintf__npowers_+24
0x41D6	0x6B06 ;__Lib_Sprintf__npowers_+26
0x41D8	0xBF95 ;__Lib_Sprintf__npowers_+28
0x41DA	0x6756 ;__Lib_Sprintf__npowers_+30
0x41DC	0xCC77 ;__Lib_Sprintf__npowers_+32
0x41DE	0x642B ;__Lib_Sprintf__npowers_+34
0x41E0	0x705F ;__Lib_Sprintf__npowers_+36
0x41E2	0x6109 ;__Lib_Sprintf__npowers_+38
0x41E4	0xE6FF ;__Lib_Sprintf__npowers_+40
0x41E6	0x5D5B ;__Lib_Sprintf__npowers_+42
0x41E8	0xE508 ;__Lib_Sprintf__npowers_+44
0x41EA	0x3C3C ;__Lib_Sprintf__npowers_+46
0x41EC	0x4260 ;__Lib_Sprintf__npowers_+48
0x41EE	0x1B22 ;__Lib_Sprintf__npowers_+50
; end of __Lib_Sprintf__npowers_
;__Lib_Sprintf.c,115 :: __Lib_Sprintf_octpowers
0x41F0	0x0001 ;__Lib_Sprintf_octpowers+0
0x41F2	0x0000 ;__Lib_Sprintf_octpowers+2
0x41F4	0x0008 ;__Lib_Sprintf_octpowers+4
0x41F6	0x0000 ;__Lib_Sprintf_octpowers+6
0x41F8	0x0040 ;__Lib_Sprintf_octpowers+8
0x41FA	0x0000 ;__Lib_Sprintf_octpowers+10
0x41FC	0x0200 ;__Lib_Sprintf_octpowers+12
0x41FE	0x0000 ;__Lib_Sprintf_octpowers+14
0x4200	0x1000 ;__Lib_Sprintf_octpowers+16
0x4202	0x0000 ;__Lib_Sprintf_octpowers+18
0x4204	0x8000 ;__Lib_Sprintf_octpowers+20
0x4206	0x0000 ;__Lib_Sprintf_octpowers+22
0x4208	0x0000 ;__Lib_Sprintf_octpowers+24
0x420A	0x0004 ;__Lib_Sprintf_octpowers+26
0x420C	0x0000 ;__Lib_Sprintf_octpowers+28
0x420E	0x0020 ;__Lib_Sprintf_octpowers+30
0x4210	0x0000 ;__Lib_Sprintf_octpowers+32
0x4212	0x0100 ;__Lib_Sprintf_octpowers+34
0x4214	0x0000 ;__Lib_Sprintf_octpowers+36
0x4216	0x0800 ;__Lib_Sprintf_octpowers+38
0x4218	0x0000 ;__Lib_Sprintf_octpowers+40
0x421A	0x4000 ;__Lib_Sprintf_octpowers+42
0x421C	0x0000 ;__Lib_Sprintf_octpowers+44
0x421E	0x0000 ;__Lib_Sprintf_octpowers+46
; end of __Lib_Sprintf_octpowers
;__Lib_Sprintf.c,104 :: __Lib_Sprintf_dpowers
0x4220	0x0001 ;__Lib_Sprintf_dpowers+0
0x4222	0x0000 ;__Lib_Sprintf_dpowers+2
0x4224	0x000A ;__Lib_Sprintf_dpowers+4
0x4226	0x0000 ;__Lib_Sprintf_dpowers+6
0x4228	0x0064 ;__Lib_Sprintf_dpowers+8
0x422A	0x0000 ;__Lib_Sprintf_dpowers+10
0x422C	0x03E8 ;__Lib_Sprintf_dpowers+12
0x422E	0x0000 ;__Lib_Sprintf_dpowers+14
0x4230	0x2710 ;__Lib_Sprintf_dpowers+16
0x4232	0x0000 ;__Lib_Sprintf_dpowers+18
0x4234	0x86A0 ;__Lib_Sprintf_dpowers+20
0x4236	0x0001 ;__Lib_Sprintf_dpowers+22
0x4238	0x4240 ;__Lib_Sprintf_dpowers+24
0x423A	0x000F ;__Lib_Sprintf_dpowers+26
0x423C	0x9680 ;__Lib_Sprintf_dpowers+28
0x423E	0x0098 ;__Lib_Sprintf_dpowers+30
0x4240	0xE100 ;__Lib_Sprintf_dpowers+32
0x4242	0x05F5 ;__Lib_Sprintf_dpowers+34
0x4244	0xCA00 ;__Lib_Sprintf_dpowers+36
0x4246	0x3B9A ;__Lib_Sprintf_dpowers+38
; end of __Lib_Sprintf_dpowers
;__Lib_Sprintf.c,110 :: __Lib_Sprintf_hexpowers
0x4248	0x0001 ;__Lib_Sprintf_hexpowers+0
0x424A	0x0000 ;__Lib_Sprintf_hexpowers+2
0x424C	0x0010 ;__Lib_Sprintf_hexpowers+4
0x424E	0x0000 ;__Lib_Sprintf_hexpowers+6
0x4250	0x0100 ;__Lib_Sprintf_hexpowers+8
0x4252	0x0000 ;__Lib_Sprintf_hexpowers+10
0x4254	0x1000 ;__Lib_Sprintf_hexpowers+12
0x4256	0x0000 ;__Lib_Sprintf_hexpowers+14
0x4258	0x0000 ;__Lib_Sprintf_hexpowers+16
0x425A	0x0001 ;__Lib_Sprintf_hexpowers+18
0x425C	0x0000 ;__Lib_Sprintf_hexpowers+20
0x425E	0x0010 ;__Lib_Sprintf_hexpowers+22
0x4260	0x0000 ;__Lib_Sprintf_hexpowers+24
0x4262	0x0100 ;__Lib_Sprintf_hexpowers+26
0x4264	0x0000 ;__Lib_Sprintf_hexpowers+28
0x4266	0x1000 ;__Lib_Sprintf_hexpowers+30
; end of __Lib_Sprintf_hexpowers
;__Lib_Sprintf.c,101 :: __Lib_Sprintf_hexs
0x4268	0x3130 ;__Lib_Sprintf_hexs+0
0x426A	0x3332 ;__Lib_Sprintf_hexs+2
0x426C	0x3534 ;__Lib_Sprintf_hexs+4
0x426E	0x3736 ;__Lib_Sprintf_hexs+6
0x4270	0x3938 ;__Lib_Sprintf_hexs+8
0x4272	0x6261 ;__Lib_Sprintf_hexs+10
0x4274	0x6463 ;__Lib_Sprintf_hexs+12
0x4276	0x6665 ;__Lib_Sprintf_hexs+14
0x4278	0x00 ;__Lib_Sprintf_hexs+16
; end of __Lib_Sprintf_hexs
;__Lib_Sprintf.c,100 :: __Lib_Sprintf_hexb
0x4279	0x3130 ;__Lib_Sprintf_hexb+0
0x427B	0x3332 ;__Lib_Sprintf_hexb+2
0x427D	0x3534 ;__Lib_Sprintf_hexb+4
0x427F	0x3736 ;__Lib_Sprintf_hexb+6
0x4281	0x3938 ;__Lib_Sprintf_hexb+8
0x4283	0x4241 ;__Lib_Sprintf_hexb+10
0x4285	0x4443 ;__Lib_Sprintf_hexb+12
0x4287	0x4645 ;__Lib_Sprintf_hexb+14
0x4289	0x00 ;__Lib_Sprintf_hexb+16
; end of __Lib_Sprintf_hexb
;LAB1.c,0 :: ?lstr_1_LAB1
0x428A	0x5340 ;?lstr_1_LAB1+0
0x428C	0x6425 ;?lstr_1_LAB1+2
0x428E	0x0026 ;?lstr_1_LAB1+4
; end of ?lstr_1_LAB1
Symbol List:
//** Routines locations **
//ADDRESS    SIZE    PROCEDURE
//----------------------------------------------
0x0008     [290]    _interrupt
0x012A      [24]    _SETFOV32
0x0142       [8]    _FIXSIGN32
0x014A      [26]    _SETFUN32
0x0164      [14]    _RES032
0x0172     [482]    _NRM4032
0x0354     [158]    _Div_8X8_S
0x03F2      [30]    _Div_8X8_U
0x0410    [1056]    _Add_32x32_FP
0x0830     [292]    _Mul_32x32_FP
0x0954      [88]    _Div_16x16_S_L
0x09AC      [14]    _UART1_Write
0x09BA       [8]    _SETFDZ32
0x09C2      [28]    _SETIOV3224
0x09DE     [748]    _Div_32x32_U
0x0CCA     [206]    _Compare_Double
0x0D98       [8]    _Sub_32x32_FP
0x0DA0     [762]    __Lib_Sprintf_fround
0x109A      [10]    _UART1_Data_Ready
0x10A4      [18]    _UART1_Read
0x10B6      [10]    _UART1_Tx_Idle
0x10C0     [198]    _Div_16x16_S
0x1186    [1468]    __Lib_Sprintf_scale
0x1742      [46]    _Equals_Double
0x1770      [80]    _Mul_16X16_U
0x17C0      [24]    _isdigit
0x17D8      [38]    _longword2double
0x17FE      [24]    _____DoIFC
0x1816     [306]    _double2longint
0x1948     [380]    _Div_32x32_FP
0x1AC4     [312]    _double2longword
0x1BFC      [24]    _UART_Write
0x1C14    [8582]    __doprntf
0x3D9A      [14]    _UART_Read
0x3DA8      [74]    _sprintf
0x3DF2      [78]    _strcpy
0x3E40      [16]    ___CC2DW
0x3E50      [54]    _ioInit
0x3E86      [88]    _UART1_Init
0x3EDE      [54]    _UART_Write_Text
0x3F14      [76]    _strcmp
0x3F60     [418]    _main
//** Variables locations ** 
//ADDRESS    SIZE    VARIABLE
//----------------------------------------------
0x0000       [1]    R0
0x0000       [1]    UART1_Init_tmp_L0
0x0001       [1]    R1
0x0001       [1]    ispunct_rslt_L0
0x0001       [1]    UART1_Read___tmp_UART1_Read_L0
0x0002       [1]    R2
0x0002       [2]    memchr_s_L0
0x0002       [2]    strlen_cp_L0
0x0002       [2]    memcpy_dd_L0
0x0002       [2]    memset_pp_L0
0x0003       [2]    memmove_tt_L0
0x0003       [1]    R3
0x0004       [2]    memcpy_ss_L0
0x0004       [2]    strncat_cp_L0
0x0004       [2]    strncpy_cp_L0
0x0004       [2]    strcat_cp_L0
0x0004       [2]    strcpy_cp_L0
0x0004       [1]    R4
0x0005       [2]    memmove_ff_L0
0x0005       [1]    R5
0x0006       [1]    R6
0x0007       [1]    R7
0x0008       [1]    R8
0x0009       [1]    R9
0x000A       [1]    R10
0x000B       [1]    R11
0x000C       [1]    R12
0x000D       [1]    R13
0x000E       [1]    R14
0x000F       [1]    R15
0x0010       [1]    R16
0x0011       [1]    R17
0x0012       [1]    R18
0x0013       [1]    R19
0x0014       [1]    R20
0x001A       [9]    ?lstr5_LAB1
0x0023       [8]    ?lstr4_LAB1
0x002B       [9]    ?lstr3_LAB1
0x0034      [10]    ?lstr8_LAB1
0x003E      [10]    ?lstr7_LAB1
0x0048       [9]    ?lstr6_LAB1
0x0051       [8]    ?lstr2_LAB1
0x0059       [2]    _countSW
0x005B       [1]    _SW_RB0_Pressed
0x005C       [1]    _frameComplete
0x005D       [9]    ?lstr9_LAB1
0x0066       [1]    _receiveIndex
0x0067       [1]    _State
0x0068       [7]    ?lstr1___Lib_Sprintf
0x006F       [8]    ?lstr12_LAB1
0x0077      [10]    ?lstr11_LAB1
0x0081      [10]    ?lstr10_LAB1
0x008B      [10]    ?lstr14_LAB1
0x0095      [10]    ?lstr13_LAB1
0x009F       [1]    _LED_State
0x00A0      [13]    _transmitData
0x00AD      [13]    _receiveData
0x00BA      [13]    _frameLocal
0x00C7       [4]    _UART_Rdy_Ptr
0x00CB       [4]    _UART_Rd_Ptr
0x00CF       [4]    _UART_Wr_Ptr
0x00D3       [4]    _UART_Tx_Idle_Ptr
0x00D7       [2]    FARG_UART_Write_Text_uart_text
0x00D7       [2]    FARG_strcmp_s1
0x00D7       [2]    FARG_strcpy_to
0x00D7       [2]    FARG_sprintf_wh
0x00D9       [2]    FARG_strcmp_s2
0x00D9       [2]    FARG_strcpy_from
0x00D9       [3]    FARG_sprintf_f
0x00D9       [1]    UART_Write_Text_data__L0
0x00DA       [1]    UART_Write_Text_counter_L0
0x00DC       [2]    FARG_sprintf_var_argh2
0x00DE       [2]    sprintf_cnt_L0
0x00E0       [2]    sprintf_ap_L0
0x00E2       [2]    FARG__doprntf_pb
0x00E2       [1]    FARG_UART_Write__data
0x00E4       [3]    FARG__doprntf_f
0x00E7       [2]    FARG__doprntf_ap
0x00E9       [1]    ?FLOC____doprntfT369
0x00EA       [1]    ?FLOC____doprntfT387
0x00EB       [1]    ?FLOC____doprntfT514
0x00EC       [1]    ?FLOC____doprntfT532
0x00ED       [1]    ?FLOC____doprntfT672
0x00EE       [1]    ?FLOC____doprntfT683
0x00EF       [1]    ?FLOC____doprntfT697
0x00F0       [1]    ?FLOC____doprntfT712
0x00F1       [2]    _doprntf_prec_L0
0x00F3       [1]    _doprntf_c_L0
0x00F4       [2]    _doprntf_width_L0
0x00F6       [2]    _doprntf_flag_L0
0x00F8       [4]    _doprntf_fval_L0
0x00FC       [2]    _doprntf_exp_L0
0x00FE       [4]    _doprntf__val_L0
0x0102       [2]    _doprntf_ccnt_L0
0x0104       [6]    FLOC___doprntf
0x010A       [1]    FARG_isdigit_character
0x010A       [1]    FARG___Lib_Sprintf_scale_scl
0x010A       [1]    FARG___Lib_Sprintf_fround_prec
0x010B       [4]    FLOC___Lib_Sprintf_fround
0x010B       [4]    FLOC___Lib_Sprintf_scale
0x010F       [1]    FARG_UART1_Write_data_
0x0110       [1]    interrupt_c_L1
0x0F81       [1]    PORTB
0x0F84       [1]    PORTE
0x0F8D       [1]    LATE
0x0F93       [1]    TRISB
0x0F94       [0]    TRISC6_bit
0x0F94       [0]    TRISC7_bit
0x0F96       [1]    TRISE
0x0F9D       [1]    PIE1
0x0F9E       [1]    PIR1
0x0FAB       [1]    RCSTA
0x0FAC       [1]    TXSTA
0x0FAD       [1]    TXREG
0x0FAE       [1]    RCREG
0x0FAF       [1]    SPBRG
0x0FB0       [1]    SPBRGH
0x0FB4       [1]    CMCON
0x0FB8       [1]    BAUDCON
0x0FC1       [1]    ADCON1
0x0FD8       [1]    STATUS
0x0FD9       [1]    FSR2L
0x0FDA       [1]    FSR2H
0x0FDE       [1]    POSTINC2
0x0FE0       [1]    BSR
0x0FE1       [1]    FSR1L
0x0FE1       [2]    FSR1
0x0FE2       [1]    FSR1H
0x0FE4       [1]    PREINC1
0x0FE6       [1]    POSTINC1
0x0FE7       [1]    INDF1
0x0FE8       [1]    WREG
0x0FE9       [1]    FSR0L
0x0FEA       [1]    FSR0H
0x0FEE       [1]    POSTINC0
0x0FF0       [1]    INTCON3
0x0FF1       [1]    INTCON2
0x0FF2       [1]    INTCON
0x0FF3       [1]    PRODL
0x0FF4       [1]    PRODH
0x0FF5       [1]    TABLAT
0x0FF6       [3]    TBLPTR
0x0FF6       [1]    TBLPTRL
0x0FF7       [1]    TBLPTRH
0x0FF8       [1]    TBLPTRU
0x0FFD       [1]    TOSL
0x0FFE       [1]    TOSH
0x0FFF       [1]    TOSU
//** Constants locations ** 
//ADDRESS    SIZE    CONSTANT
//----------------------------------------------
0x4102       [9]    ?ICS?lstr5_LAB1
0x410B       [8]    ?ICS?lstr4_LAB1
0x4113       [9]    ?ICS?lstr3_LAB1
0x411C      [10]    ?ICS?lstr8_LAB1
0x4126      [10]    ?ICS?lstr7_LAB1
0x4130       [9]    ?ICS?lstr6_LAB1
0x4139       [8]    ?ICS?lstr2_LAB1
0x4141       [2]    ?ICS_countSW
0x4143       [1]    ?ICS_SW_RB0_Pressed
0x4144       [1]    ?ICS_frameComplete
0x4145       [9]    ?ICS?lstr9_LAB1
0x414E       [1]    ?ICS_receiveIndex
0x414F       [1]    ?ICS_State
0x4150       [7]    ?ICS?lstr1___Lib_Sprintf
0x4157       [8]    ?ICS?lstr12_LAB1
0x415F      [10]    ?ICS?lstr11_LAB1
0x4169      [10]    ?ICS?lstr10_LAB1
0x4173      [10]    ?ICS?lstr14_LAB1
0x417D      [10]    ?ICS?lstr13_LAB1
0x4187       [1]    ?ICS_LED_State
0x4188      [52]    __Lib_Sprintf__powers_
0x41BC      [52]    __Lib_Sprintf__npowers_
0x41F0      [48]    __Lib_Sprintf_octpowers
0x4220      [40]    __Lib_Sprintf_dpowers
0x4248      [32]    __Lib_Sprintf_hexpowers
0x4268      [17]    __Lib_Sprintf_hexs
0x4279      [17]    __Lib_Sprintf_hexb
0x428A       [6]    ?lstr_1_LAB1
